Order ID,Product Name,Category,Sub-Category,Sales,Quantity,Discount,Profit,Shipping Cost,Customer Name,Customer Segment,Region,State,Order Date,Ship Date
ORD-100000,Belkin USB Hub,Technology,Accessories,489.47,2,0.1,45.56,13.65,Lisa Graves,Corporate,East,Maryland,2021-08-17,2021-08-18
ORD-100001,Ergon Chair,Furniture,Chairs,387.72,7,0.0,68.3,26.66,Lisa Graves,Corporate,West,Colorado,2021-07-11,2021-07-14
ORD-100002,Ricoh Aficio,Technology,Copiers,372.54,2,0.0,62.7,13.06,Douglas Rodriguez,Consumer,Central,Texas,2021-01-14,2021-01-19
ORD-100003,AT-A-GLANCE Planner,Office Supplies,Supplies,140.53,10,0.4,-8.66,15.57,Andrew Salazar,Consumer,East,Massachusetts,2022-12-06,2022-12-10
ORD-100004,Anker Charger,Technology,Accessories,334.88,7,0.0,69.36,26.86,Jermaine Wolf,Consumer,East,Virginia,2022-01-29,2022-02-02
ORD-100005,Sauder Bookcase,Furniture,Bookcases,254.39,8,0.0,19.52,34.8,Penny Wilson,Corporate,West,Arizona,2023-01-18,2023-01-20
ORD-100006,Xerox Multi-Use Paper,Office Supplies,Paper,97.74,2,0.0,12.15,30.41,Leslie Lynch,Consumer,East,Virginia,2022-03-26,2022-03-30
ORD-100007,Advantus Ring Binder,Furniture,Furnishings,103.01,9,0.0,7.4,20.84,Jason Harrison,Consumer,Central,Texas,2022-10-07,2022-10-10
ORD-100008,Staedtler Pens,Office Supplies,Art,57.59,3,0.2,4.36,25.54,Jose Hogan,Corporate,South,Florida,2023-03-29,2023-04-01
ORD-100009,Bush Coat Rack,Furniture,Furnishings,201.04,2,0.2,-26.26,21.52,Jack Miranda,Home Office,Central,Minnesota,2023-05-15,2023-05-19
ORD-100010,Realspace Bookcase,Furniture,Bookcases,485.88,9,0.3,-73.51,26.43,Elizabeth Landry,Consumer,West,Nevada,2022-07-01,2022-07-06
ORD-100011,Belkin USB Hub,Technology,Accessories,420.8,1,0.1,12.1,24.61,Brian Williams,Consumer,Central,Missouri,2021-08-06,2021-08-11
ORD-100012,Staples Standard Staples,Office Supplies,Fasteners,72.58,2,0.2,4.76,26.48,Robert Harris,Home Office,East,Pennsylvania,2021-08-18,2021-08-24
ORD-100013,Sharp MX,Technology,Copiers,225.84,4,0.4,-27.38,27.91,Mary Meza,Corporate,West,Oregon,2023-12-27,2024-01-01
ORD-100014,Realspace Bookcase,Furniture,Bookcases,237.92,6,0.0,20.32,22.71,Dr. Darren Mcneil,Consumer,South,Florida,2022-02-16,2022-02-20
ORD-100015,Xerox Multi-Use Paper,Office Supplies,Paper,70.75,9,0.0,22.12,22.48,Carol Wilson,Home Office,East,New York,2022-03-28,2022-03-29
ORD-100016,Acco Staple Remover,Office Supplies,Supplies,89.57,2,0.2,0.64,14.36,Patrick Hardin,Consumer,South,Mississippi,2022-03-15,2022-03-19
ORD-100017,Avery Heavy Duty Binder,Office Supplies,Binders,116.32,4,0.0,18.49,19.81,Laura Martin,Consumer,South,Louisiana,2023-04-22,2023-04-25
ORD-100018,Logitech Keyboard,Technology,Accessories,443.42,2,0.0,36.37,38.85,Kerry Jackson,Home Office,South,Mississippi,2021-10-15,2021-10-18
ORD-100019,Avery File Folder Labels,Office Supplies,Labels,47.5,1,0.0,10.92,4.01,Barbara Barber,Consumer,South,Tennessee,2021-01-31,2021-02-06
ORD-100020,Fiskars Scissors,Office Supplies,Supplies,113.63,8,0.0,25.97,13.28,Theresa Estrada,Home Office,South,Louisiana,2023-03-11,2023-03-14
ORD-100021,Sauder Bookcase,Furniture,Bookcases,296.12,3,0.0,25.15,22.63,Brian Williams,Consumer,East,Connecticut,2021-04-30,2021-05-04
ORD-100022,Jabra Headset,Technology,Accessories,173.44,10,0.0,24.98,24.22,Rebecca Walker,Consumer,East,Connecticut,2022-01-16,2022-01-18
ORD-100023,Brother Fax Machine,Technology,Machines,336.3,8,0.0,78.31,30.03,James Smith,Consumer,Central,Michigan,2023-12-07,2023-12-10
ORD-100024,Avery Heavy Duty Binder,Office Supplies,Binders,101.0,2,0.4,-19.0,15.0,Rachel Wright,Consumer,West,Arizona,2021-05-29,2021-05-30
ORD-100025,Prepac Bookcase,Furniture,Bookcases,348.89,2,0.4,-83.47,13.6,James Smith,Home Office,East,Maryland,2021-11-20,2021-11-23
ORD-100026,BIC Cristal Pens,Office Supplies,Art,68.34,4,0.2,6.19,27.4,Jessica Dodson,Consumer,Central,Minnesota,2021-08-25,2021-08-30
ORD-100027,Hammermill Copy Paper,Office Supplies,Paper,122.99,6,0.3,3.27,22.66,Eric Chandler,Consumer,South,Mississippi,2023-11-02,2023-11-05
ORD-100028,Bush Coat Rack,Furniture,Furnishings,209.29,9,0.0,17.69,17.15,Timothy Ford,Consumer,East,New York,2022-06-21,2022-06-23
ORD-100029,Canon Printer,Technology,Machines,463.0,6,0.3,-5.2,36.13,Leslie Powell,Corporate,Central,Texas,2021-10-31,2021-11-03
ORD-100030,Avery File Folder Labels,Office Supplies,Labels,74.67,7,0.3,-2.19,27.82,Cindy Parker,Consumer,West,Nevada,2023-04-13,2023-04-20
ORD-100031,Avery Flexi-View,Office Supplies,Binders,54.6,8,0.0,8.75,26.25,Alyssa Cook,Consumer,East,Virginia,2022-05-24,2022-05-27
ORD-100032,Fellowes Storage Case,Office Supplies,Storage,116.0,6,0.2,14.83,16.11,Joanna Ruiz,Consumer,Central,Missouri,2022-04-12,2022-04-15
ORD-100033,Brother Fax Machine,Technology,Machines,398.48,6,0.2,27.96,19.44,Donna Jones,Consumer,Central,Illinois,2022-11-10,2022-11-16
ORD-100034,3M Post-it Flags,Office Supplies,Labels,101.57,9,0.2,2.82,30.42,Matthew Jones,Consumer,East,Maryland,2023-11-14,2023-11-16
ORD-100035,HP LaserJet,Technology,Machines,467.82,9,0.0,120.18,23.38,James Smith,Home Office,Central,Wisconsin,2022-02-08,2022-02-11
ORD-100036,Hon 10500 Table,Furniture,Tables,305.7,10,0.1,30.03,20.08,Amy Reyes,Corporate,South,Louisiana,2023-04-05,2023-04-09
ORD-100037,Zebra Label Printer,Technology,Machines,29.16,8,0.3,-0.55,29.5,Rebecca Taylor,Corporate,South,Tennessee,2021-01-01,2021-01-04
ORD-100038,Canon Printer,Technology,Machines,423.93,3,0.0,69.97,18.09,James Patel,Consumer,West,Colorado,2021-12-14,2021-12-18
ORD-100039,Quartet Calendar,Office Supplies,Supplies,92.94,7,0.0,11.21,22.57,Tina Williams,Corporate,West,Colorado,2023-09-01,2023-09-05
ORD-100040,Avery Flexi-View,Office Supplies,Binders,82.97,8,0.0,19.73,11.39,Patrick Brown,Home Office,West,Washington,2021-01-12,2021-01-17
ORD-100041,Tyvek Mailer,Office Supplies,Envelopes,137.29,3,0.2,4.68,18.56,Joshua Bush,Home Office,South,Mississippi,2021-09-06,2021-09-09
ORD-100042,Stanley Staple Gun,Office Supplies,Fasteners,64.13,2,0.2,2.24,10.61,Joseph Smith,Consumer,South,Louisiana,2022-06-15,2022-06-20
ORD-100043,Bestar Folding Table,Furniture,Tables,419.85,2,0.1,15.3,20.33,Chad Sheppard,Corporate,West,Nevada,2022-11-19,2022-11-22
ORD-100044,Konica Minolta,Technology,Copiers,325.24,7,0.1,40.87,34.96,Bridget Kirby,Home Office,East,Virginia,2023-08-13,2023-08-16
ORD-100045,Eldon Mobile,Office Supplies,Storage,93.11,8,0.0,24.99,13.94,Holly Smith,Consumer,West,Nevada,2022-09-04,2022-09-09
ORD-100046,Staedtler Pens,Office Supplies,Art,67.53,2,0.2,2.95,8.01,Andrew Medina,Corporate,East,Massachusetts,2023-04-09,2023-04-13
ORD-100047,Brother Fax Machine,Technology,Machines,347.26,5,0.3,-46.25,32.41,Jerome Walker,Consumer,South,North Carolina,2023-08-04,2023-08-06
ORD-100048,Steelcase Leap,Furniture,Chairs,345.53,1,0.4,-71.51,15.29,Rebecca Walker,Consumer,West,Colorado,2022-06-01,2022-06-06
ORD-100049,Xerox WorkCentre,Technology,Copiers,410.82,3,0.2,3.4,37.24,David Marshall,Corporate,West,Nevada,2021-02-11,2021-02-15
ORD-100050,Canon Printer,Technology,Machines,183.54,7,0.4,-29.56,12.03,Timothy Wiggins,Corporate,East,New Jersey,2021-08-23,2021-08-28
ORD-100051,Ibico MB,Office Supplies,Binders,79.03,2,0.1,7.89,13.79,Donald Morales,Corporate,East,New Jersey,2022-05-13,2022-05-15
ORD-100052,Zebra Label Printer,Technology,Machines,384.19,5,0.2,15.45,35.51,Michelle Smith,Consumer,West,Nevada,2023-05-11,2023-05-16
ORD-100053,Acco Binder Clips,Office Supplies,Fasteners,150.36,8,0.0,34.39,18.55,Joanna Ruiz,Home Office,West,Utah,2023-09-18,2023-09-21
ORD-100054,Bush Furniture Bookcase,Furniture,Bookcases,340.91,6,0.0,32.82,25.91,Adam Page,Consumer,South,Georgia,2023-02-16,2023-02-19
ORD-100055,Ikea BEKANT Desk,Furniture,Tables,79.75,4,0.2,-4.89,22.03,Theresa Estrada,Consumer,West,Colorado,2022-07-20,2022-07-24
ORD-100056,Brother Fax Machine,Technology,Machines,419.64,6,0.1,93.65,25.73,Kyle Washington,Consumer,South,Louisiana,2023-10-03,2023-10-06
ORD-100057,Realspace Bookcase,Furniture,Bookcases,286.92,4,0.0,33.02,28.8,Kevin Wagner,Consumer,Central,Ohio,2023-05-22,2023-05-29
ORD-100058,Stanley Staple Gun,Office Supplies,Fasteners,88.89,4,0.0,14.36,12.94,Mary Fernandez,Home Office,Central,Illinois,2022-01-15,2022-01-17
ORD-100059,Nokia 5310,Technology,Phones,592.85,2,0.4,-60.71,30.36,Travis Allen,Home Office,Central,Wisconsin,2023-12-30,2024-01-01
ORD-100060,Steelcase Leap,Furniture,Chairs,404.92,8,0.0,22.08,28.09,Barbara Barber,Home Office,South,Florida,2023-08-20,2023-08-23
ORD-100061,Advantus Binder Clips,Office Supplies,Fasteners,134.89,10,0.1,9.43,22.4,Cheryl Banks,Corporate,West,California,2021-04-20,2021-04-22
ORD-100062,Stanley Staple Gun,Office Supplies,Fasteners,108.78,10,0.5,-7.67,7.85,William Smith,Corporate,South,North Carolina,2023-12-07,2023-12-10
ORD-100063,Samsung Galaxy S22,Technology,Phones,251.51,1,0.1,18.03,26.64,Wanda Yang,Corporate,West,Washington,2022-03-02,2022-03-06
ORD-100064,Zebra Label Printer,Technology,Machines,425.94,10,0.2,-2.2,36.73,Mary Martin,Consumer,East,Maryland,2023-08-21,2023-08-24
ORD-100065,Anker Charger,Technology,Accessories,161.89,10,0.2,3.79,21.61,Gregory Simmons,Consumer,West,California,2023-05-21,2023-05-23
ORD-100066,Realspace Bookcase,Furniture,Bookcases,182.52,2,0.1,7.97,30.66,Abigail Berger,Corporate,Central,Minnesota,2022-08-15,2022-08-18
ORD-100067,HP Wireless Mouse,Technology,Accessories,262.89,10,0.0,67.69,28.68,Leslie Lynch,Corporate,East,Virginia,2022-10-23,2022-10-27
ORD-100068,Bush Furniture Bookcase,Furniture,Bookcases,216.01,8,0.0,18.12,16.32,Jeffrey Golden,Home Office,South,Louisiana,2023-08-22,2023-08-26
ORD-100069,Rubbermaid Cabinet,Furniture,Furnishings,407.62,8,0.0,15.68,17.97,Jeffery Rogers,Corporate,South,Mississippi,2021-08-03,2021-08-08
ORD-100070,Ergon Chair,Furniture,Chairs,337.3,6,0.2,1.81,23.21,Patrick Brown,Consumer,South,Tennessee,2021-08-26,2021-09-02
ORD-100071,Anker Charger,Technology,Accessories,152.8,10,0.3,-7.76,25.22,Samantha Atkins,Consumer,South,Louisiana,2023-06-25,2023-06-30
ORD-100072,Global Leather Chair,Furniture,Chairs,341.19,8,0.4,-61.72,17.7,Shawn Martinez,Home Office,East,Massachusetts,2022-09-29,2022-10-03
ORD-100073,Advantus Ring Binder,Furniture,Furnishings,161.57,10,0.1,-7.44,29.97,Nathan Jennings,Consumer,South,Alabama,2022-07-14,2022-07-17
ORD-100074,Fellowes Storage Case,Office Supplies,Storage,106.7,10,0.1,16.52,22.95,Rebecca Rubio,Consumer,Central,Missouri,2021-05-23,2021-05-26
ORD-100075,Prepac Bookcase,Furniture,Bookcases,340.06,4,0.1,12.69,16.11,Timothy Best,Home Office,South,Tennessee,2021-11-01,2021-11-04
ORD-100076,Deflect-o Stackable,Office Supplies,Storage,68.24,9,0.5,-11.49,13.33,Sandra Dean,Home Office,West,Nevada,2023-04-22,2023-04-23
ORD-100077,Eldon Shelf,Furniture,Furnishings,345.17,2,0.1,-5.43,36.07,Karen Dawson,Home Office,West,Nevada,2021-07-25,2021-07-30
ORD-100078,Steelcase Leap,Furniture,Chairs,533.89,9,0.0,66.04,15.53,Dominique Salinas,Corporate,South,North Carolina,2022-11-25,2022-11-29
ORD-100079,Sterilite Storage Box,Office Supplies,Storage,51.88,1,0.0,13.12,25.53,James Smith,Consumer,East,Massachusetts,2022-08-12,2022-08-19
ORD-100080,Lorell Glass Table,Furniture,Tables,193.04,3,0.0,26.9,23.32,Daniel Abbott,Corporate,South,Alabama,2022-08-24,2022-08-27
ORD-100081,Belkin USB Hub,Technology,Accessories,595.38,1,0.4,-107.78,27.47,Ashley Johnson,Consumer,South,Louisiana,2023-02-23,2023-02-27
ORD-100082,Ricoh Aficio,Technology,Copiers,564.14,8,0.3,-22.21,19.66,Michele Hess,Home Office,Central,Wisconsin,2022-08-13,2022-08-17
ORD-100083,Sharp MX,Technology,Copiers,541.53,1,0.5,-67.78,31.6,Mary Fernandez,Consumer,Central,Minnesota,2023-02-27,2023-03-04
ORD-100084,Navigator Paper,Office Supplies,Paper,82.15,4,0.2,1.83,14.16,Theresa Brown,Home Office,South,Mississippi,2022-07-17,2022-07-18
ORD-100085,Sanford Markers,Office Supplies,Art,61.54,10,0.0,11.03,7.78,Jeremiah Smith,Corporate,East,New Jersey,2022-01-25,2022-01-29
ORD-100086,Bestar Folding Table,Furniture,Tables,300.75,3,0.0,35.21,31.28,Christopher Gibbs,Corporate,Central,Minnesota,2022-08-28,2022-08-31
ORD-100087,Canon Printer,Technology,Machines,454.27,7,0.5,-81.15,33.81,Joseph Lopez,Consumer,South,Florida,2023-09-14,2023-09-20
ORD-100088,Prepac Bookcase,Furniture,Bookcases,311.56,10,0.0,53.8,26.47,Elizabeth Landry,Consumer,East,Massachusetts,2023-01-20,2023-01-22
ORD-100089,Nokia 5310,Technology,Phones,367.65,8,0.4,-1.47,18.51,Dr. Darren Mcneil,Consumer,Central,Minnesota,2023-01-31,2023-02-02
ORD-100090,Motorola Edge,Technology,Phones,510.11,3,0.0,69.96,23.22,Jessica Hill,Consumer,South,Florida,2023-04-17,2023-04-19
ORD-100091,Sterilite Storage Box,Office Supplies,Storage,55.73,1,0.2,4.69,9.98,Lisa Joyce,Consumer,South,Alabama,2023-05-09,2023-05-13
ORD-100092,Wilson Jones Binder,Office Supplies,Binders,82.85,2,0.4,-5.33,26.91,Nathan Jennings,Consumer,Central,Illinois,2023-06-30,2023-07-06
ORD-100093,Hammermill Copy Paper,Office Supplies,Paper,105.14,4,0.0,22.75,25.76,Jacqueline Yang,Home Office,Central,Texas,2021-07-07,2021-07-11
ORD-100094,3M Post-it Flags,Office Supplies,Labels,62.9,5,0.3,-6.02,8.16,Eric Chandler,Home Office,West,Utah,2022-03-01,2022-03-05
ORD-100095,Avery Heavy Duty Binder,Office Supplies,Binders,75.71,10,0.0,19.9,9.22,Jennifer Browning,Consumer,West,California,2021-09-24,2021-09-28
ORD-100096,Hon 4070 Chair,Furniture,Chairs,335.69,10,0.0,12.66,23.32,John Gomez,Corporate,South,Tennessee,2021-04-18,2021-04-20
ORD-100097,OIC Binder Clips,Office Supplies,Fasteners,95.54,7,0.2,7.57,18.15,Barbara Barber,Home Office,East,New York,2021-03-30,2021-04-03
ORD-100098,Logitech Keyboard,Technology,Accessories,268.58,9,0.2,7.44,18.66,Trevor Martinez,Corporate,West,Oregon,2023-06-28,2023-06-30
ORD-100099,Eldon Shelf,Furniture,Furnishings,316.99,4,0.1,-11.78,33.32,Stephen Curtis,Corporate,East,Virginia,2023-12-23,2023-12-26
ORD-100100,Eldon Shelf,Furniture,Furnishings,352.93,6,0.5,-95.98,28.6,Ashley Johnson,Consumer,Central,Michigan,2023-04-28,2023-05-01
ORD-100101,Avery Flexi-View,Office Supplies,Binders,124.66,9,0.0,33.99,31.32,Michele Moore,Corporate,East,Maryland,2023-08-30,2023-09-01
ORD-100102,Eldon Shelf,Furniture,Furnishings,144.68,10,0.1,-3.89,10.07,Nicole Jimenez,Consumer,Central,Minnesota,2022-11-07,2022-11-11
ORD-100103,Canon Printer,Technology,Machines,492.41,9,0.5,-95.68,34.95,Mary Lambert,Consumer,Central,Minnesota,2023-09-15,2023-09-18
ORD-100104,Advantus Binder Clips,Office Supplies,Fasteners,106.48,6,0.0,43.94,10.03,Joseph Thomas,Corporate,West,Oregon,2021-02-23,2021-02-27
ORD-100105,Ikea BEKANT Desk,Furniture,Tables,378.51,7,0.1,29.06,14.82,Timothy Wiggins,Corporate,East,Maryland,2021-10-21,2021-10-25
ORD-100106,Avery Heavy Duty Binder,Office Supplies,Binders,120.53,2,0.0,30.44,23.28,Jasmine Anderson,Corporate,West,Washington,2022-10-01,2022-10-05
ORD-100107,Lorell Glass Table,Furniture,Tables,272.17,10,0.1,15.77,26.46,Patrick Dixon,Consumer,East,New Jersey,2023-09-22,2023-09-26
ORD-100108,Hammermill Copy Paper,Office Supplies,Paper,65.27,5,0.0,13.59,7.54,Joseph Rodriguez,Home Office,West,Oregon,2021-04-04,2021-04-07
ORD-100109,Sharp MX,Technology,Copiers,332.34,2,0.0,61.18,29.68,Beth Baker,Corporate,West,Arizona,2023-10-16,2023-10-20
ORD-100110,Mead Envelopes,Office Supplies,Envelopes,164.07,5,0.0,20.78,6.84,Cheryl Banks,Consumer,South,Alabama,2023-06-13,2023-06-14
ORD-100111,Fiskars Scissors,Office Supplies,Supplies,111.96,7,0.1,6.65,19.39,William Clark,Home Office,East,Massachusetts,2022-10-28,2022-10-30
ORD-100112,3M Post-it Flags,Office Supplies,Labels,74.9,9,0.1,14.56,28.96,Melissa Newton,Corporate,West,California,2023-03-22,2023-03-27
ORD-100113,Dixon Ticonderoga Pencils,Office Supplies,Art,92.06,10,0.0,15.29,25.34,Danny Dodson,Consumer,East,Pennsylvania,2022-12-17,2022-12-20
ORD-100114,Quartet Calendar,Office Supplies,Supplies,67.11,10,0.0,17.04,30.56,Jacqueline Yang,Home Office,South,Louisiana,2021-06-04,2021-06-06
ORD-100115,Ricoh Aficio,Technology,Copiers,293.14,2,0.0,55.94,21.06,Dr. Kevin Martin,Consumer,Central,Minnesota,2022-10-10,2022-10-12
ORD-100116,Nokia 5310,Technology,Phones,417.29,8,0.4,-72.02,26.78,Ronald Ramsey,Corporate,South,Tennessee,2021-04-27,2021-04-30
ORD-100117,Ikea BEKANT Desk,Furniture,Tables,567.27,2,0.1,29.33,19.0,Jessica Dodson,Home Office,South,Florida,2022-01-21,2022-01-24
ORD-100118,BIC Cristal Pens,Office Supplies,Art,25.2,10,0.0,5.78,20.54,Carla Chen,Consumer,Central,Ohio,2022-05-23,2022-05-27
ORD-100119,Ricoh Aficio,Technology,Copiers,304.11,6,0.0,67.7,27.0,Timothy Ford,Home Office,Central,Wisconsin,2022-11-17,2022-11-19
ORD-100120,Rubbermaid Tote,Office Supplies,Storage,64.64,3,0.2,3.51,26.67,Laurie Smith,Corporate,East,New Jersey,2022-12-18,2022-12-21
ORD-100121,Kraft Envelopes,Office Supplies,Envelopes,106.16,6,0.4,-6.02,18.25,Chad Sheppard,Consumer,Central,Ohio,2023-12-15,2023-12-17
ORD-100122,Canon Printer,Technology,Machines,217.95,10,0.0,35.59,11.74,Jennifer Montgomery,Consumer,East,Maryland,2022-04-09,2022-04-16
ORD-100123,Brother Fax Machine,Technology,Machines,334.01,4,0.1,22.49,18.04,Edward Murphy,Consumer,South,Alabama,2021-12-06,2021-12-10
ORD-100124,Konica Minolta,Technology,Copiers,692.47,7,0.5,-138.32,38.91,Jeremy Cervantes,Consumer,Central,Missouri,2023-08-19,2023-08-25
ORD-100125,Ricoh Aficio,Technology,Copiers,208.26,5,0.0,47.04,11.49,Samantha West,Home Office,East,Maryland,2021-10-11,2021-10-16
ORD-100126,Xerox WorkCentre,Technology,Copiers,749.54,1,0.1,113.65,28.7,Rachel Wright,Consumer,West,Utah,2023-07-10,2023-07-16
ORD-100127,Staples Standard Envelopes,Office Supplies,Envelopes,41.38,3,0.0,8.1,11.57,Ronald Ingram,Home Office,East,New Jersey,2023-02-05,2023-02-08
ORD-100128,Konica Minolta,Technology,Copiers,612.71,3,0.1,39.59,34.89,Jamie Pierce,Consumer,East,New York,2023-08-26,2023-08-30
ORD-100129,3M Post-it Flags,Office Supplies,Labels,104.2,2,0.0,26.96,29.52,Tommy Patterson,Consumer,East,New York,2023-12-17,2023-12-20
ORD-100130,Safco Round Table,Furniture,Tables,198.77,10,0.1,3.38,24.91,James Gomez,Corporate,South,Florida,2021-02-03,2021-02-07
ORD-100131,Humanscale Chair,Furniture,Chairs,98.95,5,0.2,-11.01,14.62,Jose Jones,Corporate,South,Florida,2021-06-25,2021-06-29
ORD-100132,Ibico MB,Office Supplies,Binders,81.92,6,0.3,-6.75,9.37,Lisa Graves,Consumer,Central,Texas,2021-05-19,2021-05-22
ORD-100133,Bestar Folding Table,Furniture,Tables,505.89,1,0.0,14.41,14.3,Tommy Patterson,Corporate,East,Maryland,2023-08-10,2023-08-17
ORD-100134,Prepac Bookcase,Furniture,Bookcases,257.19,1,0.3,-34.33,13.3,Kelsey Martin,Corporate,South,Mississippi,2022-02-13,2022-02-18
ORD-100135,Epson Scanner,Technology,Machines,640.6,8,0.4,-135.67,26.25,Ebony Adams,Consumer,East,Virginia,2023-01-02,2023-01-07
ORD-100136,Sauder Bookcase,Furniture,Bookcases,449.58,9,0.0,45.19,14.76,Daniel Abbott,Consumer,South,Florida,2022-01-18,2022-01-21
ORD-100137,Advantus Ring Binder,Furniture,Furnishings,192.22,10,0.5,-53.22,14.26,Ryan Vasquez,Consumer,South,North Carolina,2022-11-03,2022-11-07
ORD-100138,Mead Envelopes,Office Supplies,Envelopes,96.37,1,0.0,18.31,11.3,Abigail Berger,Consumer,West,California,2021-04-28,2021-04-30
ORD-100139,Navigator Paper,Office Supplies,Paper,92.23,6,0.1,11.14,6.92,Donald Morales,Consumer,West,Colorado,2023-01-21,2023-01-24
ORD-100140,Bush Furniture Bookcase,Furniture,Bookcases,323.62,9,0.0,43.08,24.64,Casey Liu,Corporate,East,New York,2021-10-09,2021-10-13
ORD-100141,Avery Shipping Labels,Office Supplies,Labels,140.75,4,0.0,22.25,28.84,Travis Allen,Home Office,Central,Wisconsin,2022-06-21,2022-06-26
ORD-100142,Wilson Jones Binder,Office Supplies,Binders,158.26,5,0.4,-31.27,29.15,Jerry Curtis,Consumer,Central,Wisconsin,2023-07-15,2023-07-17
ORD-100143,Global Leather Chair,Furniture,Chairs,291.79,6,0.1,14.42,18.8,Andrew Medina,Corporate,West,Washington,2021-12-23,2021-12-28
ORD-100144,Zebra Label Printer,Technology,Machines,454.96,10,0.0,67.73,38.35,Jacqueline Fisher,Consumer,South,Alabama,2021-09-23,2021-09-27
ORD-100145,Staples Standard Envelopes,Office Supplies,Envelopes,83.34,9,0.4,-10.39,6.16,Matthew Compton,Home Office,West,Utah,2021-06-01,2021-06-04
ORD-100146,Safco Round Table,Furniture,Tables,239.28,5,0.3,-23.33,14.55,Patrick Brown,Home Office,West,Oregon,2021-09-12,2021-09-16
ORD-100147,Ergon Chair,Furniture,Chairs,352.84,3,0.2,-33.39,29.51,Shawn Martinez,Home Office,West,Arizona,2022-07-17,2022-07-19
ORD-100148,Hon 4070 Chair,Furniture,Chairs,417.95,4,0.3,-52.09,22.61,Mary Martin,Corporate,East,Maryland,2022-11-23,2022-11-28
ORD-100149,Acco Binder Clips,Office Supplies,Fasteners,116.01,5,0.1,19.89,23.91,Randy Terry,Home Office,South,Georgia,2021-03-04,2021-03-07
ORD-100150,Safco Round Table,Furniture,Tables,210.52,6,0.5,-69.05,10.74,Jonathan Baker,Home Office,West,Oregon,2021-11-20,2021-11-23
ORD-100151,Jabra Headset,Technology,Accessories,529.57,2,0.0,111.48,39.12,Charles Avila,Consumer,East,New Jersey,2023-01-29,2023-02-02
ORD-100152,BIC Cristal Pens,Office Supplies,Art,89.33,9,0.1,13.03,28.52,Casey Liu,Corporate,Central,Texas,2023-05-07,2023-05-10
ORD-100153,Acco Staple Remover,Office Supplies,Supplies,130.89,5,0.1,14.45,29.44,Jasmine Anderson,Consumer,West,Arizona,2023-10-16,2023-10-17
ORD-100154,Google Pixel 7,Technology,Phones,497.54,6,0.0,84.53,14.33,Kayla Nichols,Corporate,West,Oregon,2023-08-22,2023-08-25
ORD-100155,Sharp MX,Technology,Copiers,375.17,3,0.5,-61.93,21.14,Brittany Joyce,Corporate,South,Mississippi,2022-02-03,2022-02-06
ORD-100156,Bestar Folding Table,Furniture,Tables,409.05,3,0.2,-7.9,32.89,Isaac Riley DVM,Consumer,South,Alabama,2022-11-26,2022-11-30
ORD-100157,BIC Cristal Pens,Office Supplies,Art,131.78,10,0.0,29.13,28.0,James Smith,Consumer,Central,Texas,2023-11-30,2023-12-03
ORD-100158,Eldon Shelf,Furniture,Furnishings,391.83,10,0.0,33.1,35.1,Cheryl Banks,Corporate,Central,Ohio,2023-12-27,2023-12-30
ORD-100159,Logitech Keyboard,Technology,Accessories,461.87,3,0.3,-30.72,18.78,Jerome Walker,Corporate,South,Georgia,2021-02-24,2021-02-28
ORD-100160,Advantus Ring Binder,Furniture,Furnishings,321.64,10,0.4,-61.19,33.0,William Robinson,Consumer,South,Louisiana,2021-08-14,2021-08-16
ORD-100161,Realspace Bookcase,Furniture,Bookcases,211.81,9,0.0,43.34,16.8,Taylor Johnson,Home Office,South,North Carolina,2021-05-08,2021-05-12
ORD-100162,Anker Charger,Technology,Accessories,249.04,5,0.2,-10.14,26.62,Rebecca Rubio,Home Office,Central,Texas,2022-06-26,2022-06-30
ORD-100163,IKEA KALLAX,Furniture,Bookcases,448.97,7,0.3,-45.08,37.75,Jerome Walker,Corporate,East,Connecticut,2023-09-29,2023-10-02
ORD-100164,Motorola Edge,Technology,Phones,509.86,4,0.0,107.79,27.74,Vincent Mcdonald,Consumer,South,Louisiana,2021-10-27,2021-10-30
ORD-100165,Avery File Folder Labels,Office Supplies,Labels,89.61,4,0.0,15.69,15.95,Joseph Lopez,Home Office,East,Maryland,2022-07-11,2022-07-13
ORD-100166,Navigator Paper,Office Supplies,Paper,92.43,8,0.2,2.42,25.26,Tiffany Lloyd,Corporate,West,Nevada,2023-08-26,2023-08-28
ORD-100167,Ibico MB,Office Supplies,Binders,121.2,3,0.1,16.08,28.04,Isaac Riley DVM,Corporate,West,Arizona,2022-08-12,2022-08-15
ORD-100168,Advantus Ring Binder,Furniture,Furnishings,210.94,10,0.0,17.7,33.76,Courtney Gardner,Consumer,Central,Illinois,2021-03-16,2021-03-23
ORD-100169,Acco Staple Remover,Office Supplies,Supplies,103.21,6,0.0,19.8,17.45,Bianca Melton,Consumer,South,North Carolina,2022-08-06,2022-08-09
ORD-100170,Epson Scanner,Technology,Machines,278.44,7,0.1,31.24,10.91,Randy Terry,Corporate,West,Washington,2022-06-11,2022-06-15
ORD-100171,Brother Fax Machine,Technology,Machines,449.19,5,0.5,-110.21,20.14,Joshua Bush,Consumer,East,New Jersey,2021-07-15,2021-07-17
ORD-100172,Ikea BEKANT Desk,Furniture,Tables,253.48,9,0.4,-52.82,32.04,Randy Terry,Consumer,East,Massachusetts,2021-01-24,2021-01-27
ORD-100173,Acco Binder Clips,Office Supplies,Fasteners,43.66,3,0.1,3.04,30.57,Patricia Welch,Home Office,West,Washington,2022-09-29,2022-10-03
ORD-100174,Bush Coat Rack,Furniture,Furnishings,223.79,9,0.1,2.09,26.48,Jennifer Wright,Consumer,West,Utah,2023-02-05,2023-02-08
ORD-100175,HP Wireless Mouse,Technology,Accessories,459.75,8,0.0,116.67,17.74,Matthew Jones,Consumer,West,Washington,2021-06-09,2021-06-15
ORD-100176,Humanscale Chair,Furniture,Chairs,412.92,1,0.1,4.96,29.42,Taylor Barry,Consumer,West,Arizona,2023-09-29,2023-10-01
ORD-100177,Global Leather Chair,Furniture,Chairs,307.72,9,0.5,-107.74,34.39,Dr. Darren Mcneil,Consumer,East,New York,2022-09-24,2022-09-28
ORD-100178,Realspace Bookcase,Furniture,Bookcases,307.78,6,0.5,-96.78,19.48,Erica Scott,Consumer,West,Utah,2021-05-22,2021-05-29
ORD-100179,BIC Cristal Pens,Office Supplies,Art,100.33,9,0.0,17.92,31.43,Yvonne Wilson,Home Office,East,Pennsylvania,2023-02-13,2023-02-16
ORD-100180,AT-A-GLANCE Planner,Office Supplies,Supplies,106.62,4,0.1,23.1,9.32,Brandon Marsh,Consumer,South,Alabama,2021-01-08,2021-01-13
ORD-100181,Avery Heavy Duty Binder,Office Supplies,Binders,86.52,4,0.0,20.77,7.45,Angel Dickerson,Corporate,South,Alabama,2022-01-22,2022-01-28
ORD-100182,Xerox Multi-Use Paper,Office Supplies,Paper,112.08,4,0.3,-4.49,26.2,Jessica Scott,Consumer,East,Massachusetts,2021-03-10,2021-03-13
ORD-100183,HP LaserJet,Technology,Machines,445.85,9,0.0,80.53,20.03,Edward Clark,Consumer,Central,Texas,2021-10-14,2021-10-18
ORD-100184,Hon 10500 Table,Furniture,Tables,321.72,9,0.0,19.74,20.68,Christina Smith,Home Office,South,Florida,2021-05-05,2021-05-09
ORD-100185,Canon imageRUNNER,Technology,Copiers,413.92,8,0.4,-47.64,26.46,Edward Clark,Home Office,West,Oregon,2021-11-02,2021-11-05
ORD-100186,Anker Charger,Technology,Accessories,642.18,6,0.0,146.39,35.41,Alison Taylor,Corporate,West,Oregon,2023-05-04,2023-05-08
ORD-100187,Hon 4070 Chair,Furniture,Chairs,568.38,4,0.1,-10.44,37.84,Suzanne West,Corporate,West,Utah,2022-01-26,2022-01-28
ORD-100188,Avery File Folder Labels,Office Supplies,Labels,117.91,4,0.2,8.16,24.36,Vincent Mcdonald,Home Office,East,Maryland,2022-11-13,2022-11-16
ORD-100189,Realspace Bookcase,Furniture,Bookcases,572.78,5,0.0,34.13,38.29,Gregory Simmons,Corporate,South,Alabama,2023-03-24,2023-03-30
ORD-100190,Fiskars Scissors,Office Supplies,Supplies,63.13,10,0.3,-3.15,24.28,Susan Hamilton,Consumer,West,Oregon,2023-08-13,2023-08-15
ORD-100191,Fellowes Storage Case,Office Supplies,Storage,22.04,10,0.3,-1.02,16.92,Jerome Walker,Consumer,West,Washington,2021-02-03,2021-02-06
ORD-100192,Quartet Calendar,Office Supplies,Supplies,65.71,3,0.2,4.44,17.5,Carla Park,Corporate,West,Colorado,2022-11-23,2022-11-26
ORD-100193,Avery Heavy Duty Binder,Office Supplies,Binders,100.94,2,0.2,15.53,5.27,Lisa Christensen,Consumer,East,Massachusetts,2021-05-01,2021-05-05
ORD-100194,Konica Minolta,Technology,Copiers,562.07,1,0.0,84.96,33.74,Robert Foster,Corporate,East,New York,2023-11-02,2023-11-05
ORD-100195,Rubbermaid Tote,Office Supplies,Storage,61.25,4,0.2,5.18,11.04,James Gomez,Corporate,East,New York,2022-08-11,2022-08-12
ORD-100196,Realspace Bookcase,Furniture,Bookcases,151.57,5,0.2,4.79,28.92,Joseph Lopez,Consumer,South,Alabama,2022-12-27,2022-12-30
ORD-100197,Eldon Shelf,Furniture,Furnishings,451.53,7,0.2,-37.68,20.97,Casey Liu,Consumer,East,Maryland,2021-03-06,2021-03-08
ORD-100198,Avery File Folder Labels,Office Supplies,Labels,35.18,5,0.4,-1.14,18.92,Katherine Evans,Consumer,South,North Carolina,2021-07-15,2021-07-20
ORD-100199,Xerox Multi-Use Paper,Office Supplies,Paper,86.33,2,0.0,24.34,19.95,Jared Clark,Home Office,West,Utah,2021-03-09,2021-03-11
ORD-100200,Advantus Ring Binder,Furniture,Furnishings,118.67,1,0.0,8.31,11.64,Dennis Mason,Corporate,East,Connecticut,2023-03-08,2023-03-12
ORD-100201,Fellowes Storage Case,Office Supplies,Storage,90.17,8,0.0,20.05,19.74,Alison Taylor,Consumer,East,Maryland,2021-06-05,2021-06-08
ORD-100202,Sterilite Storage Box,Office Supplies,Storage,75.6,2,0.0,18.99,14.77,Melissa Jenkins,Consumer,Central,Missouri,2023-02-08,2023-02-11
ORD-100203,Hon 4070 Chair,Furniture,Chairs,181.89,2,0.0,16.89,11.7,Michael Smith,Consumer,East,New Jersey,2021-11-12,2021-11-16
ORD-100204,Hon 4070 Chair,Furniture,Chairs,324.44,7,0.0,40.79,20.66,James Wong,Corporate,East,New Jersey,2023-07-09,2023-07-13
ORD-100205,Lorell Glass Table,Furniture,Tables,395.39,5,0.0,17.31,24.22,Keith Lewis,Consumer,West,Colorado,2021-06-23,2021-06-27
ORD-100206,Zebra Label Printer,Technology,Machines,164.54,8,0.1,26.97,11.57,Sandra Torres,Consumer,East,New Jersey,2021-05-10,2021-05-12
ORD-100207,Ricoh Aficio,Technology,Copiers,463.17,6,0.1,28.98,34.5,Joseph Smith,Home Office,South,Mississippi,2021-08-08,2021-08-10
ORD-100208,Maco Labels,Office Supplies,Labels,139.64,5,0.2,9.19,22.88,Jonathan Baker,Home Office,Central,Texas,2021-10-06,2021-10-09
ORD-100209,Ricoh Aficio,Technology,Copiers,598.69,3,0.2,13.99,29.83,Lisa Graves,Consumer,East,Connecticut,2022-05-12,2022-05-15
ORD-100210,Canon Printer,Technology,Machines,739.72,4,0.0,198.07,21.96,Ashley Johnston,Consumer,South,Louisiana,2023-08-04,2023-08-10
ORD-100211,Sharp MX,Technology,Copiers,370.17,9,0.0,84.61,36.55,Scott Gomez,Corporate,South,Alabama,2023-05-17,2023-05-22
ORD-100212,Brother Fax Machine,Technology,Machines,513.26,6,0.5,-77.79,24.89,Ebony Adams,Home Office,East,Connecticut,2021-06-24,2021-06-26
ORD-100213,Jabra Headset,Technology,Accessories,255.61,3,0.0,54.78,8.78,William Robinson,Consumer,Central,Michigan,2021-01-22,2021-01-24
ORD-100214,Avery Heavy Duty Binder,Office Supplies,Binders,123.87,4,0.1,6.45,14.88,Janet King,Consumer,West,Oregon,2021-08-03,2021-08-06
ORD-100215,Kraft Envelopes,Office Supplies,Envelopes,52.14,1,0.3,-6.36,21.54,Melissa Newton,Home Office,Central,Illinois,2021-07-19,2021-07-22
ORD-100216,Staedtler Pens,Office Supplies,Art,81.38,4,0.3,1.29,21.63,Dennis Schaefer,Corporate,West,Oregon,2021-12-03,2021-12-09
ORD-100217,Ergon Chair,Furniture,Chairs,490.28,1,0.2,-27.6,18.36,Kelly May,Corporate,West,Nevada,2022-01-17,2022-01-21
ORD-100218,BIC Cristal Pens,Office Supplies,Art,142.12,8,0.1,10.09,23.1,Elizabeth Landry,Consumer,Central,Texas,2021-05-09,2021-05-13
ORD-100219,IKEA KALLAX,Furniture,Bookcases,105.59,10,0.1,1.82,23.26,Rebecca Rubio,Consumer,South,Alabama,2023-03-07,2023-03-11
ORD-100220,Safco Round Table,Furniture,Tables,356.09,10,0.0,35.03,15.14,Joseph Rodriguez,Consumer,West,Arizona,2022-10-04,2022-10-06
ORD-100221,Bestar Folding Table,Furniture,Tables,61.91,6,0.5,-18.85,17.32,Anthony Conley,Consumer,Central,Missouri,2021-12-21,2021-12-25
ORD-100222,Quartet Calendar,Office Supplies,Supplies,48.26,8,0.0,12.23,19.23,Sheryl Wright,Corporate,South,Tennessee,2022-02-04,2022-02-09
ORD-100223,Brother Fax Machine,Technology,Machines,468.66,9,0.1,24.84,27.84,Tina Williams,Corporate,South,Alabama,2022-03-28,2022-03-31
ORD-100224,Mead Envelopes,Office Supplies,Envelopes,73.56,4,0.5,-17.14,7.24,Lisa Graves,Corporate,East,Virginia,2022-07-03,2022-07-08
ORD-100225,Fiskars Scissors,Office Supplies,Supplies,87.99,2,0.3,2.44,11.16,Abigail Berger,Home Office,Central,Missouri,2022-05-22,2022-05-25
ORD-100226,Rubbermaid Tote,Office Supplies,Storage,58.46,1,0.1,9.66,18.54,Jessica Smith,Consumer,West,Utah,2022-12-20,2022-12-25
ORD-100227,Stanley Staple Gun,Office Supplies,Fasteners,73.03,3,0.5,-16.04,25.67,Patrick Hardin,Corporate,Central,Missouri,2021-12-11,2021-12-14
ORD-100228,Dixon Ticonderoga Pencils,Office Supplies,Art,86.58,7,0.1,7.64,20.32,Sandra Torres,Corporate,West,Washington,2021-05-02,2021-05-09
ORD-100229,Hon 4070 Chair,Furniture,Chairs,243.56,8,0.5,-87.66,16.71,David Marshall,Corporate,South,Alabama,2022-07-05,2022-07-09
ORD-100230,Avery Flexi-View,Office Supplies,Binders,152.87,7,0.0,33.9,17.66,Rodney Bentley,Consumer,Central,Missouri,2021-01-06,2021-01-11
ORD-100231,IKEA KALLAX,Furniture,Bookcases,226.03,1,0.0,25.02,24.43,Jessica Dodson,Home Office,West,Arizona,2022-03-10,2022-03-13
ORD-100232,Expo Dry Erase,Office Supplies,Art,86.41,4,0.5,-16.51,29.28,Mary Lambert,Home Office,South,Florida,2023-07-31,2023-08-01
ORD-100233,Advantus Binder Clips,Office Supplies,Fasteners,109.65,1,0.0,28.28,13.44,Gabriel Marshall,Consumer,Central,Ohio,2022-09-11,2022-09-13
ORD-100234,Apple iPhone 14,Technology,Phones,325.12,9,0.2,-2.86,9.75,Joseph Lopez,Consumer,West,Nevada,2022-04-25,2022-04-28
ORD-100235,Rubbermaid Tote,Office Supplies,Storage,81.2,2,0.0,8.52,14.55,Adam White,Consumer,South,Florida,2022-12-05,2022-12-10
ORD-100236,Dixon Ticonderoga Pencils,Office Supplies,Art,41.51,8,0.0,11.97,9.58,Gabriel Marshall,Corporate,East,Connecticut,2022-09-05,2022-09-07
ORD-100237,Acco Staple Remover,Office Supplies,Supplies,142.64,10,0.2,6.78,15.34,Samantha West,Consumer,East,New York,2021-11-07,2021-11-13
ORD-100238,Canon Printer,Technology,Machines,502.25,1,0.3,-22.32,30.82,Patrick Dixon,Corporate,West,Arizona,2023-05-30,2023-06-02
ORD-100239,Maco Labels,Office Supplies,Labels,188.52,8,0.0,52.03,13.28,Samantha Hendrix,Consumer,Central,Wisconsin,2022-09-10,2022-09-13
ORD-100240,Jiffy Mailer,Office Supplies,Envelopes,85.91,7,0.0,14.8,23.16,Kimberly Ryan,Home Office,West,Nevada,2021-05-26,2021-05-30
ORD-100241,Navigator Paper,Office Supplies,Paper,38.59,1,0.4,-3.47,14.52,Rebecca Walker,Consumer,East,New York,2023-08-23,2023-08-29
ORD-100242,Lorell Mirror,Furniture,Furnishings,219.24,10,0.0,6.33,9.64,Jessica Hill,Corporate,South,Florida,2022-08-10,2022-08-14
ORD-100243,HP Wireless Mouse,Technology,Accessories,306.55,5,0.2,-10.45,28.84,Dean Ortiz,Corporate,Central,Michigan,2021-06-11,2021-06-15
ORD-100244,Xerox WorkCentre,Technology,Copiers,679.94,3,0.0,152.36,35.71,Joseph Thomas,Corporate,South,Alabama,2022-05-04,2022-05-06
ORD-100245,Staples Standard Staples,Office Supplies,Fasteners,89.74,2,0.3,4.85,5.59,Leslie Lynch,Corporate,Central,Texas,2021-01-24,2021-01-26
ORD-100246,Google Pixel 7,Technology,Phones,422.38,10,0.0,57.84,15.69,Casey Liu,Consumer,South,Alabama,2023-05-30,2023-06-02
ORD-100247,Cardinal Binder,Office Supplies,Binders,138.74,4,0.0,34.26,15.6,Aaron Martinez,Home Office,East,New York,2021-07-30,2021-08-04
ORD-100248,Navigator Paper,Office Supplies,Paper,56.81,6,0.0,11.96,6.24,Cheryl Banks,Consumer,South,Georgia,2021-11-04,2021-11-06
ORD-100249,Xerox Multi-Use Paper,Office Supplies,Paper,61.98,7,0.0,9.35,16.8,Susan Hamilton,Corporate,West,Utah,2023-02-03,2023-02-05
ORD-100250,Ergon Chair,Furniture,Chairs,421.14,10,0.3,-18.75,31.39,Kimberly Byrd,Consumer,South,Florida,2022-08-02,2022-08-07
ORD-100251,Advantus Ring Binder,Furniture,Furnishings,142.17,1,0.0,18.22,15.2,Jacqueline Fisher,Consumer,West,Washington,2022-05-12,2022-05-15
ORD-100252,Ricoh Aficio,Technology,Copiers,305.9,7,0.1,23.14,10.74,Jennifer Browning,Corporate,East,Pennsylvania,2021-01-20,2021-01-26
ORD-100253,HP Wireless Mouse,Technology,Accessories,315.22,2,0.1,17.9,22.95,Tommy Patterson,Home Office,South,Louisiana,2021-10-19,2021-10-23
ORD-100254,Advantus Ring Binder,Furniture,Furnishings,315.82,7,0.2,-32.07,29.17,David Barrett,Consumer,West,Oregon,2023-03-19,2023-03-21
ORD-100255,Belkin USB Hub,Technology,Accessories,453.27,8,0.0,80.45,15.33,Alison Taylor,Consumer,East,Pennsylvania,2022-10-14,2022-10-17
ORD-100256,Zebra Label Printer,Technology,Machines,371.77,5,0.3,-39.18,29.25,Wanda Yang,Consumer,Central,Missouri,2023-01-04,2023-01-10
ORD-100257,Sanford Markers,Office Supplies,Art,71.54,5,0.0,18.44,31.18,Jasmine Anderson,Consumer,West,Oregon,2021-03-24,2021-03-27
ORD-100258,Avery Address Labels,Office Supplies,Labels,106.03,2,0.0,18.14,27.54,Keith Lewis,Home Office,South,Florida,2021-03-05,2021-03-11
ORD-100259,Kraft Envelopes,Office Supplies,Envelopes,93.18,4,0.4,-5.82,16.84,Dean Ortiz,Consumer,Central,Missouri,2022-04-01,2022-04-03
ORD-100260,Kraft Envelopes,Office Supplies,Envelopes,36.58,7,0.3,0.26,14.4,Matthew Molina,Consumer,East,Massachusetts,2021-09-21,2021-09-23
ORD-100261,Bush Furniture Bookcase,Furniture,Bookcases,230.49,1,0.2,-7.25,24.27,Timothy Ford,Consumer,West,Oregon,2021-03-02,2021-03-05
ORD-100262,Memorex Tape,Office Supplies,Supplies,65.58,4,0.2,-1.98,25.84,Scott Gomez,Consumer,East,New Jersey,2022-08-28,2022-08-31
ORD-100263,Staples Copy Paper,Office Supplies,Paper,37.92,6,0.4,-3.7,17.32,William Robbins,Corporate,Central,Michigan,2022-05-26,2022-05-30
ORD-100264,Logitech Keyboard,Technology,Accessories,451.56,9,0.0,60.86,27.8,Christian Walker,Home Office,Central,Illinois,2023-03-07,2023-03-10
ORD-100265,Anker Charger,Technology,Accessories,512.17,10,0.3,-73.28,34.77,Michelle Bell,Home Office,East,Virginia,2022-04-22,2022-04-29
ORD-100266,Dixon Ticonderoga Pencils,Office Supplies,Art,87.89,10,0.0,14.01,23.67,Jason Pineda,Consumer,West,Arizona,2022-12-28,2023-01-03
ORD-100267,Sharp MX,Technology,Copiers,305.71,1,0.0,55.75,15.02,Jeffrey Golden,Consumer,Central,Texas,2021-10-19,2021-10-23
ORD-100268,Bestar Folding Table,Furniture,Tables,206.75,1,0.0,16.7,22.97,Kimberly Garrett,Consumer,Central,Wisconsin,2023-12-15,2023-12-18
ORD-100269,Kraft Envelopes,Office Supplies,Envelopes,122.2,10,0.0,23.36,13.59,Nicole Gomez,Home Office,Central,Wisconsin,2021-10-18,2021-10-23
ORD-100270,Deflect-o Stackable,Office Supplies,Storage,116.74,10,0.3,-8.93,11.36,Jason Harrison,Corporate,Central,Texas,2021-10-07,2021-10-14
ORD-100271,Staples Standard Staples,Office Supplies,Fasteners,106.95,7,0.3,5.57,25.95,Matthew Molina,Consumer,West,Colorado,2021-12-26,2021-12-29
ORD-100272,Lorell Glass Table,Furniture,Tables,13.4,4,0.0,0.81,11.9,Mark Hansen,Consumer,East,Massachusetts,2021-03-08,2021-03-10
ORD-100273,Tyvek Mailer,Office Supplies,Envelopes,108.47,6,0.0,22.76,8.09,Aaron Little,Consumer,East,New Jersey,2021-07-01,2021-07-06
ORD-100274,Advantus Ring Binder,Furniture,Furnishings,354.54,9,0.0,24.75,32.47,Michelle Hansen MD,Home Office,South,Tennessee,2021-01-03,2021-01-04
ORD-100275,Motorola Edge,Technology,Phones,423.85,2,0.0,72.99,35.45,Nicole Jimenez,Consumer,East,New Jersey,2022-04-07,2022-04-09
ORD-100276,Steelcase Leap,Furniture,Chairs,450.13,10,0.4,-93.3,16.24,Gabriel Marshall,Consumer,South,Louisiana,2021-11-26,2021-11-30
ORD-100277,Eldon Mobile,Office Supplies,Storage,100.8,2,0.0,20.1,20.45,Jennifer Browning,Consumer,Central,Wisconsin,2021-07-27,2021-07-30
ORD-100278,Eldon Shelf,Furniture,Furnishings,251.49,4,0.0,19.71,13.62,Vincent Mcdonald,Corporate,Central,Missouri,2023-10-03,2023-10-05
ORD-100279,Steelcase Leap,Furniture,Chairs,357.33,2,0.2,-28.96,20.61,Mary Martin,Consumer,South,Tennessee,2022-08-21,2022-08-28
ORD-100280,Eldon Shelf,Furniture,Furnishings,344.77,5,0.1,42.67,13.98,Joseph Lopez,Consumer,Central,Michigan,2023-01-30,2023-02-04
ORD-100281,Bush Coat Rack,Furniture,Furnishings,414.53,9,0.1,1.53,25.75,Dr. David Hoover,Consumer,West,Arizona,2021-07-18,2021-07-20
ORD-100282,Canon Printer,Technology,Machines,602.19,10,0.4,-96.59,36.66,Taylor Sims,Corporate,South,Mississippi,2023-08-31,2023-09-04
ORD-100283,Dixon Ticonderoga Pencils,Office Supplies,Art,24.78,7,0.0,4.2,21.94,Ronald Ramsey,Consumer,West,Utah,2021-10-29,2021-10-31
ORD-100284,Acco Binder Clips,Office Supplies,Fasteners,30.13,9,0.0,6.1,11.06,Jared Clark,Consumer,East,New York,2022-02-18,2022-02-25
ORD-100285,Xerox WorkCentre,Technology,Copiers,412.95,2,0.4,-23.2,26.45,Stephen Reyes,Consumer,South,Georgia,2023-07-28,2023-08-03
ORD-100286,Tyvek Mailer,Office Supplies,Envelopes,100.46,10,0.1,12.96,9.66,Cory Pitts,Corporate,Central,Michigan,2021-07-26,2021-07-31
ORD-100287,Sterilite Storage Box,Office Supplies,Storage,116.54,8,0.4,-24.54,29.55,Jasmine Anderson,Corporate,South,North Carolina,2023-04-06,2023-04-08
ORD-100288,Acco Binder Clips,Office Supplies,Fasteners,97.54,4,0.0,25.22,31.25,Amanda Garcia,Corporate,South,Mississippi,2021-02-11,2021-02-14
ORD-100289,Bush Coat Rack,Furniture,Furnishings,132.57,8,0.3,-10.98,29.07,Jason Clark,Consumer,East,Pennsylvania,2023-06-27,2023-07-02
ORD-100290,HP LaserJet,Technology,Machines,464.16,10,0.0,73.91,17.49,Kara Davis,Corporate,South,Georgia,2021-04-26,2021-04-30
ORD-100291,Xerox WorkCentre,Technology,Copiers,511.25,8,0.1,109.17,30.38,David Marshall,Consumer,Central,Wisconsin,2022-02-16,2022-02-21
ORD-100292,Sharp MX,Technology,Copiers,439.1,10,0.1,49.36,21.08,Colton Lee,Home Office,South,Georgia,2021-09-11,2021-09-15
ORD-100293,Advantus Binder Clips,Office Supplies,Fasteners,75.3,4,0.3,-4.71,21.99,Cory Pitts,Consumer,South,Florida,2022-06-14,2022-06-18
ORD-100294,Hon 4070 Chair,Furniture,Chairs,409.64,4,0.0,23.43,32.93,Kimberly Kelley,Corporate,South,Georgia,2022-02-28,2022-03-03
ORD-100295,OIC Binder Clips,Office Supplies,Fasteners,92.29,4,0.1,10.72,23.13,Kelsey Martin,Consumer,South,Mississippi,2022-09-18,2022-09-22
ORD-100296,HP LaserJet,Technology,Machines,486.64,2,0.0,95.71,20.2,Crystal Williams DVM,Corporate,Central,Ohio,2023-03-25,2023-03-29
ORD-100297,Brother Fax Machine,Technology,Machines,576.01,10,0.1,42.91,23.15,David Hernandez,Corporate,West,Arizona,2022-10-28,2022-11-02
ORD-100298,Acco Binder Clips,Office Supplies,Fasteners,81.36,10,0.2,0.9,20.07,Jeffery Rogers,Consumer,South,Tennessee,2021-10-14,2021-10-18
ORD-100299,Fiskars Scissors,Office Supplies,Supplies,75.78,3,0.0,18.1,17.23,Melissa Thompson,Consumer,Central,Missouri,2022-01-24,2022-01-27
ORD-100300,Safco Round Table,Furniture,Tables,400.84,7,0.3,-74.6,19.96,Gregory Simmons,Consumer,East,Pennsylvania,2022-06-14,2022-06-18
ORD-100301,Humanscale Chair,Furniture,Chairs,414.35,10,0.0,69.52,35.3,Kyle Washington,Corporate,East,Virginia,2022-06-18,2022-06-22
ORD-100302,OIC Binder Clips,Office Supplies,Fasteners,103.23,4,0.0,32.4,31.72,Joseph Rodriguez,Home Office,East,Virginia,2023-10-22,2023-10-24
ORD-100303,Sanford Markers,Office Supplies,Art,65.24,6,0.2,-0.15,4.43,Joel Simmons,Corporate,South,North Carolina,2023-07-27,2023-07-29
ORD-100304,Expo Dry Erase,Office Supplies,Art,33.08,7,0.1,7.11,16.55,Mary Lambert,Corporate,East,Pennsylvania,2022-07-15,2022-07-18
ORD-100305,Canon Printer,Technology,Machines,514.7,1,0.2,8.86,30.21,Nathan Jennings,Home Office,Central,Missouri,2021-01-10,2021-01-11
ORD-100306,Staples Standard Staples,Office Supplies,Fasteners,98.96,3,0.0,16.2,6.21,Melanie Hall,Corporate,East,Massachusetts,2022-05-25,2022-05-28
ORD-100307,Realspace Bookcase,Furniture,Bookcases,603.49,6,0.3,-80.59,19.52,Eric Hood,Home Office,West,Oregon,2022-08-19,2022-08-22
ORD-100308,Belkin USB Hub,Technology,Accessories,427.5,6,0.2,24.06,32.94,Samantha West,Corporate,East,Connecticut,2023-04-07,2023-04-08
ORD-100309,Nokia 5310,Technology,Phones,486.96,1,0.2,15.19,23.99,Lori Levine,Consumer,East,Maryland,2023-02-08,2023-02-13
ORD-100310,Belkin USB Hub,Technology,Accessories,283.52,9,0.0,57.72,25.02,Jermaine Wolf,Consumer,East,New Jersey,2023-02-18,2023-02-20
ORD-100311,Wilson Jones Binder,Office Supplies,Binders,150.22,10,0.0,43.15,13.11,James Patel,Consumer,East,Virginia,2021-10-08,2021-10-11
ORD-100312,Rubbermaid Cabinet,Furniture,Furnishings,501.18,8,0.0,37.31,13.1,Allison Wells,Corporate,West,California,2023-12-08,2023-12-15
ORD-100313,Acco Staple Remover,Office Supplies,Supplies,58.33,5,0.2,3.13,16.5,Jermaine Wolf,Corporate,East,Virginia,2021-07-02,2021-07-08
ORD-100314,Logitech Keyboard,Technology,Accessories,418.92,7,0.2,31.3,13.94,Meghan Martin,Home Office,Central,Ohio,2022-08-30,2022-09-02
ORD-100315,Anker Charger,Technology,Accessories,139.21,2,0.0,35.7,15.04,Leslie Lynch,Home Office,Central,Michigan,2021-04-04,2021-04-05
ORD-100316,OIC Binder Clips,Office Supplies,Fasteners,84.94,2,0.0,16.87,24.31,Rhonda Allen,Consumer,South,Mississippi,2021-08-22,2021-08-25
ORD-100317,AT-A-GLANCE Planner,Office Supplies,Supplies,57.61,10,0.0,7.91,22.63,Jason Pineda,Corporate,South,Georgia,2021-11-23,2021-11-25
ORD-100318,Lorell Mirror,Furniture,Furnishings,408.78,1,0.2,-23.03,29.48,Meghan Martin,Consumer,East,New York,2021-09-25,2021-09-28
ORD-100319,Mead Envelopes,Office Supplies,Envelopes,48.72,8,0.0,7.56,22.23,Stephanie Ramirez,Corporate,East,Massachusetts,2022-04-04,2022-04-11
ORD-100320,Hammermill Copy Paper,Office Supplies,Paper,79.25,3,0.0,24.05,17.86,Tina Williams,Home Office,West,Arizona,2023-02-28,2023-03-02
ORD-100321,HP Wireless Mouse,Technology,Accessories,368.47,8,0.1,9.15,25.84,Robert Harris,Home Office,South,Tennessee,2022-05-09,2022-05-12
ORD-100322,Humanscale Chair,Furniture,Chairs,280.51,9,0.1,1.79,30.91,Jeffery Rogers,Consumer,East,New York,2021-06-30,2021-07-05
ORD-100323,Rubbermaid Cabinet,Furniture,Furnishings,33.63,8,0.0,3.27,24.39,Erika Marshall,Consumer,Central,Missouri,2022-09-16,2022-09-21
ORD-100324,Eldon Shelf,Furniture,Furnishings,282.29,6,0.0,38.06,25.75,Eric Chandler,Corporate,East,Virginia,2023-08-27,2023-08-31
ORD-100325,Hon 4070 Chair,Furniture,Chairs,531.87,2,0.0,83.15,18.93,Jacqueline Fisher,Consumer,West,Nevada,2022-08-21,2022-08-25
ORD-100326,Advantus Ring Binder,Furniture,Furnishings,277.73,10,0.0,12.41,32.63,Susan Hamilton,Corporate,Central,Illinois,2021-09-05,2021-09-11
ORD-100327,Expo Dry Erase,Office Supplies,Art,172.35,7,0.3,-2.94,19.49,Connie Rios,Corporate,East,Connecticut,2023-07-26,2023-07-30
ORD-100328,Dixon Ticonderoga Pencils,Office Supplies,Art,90.45,9,0.4,-9.15,16.11,Taylor Howard,Corporate,East,Massachusetts,2023-11-08,2023-11-13
ORD-100329,OIC Binder Clips,Office Supplies,Fasteners,96.34,5,0.3,-2.62,19.72,John Gomez,Consumer,West,Washington,2022-05-24,2022-05-27
ORD-100330,Avery File Folder Labels,Office Supplies,Labels,71.64,3,0.5,-14.85,21.99,Karen Charles,Corporate,West,Arizona,2022-10-05,2022-10-09
ORD-100331,Kraft Envelopes,Office Supplies,Envelopes,88.95,7,0.2,2.92,28.91,Cory Pitts,Consumer,Central,Minnesota,2021-12-31,2022-01-04
ORD-100332,Navigator Paper,Office Supplies,Paper,67.19,1,0.0,15.14,24.6,Anthony Conley,Consumer,East,New York,2023-12-30,2024-01-02
ORD-100333,Sanford Markers,Office Supplies,Art,81.84,6,0.3,4.52,7.4,John Burgess,Corporate,Central,Texas,2021-11-26,2021-12-03
ORD-100334,Lorell Glass Table,Furniture,Tables,28.12,7,0.1,2.1,24.84,Christina Smith,Corporate,Central,Wisconsin,2022-04-05,2022-04-09
ORD-100335,Brother Fax Machine,Technology,Machines,609.37,10,0.1,-2.24,31.48,David Marshall,Consumer,South,Mississippi,2022-10-03,2022-10-09
ORD-100336,Samsung Galaxy S22,Technology,Phones,355.17,1,0.1,28.92,25.13,Kenneth Lynch,Corporate,West,Colorado,2022-02-01,2022-02-04
ORD-100337,HP Office Paper,Office Supplies,Paper,44.96,3,0.4,-6.24,20.01,Rebecca Walker,Home Office,South,Louisiana,2021-09-24,2021-09-26
ORD-100338,Sauder Bookcase,Furniture,Bookcases,176.73,9,0.0,33.16,20.17,Cory Gibson,Consumer,Central,Minnesota,2022-09-09,2022-09-12
ORD-100339,Bush Furniture Bookcase,Furniture,Bookcases,422.28,5,0.0,69.08,31.77,Raymond Guerra,Consumer,West,Colorado,2023-05-02,2023-05-06
ORD-100340,Hon 4070 Chair,Furniture,Chairs,396.6,1,0.2,-46.19,19.6,William Clark,Consumer,Central,Michigan,2023-12-23,2023-12-26
ORD-100341,Sauder Bookcase,Furniture,Bookcases,247.06,8,0.0,30.75,32.19,Joshua Bush,Home Office,Central,Minnesota,2021-08-21,2021-08-24
ORD-100342,Samsung Galaxy S22,Technology,Phones,214.46,7,0.3,-5.22,12.84,Chad Sheppard,Consumer,East,Maryland,2022-01-30,2022-02-02
ORD-100343,Sanford Markers,Office Supplies,Art,82.31,2,0.0,16.57,26.09,Todd Khan,Consumer,South,Louisiana,2023-06-11,2023-06-15
ORD-100344,Zebra Label Printer,Technology,Machines,523.75,6,0.0,105.91,31.65,Matthew Compton,Corporate,South,Tennessee,2021-05-25,2021-05-29
ORD-100345,Hammermill Copy Paper,Office Supplies,Paper,78.45,10,0.0,21.81,25.23,Taylor Hall,Consumer,Central,Minnesota,2021-01-13,2021-01-17
ORD-100346,Staples Copy Paper,Office Supplies,Paper,55.41,9,0.0,13.9,21.23,Michael Hughes,Consumer,West,Arizona,2023-06-16,2023-06-19
ORD-100347,Kraft Envelopes,Office Supplies,Envelopes,108.98,10,0.0,22.29,19.96,Matthew Molina,Consumer,West,California,2022-09-03,2022-09-07
ORD-100348,Staples Standard Envelopes,Office Supplies,Envelopes,100.44,3,0.0,15.81,21.66,Charles Avila,Home Office,South,Louisiana,2021-06-24,2021-06-27
ORD-100349,Nokia 5310,Technology,Phones,557.84,2,0.0,95.25,19.49,Alexandria Cowan,Corporate,South,Louisiana,2022-06-02,2022-06-04
ORD-100350,Ikea BEKANT Desk,Furniture,Tables,247.27,6,0.1,17.91,16.81,Joshua Butler,Consumer,Central,Minnesota,2023-09-25,2023-10-01
ORD-100351,Epson Scanner,Technology,Machines,297.31,4,0.2,-14.99,26.25,Sandra Torres,Consumer,South,Georgia,2022-09-19,2022-09-23
ORD-100352,Zebra Label Printer,Technology,Machines,160.94,8,0.1,20.97,10.96,Melanie Hall,Consumer,South,Tennessee,2022-07-21,2022-07-26
ORD-100353,Staedtler Pens,Office Supplies,Art,49.03,2,0.4,-0.6,26.92,Mark Hansen,Corporate,West,Oregon,2021-06-17,2021-06-22
ORD-100354,Ikea BEKANT Desk,Furniture,Tables,60.17,8,0.2,1.49,8.22,Jessica Scott,Home Office,Central,Minnesota,2021-03-05,2021-03-10
ORD-100355,Staples Standard Staples,Office Supplies,Fasteners,96.75,6,0.1,13.08,22.83,Jared Clark,Corporate,South,Alabama,2023-03-15,2023-03-18
ORD-100356,Belkin USB Hub,Technology,Accessories,322.81,1,0.0,64.55,22.62,Jason Pineda,Corporate,West,Colorado,2021-12-06,2021-12-11
ORD-100357,HP Wireless Mouse,Technology,Accessories,403.98,1,0.0,95.0,28.59,Michael Aguilar,Consumer,Central,Michigan,2021-05-09,2021-05-12
ORD-100358,IKEA KALLAX,Furniture,Bookcases,323.71,10,0.2,-16.99,32.03,Krystal Arias,Corporate,West,Nevada,2021-07-31,2021-08-04
ORD-100359,Avery Shipping Labels,Office Supplies,Labels,78.36,8,0.3,-1.79,28.52,Karen Charles,Home Office,South,North Carolina,2023-11-25,2023-11-28
ORD-100360,Belkin USB Hub,Technology,Accessories,459.25,3,0.0,43.4,21.97,Christopher Hernandez,Corporate,East,Connecticut,2021-01-14,2021-01-18
ORD-100361,Sauder Bookcase,Furniture,Bookcases,148.22,10,0.0,20.33,28.47,Susan Lawson,Consumer,South,Louisiana,2021-08-31,2021-09-04
ORD-100362,Belkin USB Hub,Technology,Accessories,437.34,5,0.4,-65.25,25.7,Rhonda Allen,Consumer,East,Connecticut,2021-02-15,2021-02-18
ORD-100363,Steelcase Leap,Furniture,Chairs,312.21,8,0.0,36.65,31.66,Christian Walker,Consumer,East,Pennsylvania,2023-04-11,2023-04-15
ORD-100364,Staedtler Pens,Office Supplies,Art,72.73,8,0.1,7.35,6.31,Jessica Dodson,Corporate,Central,Texas,2021-10-20,2021-10-25
ORD-100365,HP Wireless Mouse,Technology,Accessories,441.34,3,0.1,22.54,28.43,Curtis Fields,Consumer,South,Mississippi,2023-02-14,2023-02-17
ORD-100366,Hon 4070 Chair,Furniture,Chairs,358.99,1,0.4,-109.54,31.1,Jessica Scott,Consumer,South,Louisiana,2021-03-21,2021-03-26
ORD-100367,Ergon Chair,Furniture,Chairs,433.5,7,0.0,53.59,33.39,Crystal Williams DVM,Home Office,South,Georgia,2023-06-03,2023-06-07
ORD-100368,Logitech Keyboard,Technology,Accessories,450.96,5,0.0,103.33,31.17,Jacqueline Fisher,Home Office,Central,Minnesota,2021-07-20,2021-07-23
ORD-100369,Google Pixel 7,Technology,Phones,676.48,6,0.0,156.08,28.03,Jacqueline Fisher,Home Office,West,Colorado,2021-01-15,2021-01-19
ORD-100370,Prepac Bookcase,Furniture,Bookcases,89.1,7,0.1,-3.92,19.84,Frederick Moss,Consumer,Central,Wisconsin,2022-06-04,2022-06-07
ORD-100371,IKEA KALLAX,Furniture,Bookcases,235.02,2,0.2,-13.79,19.76,Joseph Rodriguez,Corporate,Central,Missouri,2022-01-02,2022-01-05
ORD-100372,Prepac Bookcase,Furniture,Bookcases,372.12,2,0.3,-65.6,23.18,David Hoffman,Consumer,East,Pennsylvania,2021-11-28,2021-11-30
ORD-100373,Canon Printer,Technology,Machines,439.88,10,0.2,-7.82,19.53,Barbara Barber,Consumer,East,Maryland,2023-06-11,2023-06-13
ORD-100374,Quartet Calendar,Office Supplies,Supplies,70.43,5,0.0,10.54,25.58,Patrick Brown,Home Office,East,Pennsylvania,2021-04-28,2021-05-04
ORD-100375,Logitech Keyboard,Technology,Accessories,262.28,2,0.5,-75.43,29.3,Wanda Yang,Corporate,Central,Texas,2023-11-12,2023-11-16
ORD-100376,Lorell Glass Table,Furniture,Tables,192.9,9,0.0,29.45,29.26,Jeffrey Golden,Corporate,East,Maryland,2022-12-25,2022-12-29
ORD-100377,Avery Shipping Labels,Office Supplies,Labels,59.62,1,0.0,20.96,15.19,Bridget Kirby,Home Office,West,Nevada,2022-12-14,2022-12-17
ORD-100378,Sauder Bookcase,Furniture,Bookcases,369.2,5,0.2,-18.74,36.47,Bridget Kirby,Home Office,Central,Minnesota,2021-08-07,2021-08-11
ORD-100379,Quartet Calendar,Office Supplies,Supplies,62.53,7,0.2,5.94,31.09,Aaron Little,Consumer,East,Massachusetts,2023-09-18,2023-09-23
ORD-100380,Prepac Bookcase,Furniture,Bookcases,240.92,5,0.0,25.56,26.01,Stephanie Ramirez,Home Office,East,Maryland,2022-04-16,2022-04-21
ORD-100381,Fiskars Scissors,Office Supplies,Supplies,171.92,3,0.4,-18.02,24.88,Leslie Lynch,Home Office,Central,Texas,2022-12-02,2022-12-04
ORD-100382,Anker Charger,Technology,Accessories,593.88,10,0.0,86.02,35.91,Stephanie Ramirez,Consumer,West,Washington,2022-01-25,2022-01-28
ORD-100383,AT-A-GLANCE Planner,Office Supplies,Supplies,88.88,8,0.0,27.42,13.29,Ronald Ramsey,Home Office,East,Virginia,2021-09-03,2021-09-09
ORD-100384,OIC Binder Clips,Office Supplies,Fasteners,69.94,9,0.3,4.94,17.31,Anthony Conley,Corporate,West,Utah,2022-07-17,2022-07-20
ORD-100385,Hon 10500 Table,Furniture,Tables,394.93,1,0.0,28.39,16.59,David Barrett,Corporate,East,Maryland,2021-03-08,2021-03-12
ORD-100386,Staples Standard Staples,Office Supplies,Fasteners,110.24,6,0.0,29.61,16.65,Jessica Dodson,Consumer,Central,Texas,2021-07-26,2021-07-29
ORD-100387,Rubbermaid Cabinet,Furniture,Furnishings,384.62,4,0.3,-84.04,30.15,Bridget Kirby,Corporate,South,Georgia,2023-05-09,2023-05-13
ORD-100388,Avery File Folder Labels,Office Supplies,Labels,66.73,7,0.1,8.52,31.21,Joel Simmons,Home Office,West,Nevada,2022-04-28,2022-05-02
ORD-100389,Rubbermaid Cabinet,Furniture,Furnishings,301.07,7,0.0,39.45,13.43,Jennifer Wilson,Home Office,Central,Minnesota,2023-11-25,2023-11-29
ORD-100390,Humanscale Chair,Furniture,Chairs,331.32,9,0.4,-95.01,16.58,Suzanne West,Consumer,Central,Ohio,2022-03-18,2022-03-23
ORD-100391,Lorell Glass Table,Furniture,Tables,355.62,9,0.1,17.97,30.0,James Wong,Consumer,West,Utah,2021-02-10,2021-02-13
ORD-100392,Belkin USB Hub,Technology,Accessories,499.57,7,0.3,-2.98,14.92,Cory Pitts,Corporate,Central,Michigan,2021-06-10,2021-06-13
ORD-100393,IKEA KALLAX,Furniture,Bookcases,410.07,10,0.1,17.62,23.36,Samantha Hernandez,Home Office,South,North Carolina,2021-11-28,2021-12-01
ORD-100394,Anker Charger,Technology,Accessories,398.77,2,0.0,38.66,34.7,Leslie Powell,Consumer,East,Pennsylvania,2021-12-09,2021-12-11
ORD-100395,Hon 4070 Chair,Furniture,Chairs,361.55,5,0.0,39.91,30.15,Kelly May,Consumer,Central,Minnesota,2021-04-21,2021-04-22
ORD-100396,Logitech Keyboard,Technology,Accessories,453.45,8,0.1,16.4,35.58,James Wong,Consumer,East,Maryland,2023-06-27,2023-07-01
ORD-100397,HP Wireless Mouse,Technology,Accessories,237.03,7,0.1,36.18,25.01,Taylor Barry,Corporate,South,Louisiana,2022-07-12,2022-07-16
ORD-100398,Ikea BEKANT Desk,Furniture,Tables,305.25,3,0.0,40.93,9.11,Travis Santiago,Consumer,South,North Carolina,2022-09-27,2022-10-03
ORD-100399,Humanscale Chair,Furniture,Chairs,313.4,5,0.1,6.73,30.78,Lori West,Consumer,South,North Carolina,2021-10-07,2021-10-10
ORD-100400,Deflect-o Stackable,Office Supplies,Storage,120.03,7,0.0,23.31,7.54,Kelly May,Corporate,West,Washington,2023-02-05,2023-02-07
ORD-100401,Acco Binder Clips,Office Supplies,Fasteners,93.08,3,0.0,18.33,7.84,Diane Murphy,Consumer,Central,Michigan,2022-05-06,2022-05-10
ORD-100402,Canon imageRUNNER,Technology,Copiers,340.48,1,0.0,56.02,12.57,Rodney Bentley,Consumer,Central,Illinois,2023-07-22,2023-07-26
ORD-100403,Global Leather Chair,Furniture,Chairs,336.66,6,0.1,-1.33,30.95,Kayla Elliott,Consumer,East,Pennsylvania,2022-07-06,2022-07-08
ORD-100404,Steelcase Leap,Furniture,Chairs,460.69,1,0.0,25.46,22.81,Angela Hubbard,Corporate,East,Virginia,2023-10-18,2023-10-25
ORD-100405,OIC Binder Clips,Office Supplies,Fasteners,84.02,7,0.3,-3.53,16.64,Stephanie Ramirez,Home Office,East,New York,2023-08-21,2023-08-23
ORD-100406,Ibico MB,Office Supplies,Binders,136.3,6,0.0,31.33,25.39,Drew Salazar,Consumer,West,Nevada,2021-03-10,2021-03-12
ORD-100407,Bush Furniture Bookcase,Furniture,Bookcases,433.82,2,0.0,11.16,23.4,Kayla Elliott,Home Office,Central,Illinois,2023-12-03,2023-12-05
ORD-100408,Google Pixel 7,Technology,Phones,452.73,8,0.2,29.19,16.24,Kyle Washington,Home Office,West,California,2021-01-31,2021-02-02
ORD-100409,Sauder Bookcase,Furniture,Bookcases,319.87,2,0.0,49.03,15.68,Matthew Wright,Corporate,East,New Jersey,2021-07-03,2021-07-06
ORD-100410,Ikea BEKANT Desk,Furniture,Tables,247.93,1,0.1,22.43,19.77,Michele Hess,Corporate,South,North Carolina,2022-12-13,2022-12-18
ORD-100411,Lorell Glass Table,Furniture,Tables,585.87,10,0.4,-139.52,29.69,Robert Franklin,Corporate,Central,Ohio,2022-08-27,2022-08-31
ORD-100412,Prepac Bookcase,Furniture,Bookcases,256.54,7,0.2,3.25,31.97,Dr. Kevin Martin,Consumer,Central,Michigan,2021-05-22,2021-05-26
ORD-100413,Nokia 5310,Technology,Phones,662.73,9,0.0,101.97,23.9,Carrie Owens,Corporate,South,Georgia,2023-01-16,2023-01-21
ORD-100414,Apple iPhone 14,Technology,Phones,342.77,2,0.1,29.45,12.52,Nathan Bradshaw,Home Office,West,Washington,2023-04-20,2023-04-24
ORD-100415,Sauder Bookcase,Furniture,Bookcases,148.67,1,0.4,-39.54,11.61,Carol Wilson,Corporate,Central,Texas,2023-03-07,2023-03-11
ORD-100416,Memorex Tape,Office Supplies,Supplies,57.87,6,0.3,-3.38,5.73,Emily Copeland,Corporate,Central,Minnesota,2023-10-04,2023-10-10
ORD-100417,Advantus Binder Clips,Office Supplies,Fasteners,88.89,9,0.0,20.6,9.99,Lisa Christensen,Consumer,West,Arizona,2022-06-29,2022-07-03
ORD-100418,Sterilite Storage Box,Office Supplies,Storage,139.62,2,0.0,23.75,10.66,Lucas Hernandez,Consumer,Central,Wisconsin,2022-05-25,2022-05-29
ORD-100419,Fiskars Scissors,Office Supplies,Supplies,121.5,6,0.1,15.71,22.53,James Wong,Home Office,Central,Minnesota,2023-04-03,2023-04-07
ORD-100420,Hon 10500 Table,Furniture,Tables,304.06,7,0.0,40.67,10.02,Edward Murphy,Home Office,Central,Ohio,2022-10-25,2022-10-29
ORD-100421,Sauder Bookcase,Furniture,Bookcases,175.27,1,0.3,-21.19,31.98,David Barrett,Consumer,Central,Texas,2022-08-06,2022-08-10
ORD-100422,Ikea BEKANT Desk,Furniture,Tables,329.97,5,0.0,41.12,25.32,Joseph Rodriguez,Consumer,East,Massachusetts,2022-07-20,2022-07-26
ORD-100423,Bush Coat Rack,Furniture,Furnishings,344.7,8,0.0,76.79,32.19,James Wong,Consumer,West,Colorado,2022-04-23,2022-04-26
ORD-100424,Eldon Shelf,Furniture,Furnishings,233.47,7,0.4,-57.56,10.92,Donna Jones,Consumer,East,Virginia,2021-07-15,2021-07-19
ORD-100425,Staples Copy Paper,Office Supplies,Paper,70.06,9,0.1,7.86,13.23,Jonathan Baker,Corporate,East,New Jersey,2022-04-10,2022-04-14
ORD-100426,Deflect-o Stackable,Office Supplies,Storage,69.6,3,0.0,19.45,6.62,Yvonne Wilson,Consumer,East,Pennsylvania,2022-03-29,2022-03-31
ORD-100427,Sharp MX,Technology,Copiers,637.28,8,0.1,45.54,28.92,Jeremy Thomas,Corporate,South,Mississippi,2021-04-11,2021-04-15
ORD-100428,Avery File Folder Labels,Office Supplies,Labels,63.36,10,0.0,15.43,22.4,Kimberly Garrett,Corporate,East,New Jersey,2022-02-06,2022-02-10
ORD-100429,HP LaserJet,Technology,Machines,321.64,10,0.3,-9.12,31.11,Michelle Hansen MD,Consumer,East,Virginia,2023-05-18,2023-05-21
ORD-100430,Avery File Folder Labels,Office Supplies,Labels,96.49,2,0.2,-1.52,11.49,Nathaniel Wade,Corporate,Central,Texas,2021-10-26,2021-10-29
ORD-100431,HP Office Paper,Office Supplies,Paper,139.52,6,0.0,43.22,20.32,Jennifer Ellison,Consumer,East,New Jersey,2021-10-30,2021-11-04
ORD-100432,AT-A-GLANCE Planner,Office Supplies,Supplies,70.39,7,0.1,8.49,22.32,Kayla Hooper,Corporate,West,Colorado,2022-02-22,2022-02-26
ORD-100433,HP Wireless Mouse,Technology,Accessories,455.74,2,0.0,89.65,19.44,Kimberly Kelley,Consumer,Central,Illinois,2021-03-31,2021-04-03
ORD-100434,Canon imageRUNNER,Technology,Copiers,515.37,6,0.1,103.34,29.43,Amanda Garcia,Home Office,South,Alabama,2023-01-08,2023-01-13
ORD-100435,Bush Coat Rack,Furniture,Furnishings,288.77,5,0.0,17.35,19.4,Brian Williams,Consumer,East,New York,2021-06-30,2021-07-02
ORD-100436,Jiffy Mailer,Office Supplies,Envelopes,45.86,5,0.4,-6.26,27.96,Brett Hanson,Consumer,West,Arizona,2021-11-18,2021-11-19
ORD-100437,Avery File Folder Labels,Office Supplies,Labels,88.94,7,0.1,20.43,23.08,Todd Khan,Corporate,Central,Michigan,2021-03-02,2021-03-08
ORD-100438,Rubbermaid Cabinet,Furniture,Furnishings,247.89,3,0.1,7.73,26.43,Jessica Smith,Corporate,Central,Michigan,2022-04-11,2022-04-14
ORD-100439,Hon 10500 Table,Furniture,Tables,308.03,6,0.0,49.11,23.55,Wanda Yang,Home Office,West,Colorado,2022-02-19,2022-02-24
ORD-100440,Sanford Markers,Office Supplies,Art,170.86,8,0.2,5.72,28.6,Ashley Johnston,Home Office,Central,Michigan,2021-08-31,2021-09-02
ORD-100441,Belkin USB Hub,Technology,Accessories,331.69,10,0.1,50.49,15.87,Frederick Finley,Home Office,East,Virginia,2022-07-15,2022-07-17
ORD-100442,Google Pixel 7,Technology,Phones,519.1,6,0.0,141.37,23.84,Debra Andrade,Home Office,West,Arizona,2022-04-21,2022-04-24
ORD-100443,Google Pixel 7,Technology,Phones,503.43,4,0.3,-39.25,14.85,Caitlin Bryant,Home Office,East,New Jersey,2023-08-29,2023-08-31
ORD-100444,Realspace Bookcase,Furniture,Bookcases,380.88,10,0.2,-1.74,20.89,Ronald Ramsey,Consumer,West,Nevada,2023-06-19,2023-06-24
ORD-100445,Navigator Paper,Office Supplies,Paper,116.26,4,0.1,19.23,16.01,Ronald Ramsey,Consumer,East,Massachusetts,2022-10-03,2022-10-06
ORD-100446,Global Leather Chair,Furniture,Chairs,438.0,5,0.1,34.37,23.17,Ashley Johnston,Consumer,Central,Michigan,2021-03-22,2021-03-26
ORD-100447,Quartet Calendar,Office Supplies,Supplies,134.23,10,0.4,-9.07,24.48,Daniel Abbott,Corporate,East,Maryland,2021-04-22,2021-04-26
ORD-100448,Global Leather Chair,Furniture,Chairs,289.95,8,0.0,31.12,17.55,Nathan Bradshaw,Home Office,South,Alabama,2021-10-05,2021-10-08
ORD-100449,Google Pixel 7,Technology,Phones,603.04,9,0.2,-12.57,19.38,Katherine Parker,Corporate,Central,Illinois,2021-12-02,2021-12-06
ORD-100450,HP LaserJet,Technology,Machines,468.99,1,0.1,37.68,20.74,Ryan Koch,Home Office,West,Washington,2023-02-19,2023-02-20
ORD-100451,Belkin USB Hub,Technology,Accessories,414.6,8,0.1,67.96,24.76,Aaron Martinez,Corporate,East,Connecticut,2023-07-03,2023-07-06
ORD-100452,Lorell Glass Table,Furniture,Tables,332.93,10,0.2,-19.2,16.27,Robert Harris,Consumer,South,Tennessee,2021-01-12,2021-01-16
ORD-100453,Ikea BEKANT Desk,Furniture,Tables,146.82,1,0.0,20.16,6.81,Rachel Wright,Consumer,West,Washington,2022-07-24,2022-07-28
ORD-100454,Google Pixel 7,Technology,Phones,513.28,9,0.0,147.91,25.56,Matthew Molina,Corporate,West,Washington,2022-09-04,2022-09-07
ORD-100455,Epson Scanner,Technology,Machines,360.76,9,0.0,68.89,22.93,Lucas Hernandez,Home Office,Central,Michigan,2023-01-08,2023-01-14
ORD-100456,Sharp MX,Technology,Copiers,449.9,2,0.1,80.47,38.44,David Hernandez,Consumer,West,Colorado,2021-09-07,2021-09-11
ORD-100457,Realspace Bookcase,Furniture,Bookcases,298.56,3,0.2,-13.75,22.37,Beth Baker,Corporate,Central,Ohio,2023-12-20,2023-12-27
ORD-100458,Anker Charger,Technology,Accessories,507.26,2,0.2,14.88,18.74,Matthew White,Consumer,West,California,2023-10-17,2023-10-20
ORD-100459,Ikea BEKANT Desk,Furniture,Tables,256.43,5,0.0,28.13,22.98,Aaron Little,Consumer,West,Colorado,2023-04-30,2023-05-03
ORD-100460,Bush Coat Rack,Furniture,Furnishings,438.84,6,0.4,-119.07,24.71,Rebecca Lewis,Consumer,East,Virginia,2021-01-13,2021-01-15
ORD-100461,Acco Staple Remover,Office Supplies,Supplies,94.26,8,0.3,-5.18,16.06,Ronald Ingram,Corporate,South,Mississippi,2023-08-30,2023-09-04
ORD-100462,HP LaserJet,Technology,Machines,601.21,6,0.0,62.43,19.06,Rebecca Lewis,Corporate,East,Pennsylvania,2021-04-25,2021-04-30
ORD-100463,Lorell Glass Table,Furniture,Tables,242.93,6,0.2,-9.99,15.19,Gregory Simmons,Corporate,South,Georgia,2021-03-05,2021-03-08
ORD-100464,Ricoh Aficio,Technology,Copiers,660.48,6,0.3,-41.8,37.21,Bianca Melton,Consumer,West,Arizona,2021-06-27,2021-06-30
ORD-100465,Sharp MX,Technology,Copiers,321.17,9,0.0,88.02,18.26,Kimberly Roberts,Consumer,West,Washington,2021-07-09,2021-07-12
ORD-100466,Dixon Ticonderoga Pencils,Office Supplies,Art,43.66,2,0.0,4.81,29.05,Michelle Smith,Consumer,East,Massachusetts,2021-07-21,2021-07-26
ORD-100467,Ibico MB,Office Supplies,Binders,104.08,4,0.0,20.28,10.28,Drew Salazar,Corporate,Central,Illinois,2021-06-28,2021-07-01
ORD-100468,Wilson Jones Binder,Office Supplies,Binders,57.32,10,0.1,10.05,6.91,John Davis,Consumer,West,Washington,2022-07-21,2022-07-25
ORD-100469,HP LaserJet,Technology,Machines,449.01,9,0.1,32.24,15.49,Carla Chen,Consumer,West,Washington,2022-12-19,2022-12-23
ORD-100470,Xerox WorkCentre,Technology,Copiers,205.15,10,0.0,45.88,16.08,Joshua Bush,Consumer,East,Massachusetts,2023-08-23,2023-08-29
ORD-100471,Avery Flexi-View,Office Supplies,Binders,110.81,2,0.1,14.96,23.7,Sherri Holmes,Home Office,West,California,2022-02-10,2022-02-14
ORD-100472,Staedtler Pens,Office Supplies,Art,149.09,6,0.1,12.9,6.8,Rebecca Lewis,Consumer,Central,Ohio,2023-08-12,2023-08-15
ORD-100473,Safco Round Table,Furniture,Tables,126.94,2,0.1,-1.85,24.82,Gary Anderson,Corporate,Central,Minnesota,2023-09-01,2023-09-03
ORD-100474,Stanley Staple Gun,Office Supplies,Fasteners,88.54,10,0.0,20.56,9.06,Samantha Hendrix,Corporate,South,Tennessee,2021-08-08,2021-08-11
ORD-100475,Lorell Mirror,Furniture,Furnishings,281.05,2,0.2,-11.92,27.84,Danny Dodson,Corporate,Central,Minnesota,2023-09-15,2023-09-18
ORD-100476,Prepac Bookcase,Furniture,Bookcases,159.82,7,0.0,27.52,9.13,Gregory Simmons,Consumer,East,Virginia,2023-09-24,2023-09-26
ORD-100477,Hammermill Copy Paper,Office Supplies,Paper,87.37,1,0.3,3.13,22.59,Kyle Washington,Consumer,West,Utah,2023-02-16,2023-02-19
ORD-100478,Advantus Ring Binder,Furniture,Furnishings,351.13,10,0.3,-41.14,28.37,James Smith,Home Office,West,Colorado,2023-07-17,2023-07-21
ORD-100479,Ibico MB,Office Supplies,Binders,108.23,3,0.3,0.26,6.85,Kayla Nichols,Home Office,East,Connecticut,2023-06-10,2023-06-14
ORD-100480,Sauder Bookcase,Furniture,Bookcases,387.13,10,0.0,64.44,19.33,Matthew Compton,Consumer,Central,Missouri,2021-04-19,2021-04-20
ORD-100481,Bestar Folding Table,Furniture,Tables,333.58,6,0.3,-34.88,13.84,Katherine Parker,Consumer,South,Georgia,2023-02-23,2023-02-26
ORD-100482,Samsung Galaxy S22,Technology,Phones,395.64,2,0.0,99.7,32.67,Jeremy Thomas,Consumer,South,Louisiana,2021-09-15,2021-09-17
ORD-100483,Eldon Mobile,Office Supplies,Storage,68.36,8,0.0,21.19,10.46,Stephen Curtis,Corporate,West,Nevada,2023-07-23,2023-07-28
ORD-100484,Lorell Glass Table,Furniture,Tables,305.18,6,0.0,8.69,10.13,Sharon Hansen,Home Office,Central,Michigan,2023-05-20,2023-05-24
ORD-100485,Xerox WorkCentre,Technology,Copiers,430.5,8,0.1,28.39,25.74,Lisa Joyce,Corporate,West,Colorado,2023-09-17,2023-09-21
ORD-100486,Ibico MB,Office Supplies,Binders,116.9,9,0.3,-6.15,18.0,Jessica Dodson,Consumer,Central,Minnesota,2021-07-01,2021-07-04
ORD-100487,Realspace Bookcase,Furniture,Bookcases,256.46,1,0.2,-39.62,24.27,Rhonda Allen,Consumer,Central,Missouri,2023-11-16,2023-11-22
ORD-100488,Humanscale Chair,Furniture,Chairs,255.72,10,0.0,-5.42,21.2,Kimberly Byrd,Consumer,West,Arizona,2022-09-15,2022-09-19
ORD-100489,Acco Binder Clips,Office Supplies,Fasteners,39.32,1,0.2,3.85,20.09,Jonathan White,Consumer,West,Arizona,2021-09-17,2021-09-21
ORD-100490,Safco Round Table,Furniture,Tables,404.3,1,0.0,49.03,13.36,Jeremy Cervantes,Consumer,West,Nevada,2021-11-06,2021-11-10
ORD-100491,Quartet Calendar,Office Supplies,Supplies,59.06,4,0.1,8.13,26.91,Rhonda Allen,Corporate,South,Georgia,2021-10-25,2021-10-29
ORD-100492,Avery Heavy Duty Binder,Office Supplies,Binders,89.88,8,0.2,0.19,25.11,Taylor Hall,Consumer,West,Nevada,2021-04-22,2021-04-26
ORD-100493,Deflect-o Stackable,Office Supplies,Storage,138.11,1,0.0,36.44,27.29,Donna Jones,Corporate,Central,Texas,2023-12-27,2023-12-30
ORD-100494,Hammermill Copy Paper,Office Supplies,Paper,82.93,6,0.0,18.36,26.32,Christopher Gibbs,Consumer,Central,Missouri,2023-02-22,2023-02-26
ORD-100495,Lorell Glass Table,Furniture,Tables,335.01,6,0.1,-27.5,27.87,Daniel Abbott,Consumer,West,Arizona,2022-06-07,2022-06-11
ORD-100496,Google Pixel 7,Technology,Phones,370.45,4,0.0,54.05,27.13,Michele Hess,Corporate,Central,Texas,2021-05-20,2021-05-21
ORD-100497,Avery Shipping Labels,Office Supplies,Labels,57.95,10,0.0,11.93,21.88,Todd Khan,Home Office,East,Maryland,2021-04-27,2021-05-03
ORD-100498,Acco Binder Clips,Office Supplies,Fasteners,147.53,5,0.3,1.78,24.64,Michael Aguilar,Home Office,South,Louisiana,2022-01-14,2022-01-19
ORD-100499,Advantus Binder Clips,Office Supplies,Fasteners,71.72,5,0.5,-10.86,11.58,William Smith,Consumer,South,Tennessee,2022-10-25,2022-10-28
ORD-100500,Avery Shipping Labels,Office Supplies,Labels,134.78,3,0.1,25.1,17.34,Laura Martin,Corporate,South,Georgia,2023-06-22,2023-06-24
ORD-100501,Avery Heavy Duty Binder,Office Supplies,Binders,91.91,8,0.0,17.25,18.28,Michele Hess,Corporate,East,New York,2021-08-06,2021-08-12
ORD-100502,Staples Standard Staples,Office Supplies,Fasteners,112.34,8,0.1,17.94,16.15,Daniel Mccoy,Corporate,Central,Michigan,2021-01-02,2021-01-08
ORD-100503,Xerox WorkCentre,Technology,Copiers,553.23,1,0.2,28.63,39.95,Barbara Barber,Corporate,Central,Ohio,2021-05-24,2021-05-28
ORD-100504,Kraft Envelopes,Office Supplies,Envelopes,123.59,3,0.1,14.0,31.59,Nathan Bradshaw,Corporate,South,Mississippi,2021-07-05,2021-07-08
ORD-100505,Steelcase Leap,Furniture,Chairs,468.09,4,0.0,51.43,17.58,Abigail Berger,Home Office,South,Florida,2022-01-27,2022-01-30
ORD-100506,Zebra Label Printer,Technology,Machines,742.04,6,0.3,-70.09,19.0,Adam Johnson,Consumer,South,Florida,2022-05-04,2022-05-07
ORD-100507,AT-A-GLANCE Planner,Office Supplies,Supplies,145.55,1,0.2,10.17,19.11,Carol Wilson,Corporate,West,Colorado,2021-08-31,2021-09-03
ORD-100508,Xerox Multi-Use Paper,Office Supplies,Paper,69.15,5,0.3,-3.06,7.01,Jasmine Anderson,Consumer,West,California,2021-02-09,2021-02-12
ORD-100509,Apple iPhone 14,Technology,Phones,358.74,2,0.3,-13.92,21.68,Michelle Bell,Corporate,South,Alabama,2021-12-16,2021-12-21
ORD-100510,BIC Cristal Pens,Office Supplies,Art,106.73,6,0.0,20.42,12.53,Danny Dodson,Consumer,West,Utah,2023-04-04,2023-04-07
ORD-100511,Hon 10500 Table,Furniture,Tables,307.08,10,0.0,63.6,13.4,Jermaine Wolf,Consumer,West,Arizona,2023-05-01,2023-05-03
ORD-100512,Nokia 5310,Technology,Phones,686.41,3,0.0,138.53,34.0,Tiffany Lloyd,Corporate,Central,Michigan,2023-09-25,2023-09-27
ORD-100513,HP Wireless Mouse,Technology,Accessories,416.08,10,0.5,-89.04,28.26,Casey Liu,Consumer,East,Connecticut,2023-12-08,2023-12-11
ORD-100514,Belkin USB Hub,Technology,Accessories,508.16,9,0.1,24.83,25.7,Samantha Hernandez,Home Office,East,Connecticut,2022-09-09,2022-09-12
ORD-100515,Jabra Headset,Technology,Accessories,368.82,1,0.2,-23.39,18.07,Crystal Johnson,Consumer,South,Georgia,2022-03-03,2022-03-06
ORD-100516,Memorex Tape,Office Supplies,Supplies,102.78,3,0.0,25.94,5.84,Jessica Hill,Consumer,East,Maryland,2023-06-10,2023-06-13
ORD-100517,AT-A-GLANCE Planner,Office Supplies,Supplies,74.54,4,0.3,4.38,13.3,James Wong,Consumer,Central,Michigan,2023-11-21,2023-11-23
ORD-100518,Hon 10500 Table,Furniture,Tables,162.91,1,0.4,-47.77,10.17,William Robbins,Consumer,West,California,2021-07-20,2021-07-23
ORD-100519,Advantus Ring Binder,Furniture,Furnishings,336.93,1,0.2,-2.58,11.35,Christopher Thompson,Consumer,Central,Ohio,2023-07-21,2023-07-23
ORD-100520,Advantus Ring Binder,Furniture,Furnishings,512.07,10,0.4,-124.4,28.85,Wanda Yang,Home Office,Central,Texas,2021-10-07,2021-10-09
ORD-100521,Acco Staple Remover,Office Supplies,Supplies,124.52,7,0.2,7.23,12.15,John Davis,Consumer,South,Mississippi,2022-04-16,2022-04-18
ORD-100522,HP Wireless Mouse,Technology,Accessories,382.38,8,0.2,24.54,24.26,Rebecca Walker,Home Office,East,Massachusetts,2022-11-02,2022-11-05
ORD-100523,Humanscale Chair,Furniture,Chairs,388.28,7,0.4,-116.03,14.35,Aaron Martinez,Consumer,South,Georgia,2023-05-22,2023-05-26
ORD-100524,Staples Copy Paper,Office Supplies,Paper,137.25,10,0.0,39.67,18.03,Cory Pitts,Corporate,Central,Texas,2022-08-29,2022-09-01
ORD-100525,Realspace Bookcase,Furniture,Bookcases,234.93,6,0.1,9.35,15.71,Patricia Jones,Corporate,East,Virginia,2021-10-11,2021-10-16
ORD-100526,Avery Address Labels,Office Supplies,Labels,105.81,6,0.4,-9.2,8.11,Daniel Mccoy,Home Office,Central,Wisconsin,2022-07-07,2022-07-11
ORD-100527,Brother Fax Machine,Technology,Machines,321.95,3,0.5,-81.64,15.88,Frederick Moss,Corporate,East,Connecticut,2023-01-19,2023-01-22
ORD-100528,Avery File Folder Labels,Office Supplies,Labels,89.18,7,0.0,24.85,6.49,Taylor Sims,Home Office,Central,Ohio,2021-08-21,2021-08-25
ORD-100529,Humanscale Chair,Furniture,Chairs,375.23,4,0.4,-89.5,22.87,Dean Ortiz,Corporate,Central,Michigan,2022-12-09,2022-12-12
ORD-100530,Apple iPhone 14,Technology,Phones,533.47,8,0.0,20.04,19.18,Robert Allen,Consumer,West,Oregon,2021-06-14,2021-06-17
ORD-100531,Expo Dry Erase,Office Supplies,Art,126.76,5,0.0,16.86,6.13,Lori Levine,Consumer,Central,Michigan,2021-02-16,2021-02-19
ORD-100532,Realspace Bookcase,Furniture,Bookcases,266.51,8,0.1,-9.59,27.15,Brianna Warner,Corporate,Central,Wisconsin,2022-04-21,2022-04-26
ORD-100533,Bush Furniture Bookcase,Furniture,Bookcases,154.64,1,0.0,24.44,13.77,Frederick Bond,Consumer,Central,Texas,2023-07-01,2023-07-04
ORD-100534,Brother Fax Machine,Technology,Machines,335.17,3,0.0,66.14,10.81,Shawn Martinez,Corporate,West,Utah,2021-12-07,2021-12-11
ORD-100535,Bush Furniture Bookcase,Furniture,Bookcases,304.37,6,0.0,37.7,21.19,Jennifer Moyer,Corporate,West,Arizona,2022-10-11,2022-10-15
ORD-100536,Google Pixel 7,Technology,Phones,422.29,6,0.0,48.92,37.64,Tommy Patterson,Consumer,South,Mississippi,2021-11-29,2021-12-03
ORD-100537,Fiskars Scissors,Office Supplies,Supplies,121.88,6,0.2,4.3,25.19,William West,Corporate,West,Utah,2023-11-06,2023-11-09
ORD-100538,Sauder Bookcase,Furniture,Bookcases,123.21,6,0.0,9.68,6.95,Joshua Bush,Home Office,South,Alabama,2021-03-24,2021-03-26
ORD-100539,Brother Fax Machine,Technology,Machines,650.12,2,0.5,-115.39,26.65,Joshua Bush,Corporate,East,New York,2022-02-04,2022-02-08
ORD-100540,HP Office Paper,Office Supplies,Paper,78.84,6,0.0,15.97,4.91,Lucas Hernandez,Corporate,South,Georgia,2023-10-02,2023-10-05
ORD-100541,Cardinal Binder,Office Supplies,Binders,79.71,5,0.0,25.81,24.25,William West,Home Office,South,Louisiana,2022-12-08,2022-12-11
ORD-100542,Global Leather Chair,Furniture,Chairs,355.83,6,0.0,43.23,36.04,Kara Davis,Consumer,West,Oregon,2023-05-19,2023-05-23
ORD-100543,Realspace Bookcase,Furniture,Bookcases,433.63,3,0.0,48.54,34.14,Courtney Gardner,Consumer,West,Arizona,2023-02-09,2023-02-11
ORD-100544,HP LaserJet,Technology,Machines,368.55,4,0.0,62.72,10.44,David Martinez,Corporate,Central,Michigan,2022-08-16,2022-08-20
ORD-100545,Memorex Tape,Office Supplies,Supplies,87.71,1,0.0,19.13,12.24,Hayden Garcia,Consumer,Central,Michigan,2022-06-22,2022-06-25
ORD-100546,Bush Coat Rack,Furniture,Furnishings,397.32,2,0.0,40.76,30.74,Tiffany Lloyd,Consumer,South,Mississippi,2021-05-17,2021-05-21
ORD-100547,Samsung Galaxy S22,Technology,Phones,527.22,6,0.0,92.77,20.91,Jeremy Thomas,Home Office,Central,Michigan,2021-02-05,2021-02-10
ORD-100548,HP Office Paper,Office Supplies,Paper,92.52,9,0.0,11.11,21.81,Mark Hansen,Corporate,Central,Minnesota,2023-05-10,2023-05-14
ORD-100549,Epson Scanner,Technology,Machines,556.61,2,0.1,65.3,23.63,Samantha Hernandez,Corporate,Central,Ohio,2021-07-13,2021-07-17
ORD-100550,Realspace Bookcase,Furniture,Bookcases,429.76,2,0.0,-19.26,25.19,Penny Wilson,Home Office,South,North Carolina,2021-10-22,2021-10-23
ORD-100551,Humanscale Chair,Furniture,Chairs,560.6,1,0.1,7.3,22.62,Jennifer Montgomery,Consumer,South,Florida,2022-01-21,2022-01-26
ORD-100552,Bush Furniture Bookcase,Furniture,Bookcases,442.98,4,0.0,21.27,30.6,Brittany Joyce,Corporate,Central,Illinois,2023-01-13,2023-01-15
ORD-100553,Google Pixel 7,Technology,Phones,508.04,7,0.0,64.69,16.07,Kimberly Roberts,Consumer,East,New York,2022-04-10,2022-04-13
ORD-100554,Sauder Bookcase,Furniture,Bookcases,235.15,2,0.4,-29.23,13.25,Curtis Fields,Corporate,East,New Jersey,2023-11-18,2023-11-22
ORD-100555,Global Leather Chair,Furniture,Chairs,287.12,9,0.3,-37.08,25.29,Kaitlin Young,Consumer,Central,Minnesota,2022-02-14,2022-02-16
ORD-100556,Nokia 5310,Technology,Phones,549.21,3,0.4,-63.28,28.49,Michelle Henderson,Consumer,West,Colorado,2023-11-01,2023-11-05
ORD-100557,Fiskars Scissors,Office Supplies,Supplies,94.81,3,0.3,-0.17,31.39,James Reed,Corporate,West,Nevada,2021-07-22,2021-07-28
ORD-100558,Motorola Edge,Technology,Phones,794.55,8,0.3,-49.96,37.92,Jeremy Thomas,Consumer,East,Massachusetts,2023-05-19,2023-05-22
ORD-100559,Rubbermaid Cabinet,Furniture,Furnishings,334.13,4,0.1,24.24,17.53,Sheryl Wright,Corporate,South,Alabama,2021-03-25,2021-03-27
ORD-100560,Ricoh Aficio,Technology,Copiers,586.88,2,0.0,140.47,28.85,Travis Allen,Home Office,West,California,2023-05-27,2023-05-29
ORD-100561,Global Leather Chair,Furniture,Chairs,386.65,4,0.1,-14.36,37.48,Carla Chen,Home Office,East,New Jersey,2021-06-24,2021-06-26
ORD-100562,Rubbermaid Cabinet,Furniture,Furnishings,506.01,6,0.1,-18.88,29.41,Ebony Adams,Corporate,Central,Missouri,2021-09-09,2021-09-12
ORD-100563,Hon 10500 Table,Furniture,Tables,346.32,4,0.2,-33.84,13.56,Carrie Owens,Consumer,East,New York,2023-04-09,2023-04-16
ORD-100564,Memorex Tape,Office Supplies,Supplies,87.95,3,0.0,20.79,21.59,Brianna Warner,Corporate,West,Nevada,2021-07-23,2021-07-27
ORD-100565,Lorell Mirror,Furniture,Furnishings,348.56,9,0.0,42.21,19.25,Travis Allen,Corporate,West,Oregon,2021-06-06,2021-06-10
ORD-100566,Xerox WorkCentre,Technology,Copiers,668.19,8,0.1,81.97,17.25,Timothy Wiggins,Consumer,South,Tennessee,2021-02-06,2021-02-12
ORD-100567,Canon imageRUNNER,Technology,Copiers,370.93,10,0.2,25.3,28.24,Jose Hogan,Consumer,Central,Wisconsin,2022-09-13,2022-09-18
ORD-100568,Staples Copy Paper,Office Supplies,Paper,128.06,10,0.2,-0.18,26.26,Kenneth Lynch,Corporate,Central,Michigan,2023-08-21,2023-08-24
ORD-100569,Samsung Galaxy S22,Technology,Phones,505.58,1,0.3,-12.61,29.99,Stephen Reyes,Home Office,Central,Ohio,2022-08-06,2022-08-09
ORD-100570,Realspace Bookcase,Furniture,Bookcases,274.29,4,0.2,2.41,24.48,Sandra Torres,Corporate,Central,Illinois,2023-02-19,2023-02-21
ORD-100571,Logitech Keyboard,Technology,Accessories,385.99,10,0.1,41.02,22.09,Mary Meza,Consumer,Central,Illinois,2021-05-15,2021-05-20
ORD-100572,Realspace Bookcase,Furniture,Bookcases,289.23,2,0.2,-17.13,14.34,Eric Hood,Corporate,South,North Carolina,2021-02-11,2021-02-15
ORD-100573,Staples Standard Envelopes,Office Supplies,Envelopes,54.92,8,0.2,-0.66,30.4,Nathan Bradshaw,Home Office,Central,Ohio,2023-10-15,2023-10-19
ORD-100574,IKEA KALLAX,Furniture,Bookcases,501.34,4,0.2,-51.31,38.89,Barbara Barber,Home Office,East,New Jersey,2021-06-04,2021-06-09
ORD-100575,Konica Minolta,Technology,Copiers,251.38,9,0.3,-42.15,19.72,Taylor Hall,Corporate,West,Oregon,2021-07-14,2021-07-18
ORD-100576,Bush Coat Rack,Furniture,Furnishings,233.32,3,0.1,-10.77,13.42,Philip Cole,Corporate,West,California,2022-10-04,2022-10-07
ORD-100577,Eldon Mobile,Office Supplies,Storage,142.54,3,0.0,38.56,26.0,Dennis Schaefer,Consumer,East,Connecticut,2023-08-16,2023-08-19
ORD-100578,Global Leather Chair,Furniture,Chairs,227.42,5,0.2,11.97,13.92,Kaitlin Young,Home Office,South,North Carolina,2022-09-07,2022-09-12
ORD-100579,Anker Charger,Technology,Accessories,567.08,7,0.2,2.13,15.34,Holly Smith,Corporate,South,Tennessee,2022-05-04,2022-05-06
ORD-100580,HP LaserJet,Technology,Machines,10.1,1,0.0,2.97,27.41,William Robbins,Home Office,West,Colorado,2021-11-23,2021-11-26
ORD-100581,Fellowes Storage Case,Office Supplies,Storage,45.53,4,0.0,6.27,23.74,Keith Lewis,Home Office,East,Massachusetts,2022-10-05,2022-10-09
ORD-100582,OIC Binder Clips,Office Supplies,Fasteners,122.72,6,0.3,12.52,25.36,Meghan Martin,Corporate,East,Pennsylvania,2021-09-05,2021-09-09
ORD-100583,Samsung Galaxy S22,Technology,Phones,631.48,10,0.0,131.47,30.03,Ashley Johnson,Consumer,West,Oregon,2022-04-29,2022-05-05
ORD-100584,Safco Round Table,Furniture,Tables,381.37,5,0.0,54.41,36.73,David Marshall,Consumer,West,Oregon,2021-08-20,2021-08-23
ORD-100585,Xerox Multi-Use Paper,Office Supplies,Paper,114.29,2,0.1,17.61,11.67,Samantha Hernandez,Consumer,Central,Minnesota,2021-03-13,2021-03-18
ORD-100586,Fellowes Storage Case,Office Supplies,Storage,93.33,5,0.0,20.24,28.9,Phillip Lewis,Home Office,Central,Illinois,2023-06-26,2023-06-29
ORD-100587,Sterilite Storage Box,Office Supplies,Storage,65.87,8,0.2,3.03,29.33,Travis Allen,Consumer,Central,Missouri,2023-06-18,2023-06-22
ORD-100588,Cardinal Binder,Office Supplies,Binders,35.83,10,0.2,1.97,18.51,Erica Scott,Consumer,Central,Minnesota,2022-11-13,2022-11-17
ORD-100589,Samsung Galaxy S22,Technology,Phones,251.83,7,0.0,31.43,16.29,Eric Chandler,Corporate,South,Mississippi,2022-11-01,2022-11-04
ORD-100590,HP Wireless Mouse,Technology,Accessories,438.78,8,0.4,-30.89,15.38,Michael Moore,Home Office,South,Mississippi,2021-06-18,2021-06-20
ORD-100591,Staples Standard Staples,Office Supplies,Fasteners,119.39,7,0.4,-21.31,29.27,Yvonne Wilson,Consumer,East,Massachusetts,2021-12-22,2021-12-26
ORD-100592,Logitech Keyboard,Technology,Accessories,251.66,1,0.1,37.0,19.61,Carla Park,Consumer,South,Georgia,2022-04-05,2022-04-06
ORD-100593,Staedtler Pens,Office Supplies,Art,58.56,8,0.3,-1.83,17.51,Donna Jones,Corporate,East,New York,2022-06-17,2022-06-19
ORD-100594,Epson Scanner,Technology,Machines,498.01,10,0.0,65.53,35.21,Jessica Smith,Consumer,South,Tennessee,2022-04-05,2022-04-09
ORD-100595,Ikea BEKANT Desk,Furniture,Tables,322.65,4,0.0,10.74,27.93,Alison Taylor,Consumer,Central,Ohio,2022-01-23,2022-01-26
ORD-100596,Realspace Bookcase,Furniture,Bookcases,237.84,10,0.0,27.59,10.33,Mary Meza,Consumer,West,Colorado,2023-07-28,2023-07-30
ORD-100597,Fiskars Scissors,Office Supplies,Supplies,39.02,5,0.5,-6.16,21.9,Christina Smith,Consumer,East,New York,2021-05-01,2021-05-03
ORD-100598,Safco Round Table,Furniture,Tables,307.64,8,0.0,39.26,17.72,Carla Chen,Consumer,West,Arizona,2021-09-28,2021-10-04
ORD-100599,Canon Printer,Technology,Machines,445.83,6,0.4,-32.01,19.56,Lisa Joyce,Home Office,West,Nevada,2023-12-23,2023-12-26
ORD-100600,Stanley Staple Gun,Office Supplies,Fasteners,94.01,8,0.3,-3.9,8.96,David Barrett,Home Office,Central,Michigan,2022-06-24,2022-06-28
ORD-100601,Belkin USB Hub,Technology,Accessories,429.57,7,0.0,88.99,35.76,Sherri Holmes,Consumer,East,Massachusetts,2023-06-21,2023-06-23
ORD-100602,Lorell Mirror,Furniture,Furnishings,315.86,2,0.0,32.23,14.82,Robert Allen,Home Office,South,Florida,2023-10-11,2023-10-12
ORD-100603,HP LaserJet,Technology,Machines,297.68,9,0.3,-27.73,13.83,David Hoffman,Home Office,West,Arizona,2022-08-05,2022-08-07
ORD-100604,Steelcase Leap,Furniture,Chairs,141.69,7,0.0,26.56,30.92,William Ball,Corporate,East,New Jersey,2021-06-07,2021-06-10
ORD-100605,Google Pixel 7,Technology,Phones,210.98,10,0.2,-3.09,16.11,Leslie Lynch,Corporate,South,Tennessee,2021-08-06,2021-08-11
ORD-100606,Mead Envelopes,Office Supplies,Envelopes,67.01,6,0.3,1.66,24.42,Michelle Henderson,Home Office,West,Washington,2021-03-31,2021-04-04
ORD-100607,Jabra Headset,Technology,Accessories,362.81,7,0.3,0.87,17.95,Penny Wilson,Home Office,East,New York,2023-02-21,2023-02-23
ORD-100608,Rubbermaid Cabinet,Furniture,Furnishings,229.18,9,0.0,26.11,19.61,David Marshall,Corporate,West,Oregon,2021-11-12,2021-11-14
ORD-100609,Eldon Shelf,Furniture,Furnishings,209.76,7,0.2,9.91,9.7,Christina Hoffman,Consumer,South,Mississippi,2023-03-06,2023-03-09
ORD-100610,Bestar Folding Table,Furniture,Tables,167.49,2,0.0,19.34,18.16,Kara Davis,Corporate,South,Alabama,2023-11-18,2023-11-21
ORD-100611,Staples Standard Staples,Office Supplies,Fasteners,110.28,2,0.4,-8.75,19.07,Stephen Curtis,Corporate,South,North Carolina,2023-09-06,2023-09-09
ORD-100612,Epson Scanner,Technology,Machines,380.35,1,0.0,65.99,28.47,Taylor Sims,Consumer,Central,Minnesota,2023-11-12,2023-11-15
ORD-100613,Hammermill Copy Paper,Office Supplies,Paper,91.4,8,0.2,4.81,11.99,Michael Aguilar,Consumer,South,Louisiana,2022-01-03,2022-01-08
ORD-100614,Canon Printer,Technology,Machines,564.22,2,0.0,163.92,31.99,Nicole Gomez,Consumer,South,Alabama,2022-01-19,2022-01-22
ORD-100615,Fiskars Scissors,Office Supplies,Supplies,72.16,5,0.0,10.93,8.09,Nicole Gomez,Corporate,Central,Wisconsin,2023-08-01,2023-08-05
ORD-100616,Logitech Keyboard,Technology,Accessories,395.87,7,0.3,27.31,34.09,James Gomez,Corporate,West,Nevada,2022-01-26,2022-01-28
ORD-100617,Expo Dry Erase,Office Supplies,Art,64.28,8,0.5,-6.3,17.02,Shawn Martinez,Consumer,South,Florida,2022-01-26,2022-01-28
ORD-100618,Xerox WorkCentre,Technology,Copiers,678.43,7,0.3,-59.48,36.47,Matthew Compton,Consumer,Central,Illinois,2023-07-10,2023-07-14
ORD-100619,Advantus Ring Binder,Furniture,Furnishings,378.28,6,0.1,38.37,17.8,Sharon Hansen,Consumer,East,Connecticut,2022-08-19,2022-08-20
ORD-100620,Zebra Label Printer,Technology,Machines,349.34,8,0.0,59.33,16.25,Dana Williams,Consumer,South,Florida,2023-05-05,2023-05-10
ORD-100621,Acco Staple Remover,Office Supplies,Supplies,71.39,6,0.3,-5.05,26.02,Cheryl Banks,Corporate,Central,Wisconsin,2022-03-26,2022-03-30
ORD-100622,Google Pixel 7,Technology,Phones,306.12,2,0.3,-37.1,34.58,Travis Allen,Consumer,West,Washington,2021-11-28,2021-12-02
ORD-100623,Apple iPhone 14,Technology,Phones,415.45,3,0.3,-40.92,35.46,Deanna Johnson,Consumer,Central,Ohio,2023-10-09,2023-10-12
ORD-100624,Ergon Chair,Furniture,Chairs,338.05,5,0.5,-127.71,30.95,Dominique Salinas,Corporate,West,California,2021-03-07,2021-03-12
ORD-100625,Lorell Glass Table,Furniture,Tables,349.71,8,0.5,-90.34,30.4,Abigail Berger,Consumer,East,Maryland,2021-04-06,2021-04-11
ORD-100626,Ibico MB,Office Supplies,Binders,26.2,4,0.4,-2.13,7.76,Brittany Joyce,Consumer,East,Connecticut,2021-08-05,2021-08-10
ORD-100627,Memorex Tape,Office Supplies,Supplies,129.29,2,0.3,-10.41,17.44,Joseph Rodriguez,Consumer,West,Colorado,2022-08-22,2022-08-26
ORD-100628,Ricoh Aficio,Technology,Copiers,677.61,6,0.2,27.75,27.76,Frederick Finley,Consumer,Central,Minnesota,2023-05-02,2023-05-07
ORD-100629,Rubbermaid Tote,Office Supplies,Storage,67.44,8,0.5,-12.33,18.28,Jacqueline Fisher,Consumer,West,Utah,2022-05-18,2022-05-20
ORD-100630,Ergon Chair,Furniture,Chairs,377.0,3,0.1,8.97,21.16,Barbara Barber,Consumer,East,New York,2023-01-11,2023-01-17
ORD-100631,Navigator Paper,Office Supplies,Paper,107.24,5,0.2,1.5,13.61,Connie Rios,Consumer,Central,Michigan,2021-03-17,2021-03-21
ORD-100632,Jabra Headset,Technology,Accessories,437.1,10,0.3,-57.12,29.35,Michael Duran,Consumer,South,Louisiana,2022-12-06,2022-12-07
ORD-100633,Rubbermaid Tote,Office Supplies,Storage,86.44,7,0.2,1.28,24.71,Ronald Ingram,Consumer,Central,Illinois,2022-12-09,2022-12-14
ORD-100634,Ikea BEKANT Desk,Furniture,Tables,221.74,1,0.0,35.88,28.94,Deanna Johnson,Consumer,Central,Minnesota,2021-09-16,2021-09-20
ORD-100635,Eldon Mobile,Office Supplies,Storage,124.92,5,0.2,11.3,15.07,Samantha Smith,Consumer,East,Maryland,2022-06-14,2022-06-17
ORD-100636,Fiskars Scissors,Office Supplies,Supplies,55.05,10,0.1,6.84,28.25,Phillip Lewis,Consumer,East,Massachusetts,2021-04-08,2021-04-13
ORD-100637,Epson Scanner,Technology,Machines,604.1,2,0.0,113.02,30.81,Sandra Torres,Consumer,West,Colorado,2023-12-29,2024-01-03
ORD-100638,Konica Minolta,Technology,Copiers,781.09,8,0.0,155.96,20.73,Michele Moore,Consumer,East,New York,2023-01-10,2023-01-13
ORD-100639,Rubbermaid Cabinet,Furniture,Furnishings,333.05,8,0.2,-25.13,20.92,Joseph Smith,Consumer,South,Louisiana,2023-12-14,2023-12-17
ORD-100640,Canon imageRUNNER,Technology,Copiers,431.37,1,0.2,5.34,37.12,Colton Lee,Consumer,East,Maryland,2021-11-30,2021-12-02
ORD-100641,Xerox WorkCentre,Technology,Copiers,523.3,9,0.0,119.23,23.5,Rebecca Walker,Corporate,East,New Jersey,2023-01-27,2023-02-02
ORD-100642,Bestar Folding Table,Furniture,Tables,215.68,5,0.0,7.21,29.43,Melanie Hall,Home Office,South,Florida,2023-02-06,2023-02-09
ORD-100643,Hon 4070 Chair,Furniture,Chairs,89.66,8,0.4,-17.45,25.89,Jacqueline Yang,Corporate,South,Tennessee,2023-09-29,2023-09-30
ORD-100644,Dixon Ticonderoga Pencils,Office Supplies,Art,54.69,3,0.3,-6.98,12.87,Edward Murphy,Consumer,South,Mississippi,2023-09-01,2023-09-06
ORD-100645,Mead Envelopes,Office Supplies,Envelopes,102.43,2,0.3,10.72,24.14,Joanna Ruiz,Home Office,East,Maryland,2023-04-19,2023-04-22
ORD-100646,Samsung Galaxy S22,Technology,Phones,409.03,9,0.4,-40.12,14.43,Tiffany Lloyd,Corporate,East,Connecticut,2022-09-25,2022-09-29
ORD-100647,Belkin USB Hub,Technology,Accessories,423.09,7,0.1,40.22,24.73,Taylor Howard,Home Office,South,Florida,2023-12-26,2023-12-28
ORD-100648,Nokia 5310,Technology,Phones,557.05,2,0.1,47.62,21.85,Melissa Newton,Consumer,Central,Michigan,2021-02-17,2021-02-20
ORD-100649,Zebra Label Printer,Technology,Machines,452.78,3,0.0,88.78,13.64,James Wong,Corporate,West,California,2022-01-10,2022-01-13
ORD-100650,Epson Scanner,Technology,Machines,303.11,4,0.0,69.59,25.18,Mark Chapman,Home Office,South,Mississippi,2023-03-10,2023-03-12
ORD-100651,Sterilite Storage Box,Office Supplies,Storage,84.4,7,0.0,15.38,5.47,Connie Rios,Consumer,Central,Illinois,2022-04-30,2022-05-03
ORD-100652,Samsung Galaxy S22,Technology,Phones,495.84,2,0.3,-52.03,26.43,Joshua Bush,Corporate,West,Oregon,2022-04-24,2022-04-30
ORD-100653,Avery Shipping Labels,Office Supplies,Labels,90.9,8,0.5,-16.4,21.58,William Harrington,Consumer,South,Alabama,2021-10-19,2021-10-22
ORD-100654,Fiskars Scissors,Office Supplies,Supplies,124.75,4,0.1,20.43,19.27,Michelle Hansen MD,Corporate,Central,Missouri,2021-12-09,2021-12-10
ORD-100655,Steelcase Leap,Furniture,Chairs,307.0,9,0.5,-79.55,32.85,Keith Lewis,Corporate,East,Massachusetts,2021-04-04,2021-04-06
ORD-100656,Jiffy Mailer,Office Supplies,Envelopes,134.49,4,0.2,11.82,14.37,Christopher Gibbs,Corporate,Central,Missouri,2022-03-08,2022-03-12
ORD-100657,Global Leather Chair,Furniture,Chairs,311.24,3,0.1,-14.19,33.4,Kimberly Kelley,Consumer,East,Connecticut,2022-03-08,2022-03-11
ORD-100658,Ergon Chair,Furniture,Chairs,182.19,2,0.0,15.44,28.59,Sheryl Wright,Home Office,East,Virginia,2023-09-29,2023-10-04
ORD-100659,Hammermill Copy Paper,Office Supplies,Paper,70.5,1,0.0,14.85,4.94,Sheryl Wright,Home Office,South,North Carolina,2023-01-04,2023-01-07
ORD-100660,Avery Address Labels,Office Supplies,Labels,91.81,8,0.5,-14.09,5.83,Carrie Sanchez,Corporate,Central,Missouri,2022-07-30,2022-08-03
ORD-100661,Avery Address Labels,Office Supplies,Labels,87.74,5,0.1,14.42,18.09,Jose Hogan,Corporate,West,Utah,2023-10-07,2023-10-13
ORD-100662,Ikea BEKANT Desk,Furniture,Tables,317.74,10,0.3,-75.87,33.14,Adam Page,Consumer,West,Colorado,2022-02-01,2022-02-05
ORD-100663,Stanley Staple Gun,Office Supplies,Fasteners,59.94,6,0.1,7.96,31.07,Mark Chapman,Home Office,South,Florida,2022-07-16,2022-07-18
ORD-100664,Rubbermaid Cabinet,Furniture,Furnishings,164.84,7,0.1,8.24,14.84,Joanna Ruiz,Consumer,East,Maryland,2022-07-16,2022-07-18
ORD-100665,Samsung Galaxy S22,Technology,Phones,654.92,3,0.0,157.8,17.8,Stephanie Stevenson,Home Office,South,Florida,2023-03-14,2023-03-16
ORD-100666,Ergon Chair,Furniture,Chairs,284.39,8,0.0,49.64,17.89,Laura Martin,Consumer,Central,Missouri,2021-07-18,2021-07-19
ORD-100667,Ikea BEKANT Desk,Furniture,Tables,327.84,10,0.0,27.26,35.87,Joshua Bush,Consumer,South,Mississippi,2021-04-22,2021-04-27
ORD-100668,Cardinal Binder,Office Supplies,Binders,70.37,10,0.2,3.16,6.18,Taylor Hall,Consumer,East,Virginia,2021-03-10,2021-03-13
ORD-100669,Konica Minolta,Technology,Copiers,347.89,10,0.3,-17.91,26.81,Carrie Sanchez,Corporate,East,Connecticut,2021-04-25,2021-04-29
ORD-100670,Wilson Jones Binder,Office Supplies,Binders,95.14,2,0.0,20.95,20.97,Dana Williams,Corporate,East,Massachusetts,2023-07-18,2023-07-21
ORD-100671,Staedtler Pens,Office Supplies,Art,103.98,3,0.0,29.07,26.6,Sheryl Wright,Consumer,Central,Ohio,2021-05-19,2021-05-23
ORD-100672,IKEA KALLAX,Furniture,Bookcases,423.95,5,0.0,10.92,11.7,Jessica Dodson,Consumer,West,Washington,2021-05-04,2021-05-06
ORD-100673,Humanscale Chair,Furniture,Chairs,16.47,2,0.0,2.42,21.36,Nathan Bradshaw,Home Office,Central,Texas,2021-10-24,2021-10-26
ORD-100674,Prepac Bookcase,Furniture,Bookcases,145.97,8,0.4,-33.75,30.5,Nicole Jimenez,Consumer,Central,Michigan,2023-08-16,2023-08-20
ORD-100675,Belkin USB Hub,Technology,Accessories,222.78,6,0.3,-33.44,17.61,Crystal Williams DVM,Consumer,South,Alabama,2023-10-13,2023-10-16
ORD-100676,Kraft Envelopes,Office Supplies,Envelopes,107.33,3,0.0,27.69,10.4,Melissa Newton,Consumer,East,New Jersey,2023-03-31,2023-04-02
ORD-100677,Anker Charger,Technology,Accessories,317.76,6,0.3,-60.23,16.0,Amy Reyes,Home Office,West,Washington,2023-01-08,2023-01-09
ORD-100678,Avery Heavy Duty Binder,Office Supplies,Binders,72.52,6,0.4,-5.83,12.69,Jose Hogan,Corporate,West,Nevada,2022-02-06,2022-02-07
ORD-100679,Lorell Glass Table,Furniture,Tables,132.53,3,0.3,-17.34,10.83,Edward Clark,Consumer,South,Louisiana,2022-05-07,2022-05-10
ORD-100680,Advantus Ring Binder,Furniture,Furnishings,308.16,9,0.0,39.74,13.17,Timothy Best,Corporate,East,Virginia,2023-02-14,2023-02-18
ORD-100681,Staedtler Pens,Office Supplies,Art,93.83,10,0.0,16.08,18.61,Debra Andrade,Corporate,South,Georgia,2022-05-22,2022-05-24
ORD-100682,Safco Round Table,Furniture,Tables,453.59,8,0.0,41.76,22.9,Tina Williams,Corporate,Central,Minnesota,2023-11-09,2023-11-12
ORD-100683,Acco Staple Remover,Office Supplies,Supplies,89.13,10,0.0,15.45,27.53,Kenneth Lynch,Consumer,South,Georgia,2021-03-16,2021-03-19
ORD-100684,Motorola Edge,Technology,Phones,339.07,1,0.1,18.91,26.55,Stephen Reyes,Consumer,South,Alabama,2022-06-06,2022-06-10
ORD-100685,Realspace Bookcase,Furniture,Bookcases,289.25,8,0.0,53.68,26.21,Ryan Koch,Consumer,Central,Ohio,2023-05-23,2023-05-26
ORD-100686,Motorola Edge,Technology,Phones,190.5,1,0.1,3.68,15.82,Raymond Guerra,Consumer,West,California,2023-01-06,2023-01-12
ORD-100687,Staples Standard Staples,Office Supplies,Fasteners,137.08,5,0.0,28.72,13.83,Michael Duran,Corporate,West,Utah,2022-11-06,2022-11-09
ORD-100688,Bush Coat Rack,Furniture,Furnishings,229.71,7,0.0,34.91,27.12,Timothy Ford,Corporate,East,Massachusetts,2022-12-11,2022-12-16
ORD-100689,Lorell Mirror,Furniture,Furnishings,237.33,7,0.3,-11.56,26.59,Timothy Best,Consumer,Central,Missouri,2022-03-06,2022-03-09
ORD-100690,HP Office Paper,Office Supplies,Paper,111.69,1,0.1,12.91,23.02,Melanie Hall,Home Office,West,Arizona,2022-03-06,2022-03-09
ORD-100691,Bush Coat Rack,Furniture,Furnishings,568.88,1,0.4,-142.38,18.53,Courtney Gardner,Corporate,Central,Ohio,2022-12-28,2022-12-31
ORD-100692,Deflect-o Stackable,Office Supplies,Storage,113.75,4,0.1,17.63,14.15,Patricia Jones,Consumer,West,Nevada,2022-11-08,2022-11-12
ORD-100693,Ikea BEKANT Desk,Furniture,Tables,466.21,1,0.0,83.02,14.2,Eric Hood,Home Office,West,California,2023-07-14,2023-07-18
ORD-100694,Google Pixel 7,Technology,Phones,415.12,6,0.3,-40.55,22.4,Kimberly Cooper,Corporate,East,New Jersey,2023-03-02,2023-03-05
ORD-100695,Konica Minolta,Technology,Copiers,483.6,3,0.4,-84.09,21.04,Jessica Smith,Home Office,East,Massachusetts,2021-11-18,2021-11-25
ORD-100696,Prepac Bookcase,Furniture,Bookcases,551.61,5,0.0,58.93,40.79,Tommy Patterson,Corporate,West,Arizona,2023-08-31,2023-09-02
ORD-100697,Lorell Glass Table,Furniture,Tables,266.16,8,0.1,7.78,28.23,Taylor Johnson,Home Office,Central,Minnesota,2023-07-02,2023-07-04
ORD-100698,Jiffy Mailer,Office Supplies,Envelopes,46.89,7,0.0,8.04,28.24,Amy Reyes,Home Office,South,Alabama,2022-08-13,2022-08-17
ORD-100699,Staedtler Pens,Office Supplies,Art,128.41,4,0.4,-17.06,9.83,Crystal Johnson,Corporate,East,Massachusetts,2023-06-04,2023-06-07
ORD-100700,Jabra Headset,Technology,Accessories,242.49,2,0.3,-8.04,21.47,David Marshall,Corporate,South,Mississippi,2022-08-21,2022-08-25
ORD-100701,HP Wireless Mouse,Technology,Accessories,599.71,7,0.0,129.51,25.78,Dennis Schaefer,Consumer,East,Massachusetts,2022-10-30,2022-11-02
ORD-100702,Samsung Galaxy S22,Technology,Phones,569.37,8,0.0,80.94,29.19,William Robbins,Corporate,Central,Wisconsin,2022-02-03,2022-02-06
ORD-100703,Rubbermaid Cabinet,Furniture,Furnishings,139.38,3,0.0,24.4,20.22,Jermaine Wolf,Home Office,West,Washington,2022-05-12,2022-05-16
ORD-100704,HP Office Paper,Office Supplies,Paper,79.67,1,0.4,-8.97,18.97,Jamie Pierce,Consumer,West,Nevada,2023-03-12,2023-03-14
ORD-100705,Avery Flexi-View,Office Supplies,Binders,132.5,1,0.3,1.04,26.36,David Hoffman,Consumer,Central,Michigan,2023-06-25,2023-06-29
ORD-100706,Apple iPhone 14,Technology,Phones,482.94,4,0.2,61.94,14.36,Douglas Rodriguez,Home Office,South,Florida,2022-05-27,2022-05-30
ORD-100707,Dixon Ticonderoga Pencils,Office Supplies,Art,69.41,6,0.1,12.94,9.51,Brianna Warner,Corporate,East,Massachusetts,2021-07-17,2021-07-22
ORD-100708,Eldon Shelf,Furniture,Furnishings,316.84,3,0.0,35.94,26.99,Kimberly Garrett,Consumer,West,Washington,2022-03-01,2022-03-07
ORD-100709,Steelcase Leap,Furniture,Chairs,493.42,7,0.0,61.87,29.04,Kayla Elliott,Consumer,Central,Illinois,2021-01-25,2021-01-28
ORD-100710,BIC Cristal Pens,Office Supplies,Art,107.23,3,0.0,29.34,22.3,Dr. David Hoover,Consumer,East,Connecticut,2021-07-28,2021-08-01
ORD-100711,Wilson Jones Binder,Office Supplies,Binders,78.32,7,0.1,7.68,24.6,Edward Murphy,Home Office,East,Connecticut,2022-10-14,2022-10-21
ORD-100712,Avery Address Labels,Office Supplies,Labels,56.57,4,0.2,-2.17,5.75,Mary Lambert,Consumer,East,New Jersey,2023-10-29,2023-11-02
ORD-100713,Canon imageRUNNER,Technology,Copiers,738.99,6,0.0,92.26,26.35,Sheryl Wright,Home Office,East,Pennsylvania,2023-02-07,2023-02-10
ORD-100714,Advantus Binder Clips,Office Supplies,Fasteners,82.92,4,0.0,17.09,6.12,Jessica Dodson,Corporate,West,Utah,2021-03-23,2021-03-27
ORD-100715,Avery Shipping Labels,Office Supplies,Labels,99.84,1,0.0,26.04,18.27,William West,Consumer,South,Alabama,2022-05-24,2022-05-29
ORD-100716,Avery File Folder Labels,Office Supplies,Labels,117.54,4,0.1,13.03,16.86,Frederick Moss,Corporate,East,Pennsylvania,2022-01-30,2022-02-01
ORD-100717,Maco Labels,Office Supplies,Labels,84.65,10,0.1,13.05,21.85,Theresa Brown,Consumer,West,Arizona,2023-08-15,2023-08-18
ORD-100718,Realspace Bookcase,Furniture,Bookcases,280.16,9,0.2,5.71,20.31,Mary Meza,Consumer,South,Georgia,2022-07-11,2022-07-16
ORD-100719,Staples Copy Paper,Office Supplies,Paper,105.71,10,0.1,18.68,20.04,James Smith,Consumer,South,Mississippi,2021-11-16,2021-11-21
ORD-100720,Rubbermaid Cabinet,Furniture,Furnishings,389.55,6,0.0,61.81,23.46,Carol Wilson,Corporate,South,Alabama,2021-12-26,2021-12-29
ORD-100721,Zebra Label Printer,Technology,Machines,438.96,7,0.1,15.43,29.09,Jose Jones,Home Office,South,Tennessee,2021-11-13,2021-11-19
ORD-100722,Google Pixel 7,Technology,Phones,473.95,6,0.1,31.96,25.67,Ashley Johnson,Corporate,West,Washington,2021-05-26,2021-05-29
ORD-100723,Rubbermaid Tote,Office Supplies,Storage,73.08,1,0.2,6.53,21.89,Samantha Hernandez,Consumer,West,Nevada,2023-01-25,2023-01-29
ORD-100724,BIC Cristal Pens,Office Supplies,Art,129.63,1,0.0,28.66,8.08,Kaitlin Young,Corporate,West,Arizona,2022-06-20,2022-06-24
ORD-100725,Ergon Chair,Furniture,Chairs,347.06,5,0.2,8.71,23.46,Lucas Hernandez,Consumer,West,Nevada,2023-02-27,2023-03-02
ORD-100726,Realspace Bookcase,Furniture,Bookcases,338.89,3,0.0,77.97,15.43,Karen Charles,Corporate,East,New York,2023-12-28,2024-01-01
ORD-100727,Jabra Headset,Technology,Accessories,500.48,9,0.1,5.99,20.79,Cheryl Banks,Consumer,East,New York,2023-03-27,2023-03-31
ORD-100728,Bestar Folding Table,Furniture,Tables,400.4,8,0.1,15.64,16.75,Jose Hogan,Corporate,South,Georgia,2023-06-02,2023-06-04
ORD-100729,Anker Charger,Technology,Accessories,616.36,3,0.0,131.69,17.64,Laura Martin,Corporate,South,Tennessee,2022-02-16,2022-02-18
ORD-100730,Hon 10500 Table,Furniture,Tables,293.39,1,0.0,11.38,34.66,Kimberly Kelley,Corporate,South,Louisiana,2021-09-13,2021-09-16
ORD-100731,Humanscale Chair,Furniture,Chairs,284.92,10,0.1,-6.42,18.71,Douglas Rodriguez,Consumer,Central,Michigan,2021-03-27,2021-03-29
ORD-100732,Tyvek Mailer,Office Supplies,Envelopes,71.42,6,0.3,0.67,4.51,Carmen Fowler,Consumer,South,Alabama,2022-12-04,2022-12-11
ORD-100733,Sanford Markers,Office Supplies,Art,143.44,6,0.1,22.91,24.4,Stephanie Ramirez,Corporate,East,Virginia,2023-04-03,2023-04-07
ORD-100734,HP Office Paper,Office Supplies,Paper,51.73,6,0.2,4.25,10.34,Susan Hamilton,Consumer,East,Maryland,2023-09-01,2023-09-05
ORD-100735,Wilson Jones Binder,Office Supplies,Binders,128.29,7,0.0,24.31,10.83,Jermaine Wolf,Home Office,South,Tennessee,2023-09-20,2023-09-23
ORD-100736,Xerox Multi-Use Paper,Office Supplies,Paper,85.71,8,0.0,18.92,16.76,Steven Davis,Consumer,South,Mississippi,2021-10-21,2021-10-26
ORD-100737,Bestar Folding Table,Furniture,Tables,215.81,2,0.1,11.31,26.64,Adam White,Home Office,West,Utah,2021-08-25,2021-08-28
ORD-100738,Rubbermaid Cabinet,Furniture,Furnishings,295.49,2,0.2,-11.53,33.82,Tiffany Lloyd,Consumer,West,Colorado,2021-11-25,2021-12-01
ORD-100739,Avery Shipping Labels,Office Supplies,Labels,61.6,9,0.5,-12.44,16.03,Christina Smith,Consumer,East,Maryland,2023-10-05,2023-10-07
ORD-100740,Apple iPhone 14,Technology,Phones,525.58,2,0.1,42.76,16.95,Timothy Best,Corporate,East,New Jersey,2022-04-23,2022-04-26
ORD-100741,Steelcase Leap,Furniture,Chairs,517.24,7,0.0,41.39,23.2,Dr. David Hoover,Corporate,East,Connecticut,2022-10-04,2022-10-10
ORD-100742,Avery Address Labels,Office Supplies,Labels,97.19,6,0.0,25.91,30.4,Taylor Johnson,Corporate,South,Florida,2021-09-16,2021-09-20
ORD-100743,Bush Furniture Bookcase,Furniture,Bookcases,139.8,2,0.0,1.67,28.68,Taylor Sims,Consumer,East,Connecticut,2022-03-25,2022-03-28
ORD-100744,Zebra Label Printer,Technology,Machines,165.89,4,0.2,13.79,7.74,Susan Lawson,Consumer,East,Virginia,2023-09-07,2023-09-11
ORD-100745,Staples Standard Staples,Office Supplies,Fasteners,72.34,8,0.5,-3.77,24.91,Mary Meza,Consumer,East,Connecticut,2022-01-02,2022-01-07
ORD-100746,Staples Standard Staples,Office Supplies,Fasteners,71.94,1,0.3,-0.77,23.6,Kyle Washington,Consumer,South,Florida,2023-03-12,2023-03-14
ORD-100747,Lorell Mirror,Furniture,Furnishings,495.05,1,0.0,99.16,36.02,Stephanie Stevenson,Consumer,Central,Texas,2023-07-27,2023-07-31
ORD-100748,Expo Dry Erase,Office Supplies,Art,155.97,2,0.0,43.74,18.91,Adam Johnson,Home Office,South,Louisiana,2021-07-28,2021-08-01
ORD-100749,Prepac Bookcase,Furniture,Bookcases,432.89,4,0.0,56.11,18.16,Kayla Nichols,Corporate,South,Georgia,2021-04-18,2021-04-20
ORD-100750,Hon 10500 Table,Furniture,Tables,403.4,5,0.2,-35.32,23.09,Christina Smith,Consumer,East,Virginia,2023-09-28,2023-10-01
ORD-100751,Sharp MX,Technology,Copiers,279.09,8,0.0,50.19,28.71,Matthew Molina,Corporate,West,California,2021-01-24,2021-01-26
ORD-100752,Fellowes Storage Case,Office Supplies,Storage,84.55,3,0.1,9.92,23.61,Jessica Hill,Consumer,West,California,2022-01-06,2022-01-09
ORD-100753,Eldon Shelf,Furniture,Furnishings,393.57,3,0.3,-36.3,29.64,Brittany Joyce,Corporate,East,Virginia,2023-03-18,2023-03-22
ORD-100754,Avery Heavy Duty Binder,Office Supplies,Binders,92.83,2,0.1,19.85,27.85,Kaitlin Young,Consumer,West,Arizona,2021-01-11,2021-01-15
ORD-100755,Epson Scanner,Technology,Machines,227.33,4,0.0,38.72,33.09,William Harrington,Home Office,West,Nevada,2021-03-13,2021-03-15
ORD-100756,Canon imageRUNNER,Technology,Copiers,295.31,10,0.1,1.97,14.57,Ryan Vasquez,Consumer,South,Louisiana,2023-11-30,2023-12-06
ORD-100757,Samsung Galaxy S22,Technology,Phones,396.77,3,0.2,5.52,16.77,Jamie Pierce,Home Office,West,Oregon,2021-07-22,2021-07-26
ORD-100758,Sterilite Storage Box,Office Supplies,Storage,138.43,7,0.1,23.75,31.28,Penny Wilson,Consumer,Central,Ohio,2023-01-06,2023-01-09
ORD-100759,Logitech Keyboard,Technology,Accessories,246.13,6,0.1,47.43,25.41,Dana Williams,Corporate,Central,Wisconsin,2023-05-22,2023-05-28
ORD-100760,Safco Round Table,Furniture,Tables,456.52,2,0.0,58.94,26.48,Sandra Torres,Consumer,South,Tennessee,2023-11-14,2023-11-18
ORD-100761,Jiffy Mailer,Office Supplies,Envelopes,82.75,5,0.0,14.24,14.84,Joseph Lopez,Home Office,Central,Texas,2023-04-14,2023-04-16
ORD-100762,Samsung Galaxy S22,Technology,Phones,350.45,2,0.1,54.12,28.92,Eric Hood,Home Office,Central,Minnesota,2022-04-01,2022-04-04
ORD-100763,Xerox Multi-Use Paper,Office Supplies,Paper,150.31,9,0.1,32.64,29.82,Karen Charles,Consumer,Central,Missouri,2022-08-01,2022-08-05
ORD-100764,Nokia 5310,Technology,Phones,331.78,10,0.2,-11.94,11.06,Kenneth Lynch,Consumer,West,Colorado,2023-04-05,2023-04-08
ORD-100765,Konica Minolta,Technology,Copiers,432.54,9,0.0,39.61,37.37,Sherri Holmes,Home Office,West,Nevada,2023-01-29,2023-02-02
ORD-100766,3M Post-it Flags,Office Supplies,Labels,100.34,2,0.2,5.28,7.08,Meghan Martin,Consumer,East,New Jersey,2023-12-03,2023-12-09
ORD-100767,Apple iPhone 14,Technology,Phones,335.43,7,0.2,-20.04,34.88,Jack Miranda,Home Office,Central,Minnesota,2022-05-07,2022-05-13
ORD-100768,Humanscale Chair,Furniture,Chairs,371.63,7,0.2,-32.2,30.67,Brandon Morse,Consumer,East,Connecticut,2021-10-07,2021-10-10
ORD-100769,Navigator Paper,Office Supplies,Paper,52.56,4,0.0,4.01,13.96,Kara Davis,Corporate,South,Georgia,2022-05-16,2022-05-23
ORD-100770,Deflect-o Stackable,Office Supplies,Storage,89.12,6,0.4,-1.01,11.53,Bianca Melton,Consumer,South,Georgia,2021-10-01,2021-10-05
ORD-100771,Bush Furniture Bookcase,Furniture,Bookcases,509.35,4,0.4,-123.7,38.27,Yvonne Wilson,Corporate,East,Maryland,2021-08-30,2021-09-02
ORD-100772,Sharp MX,Technology,Copiers,313.65,6,0.0,63.81,12.17,Taylor Johnson,Consumer,South,Florida,2023-11-22,2023-11-27
ORD-100773,Canon Printer,Technology,Machines,250.26,9,0.1,28.8,12.16,Nathaniel Wade,Consumer,East,Massachusetts,2022-12-18,2022-12-23
ORD-100774,Brother Fax Machine,Technology,Machines,532.57,7,0.4,-41.89,28.13,Dustin Patterson,Consumer,South,Tennessee,2021-09-11,2021-09-17
ORD-100775,Advantus Ring Binder,Furniture,Furnishings,297.98,6,0.4,-68.59,28.11,David Hoffman,Corporate,West,Oregon,2022-07-06,2022-07-08
ORD-100776,Konica Minolta,Technology,Copiers,269.52,8,0.5,-70.44,34.93,James Patel,Consumer,Central,Illinois,2021-08-15,2021-08-17
ORD-100777,Safco Round Table,Furniture,Tables,282.82,3,0.0,33.48,11.57,Kelly May,Corporate,South,Alabama,2021-09-01,2021-09-04
ORD-100778,Global Leather Chair,Furniture,Chairs,419.63,10,0.2,-42.03,23.12,Mary Lambert,Home Office,East,Maryland,2021-02-13,2021-02-15
ORD-100779,Canon imageRUNNER,Technology,Copiers,648.83,5,0.3,-47.73,39.31,Stephanie Ramirez,Corporate,West,Colorado,2022-08-16,2022-08-19
ORD-100780,Eldon Shelf,Furniture,Furnishings,307.44,4,0.0,19.26,19.98,Timothy Ford,Home Office,West,Washington,2022-05-22,2022-05-26
ORD-100781,Sterilite Storage Box,Office Supplies,Storage,12.42,7,0.1,2.29,22.15,Jerome Walker,Home Office,West,California,2022-07-15,2022-07-22
ORD-100782,Ergon Chair,Furniture,Chairs,398.42,5,0.0,34.24,36.43,Jose Hogan,Consumer,South,Louisiana,2022-04-19,2022-04-22
ORD-100783,Sanford Markers,Office Supplies,Art,92.14,4,0.0,22.65,12.41,Taylor Howard,Corporate,East,New York,2023-05-07,2023-05-10
ORD-100784,Ricoh Aficio,Technology,Copiers,159.99,9,0.3,-13.83,9.72,Aaron Martinez,Consumer,Central,Ohio,2021-07-26,2021-07-29
ORD-100785,Bush Furniture Bookcase,Furniture,Bookcases,405.31,2,0.0,15.11,31.16,Todd Khan,Corporate,Central,Texas,2023-01-09,2023-01-13
ORD-100786,Avery File Folder Labels,Office Supplies,Labels,99.39,10,0.0,15.12,24.57,Lisa Graves,Consumer,South,Florida,2021-09-04,2021-09-05
ORD-100787,Belkin USB Hub,Technology,Accessories,484.63,6,0.4,-68.71,24.8,Suzanne West,Corporate,South,Alabama,2022-02-18,2022-02-22
ORD-100788,Sharp MX,Technology,Copiers,151.58,5,0.0,36.11,21.32,Michele Moore,Corporate,East,Pennsylvania,2021-08-29,2021-09-04
ORD-100789,Global Leather Chair,Furniture,Chairs,221.85,7,0.1,-4.55,14.77,Jason Harrison,Corporate,South,Mississippi,2022-01-25,2022-01-29
ORD-100790,Ergon Chair,Furniture,Chairs,334.07,5,0.0,52.59,15.63,Kara Davis,Corporate,South,Alabama,2022-01-12,2022-01-13
ORD-100791,Nokia 5310,Technology,Phones,247.47,5,0.4,-33.88,15.25,Robert Allen,Consumer,West,Oregon,2022-07-04,2022-07-08
ORD-100792,HP Wireless Mouse,Technology,Accessories,478.61,6,0.0,102.74,31.62,David Marshall,Corporate,East,New York,2021-04-16,2021-04-20
ORD-100793,IKEA KALLAX,Furniture,Bookcases,331.17,4,0.2,-25.95,17.18,Carmen Fowler,Home Office,East,Maryland,2022-06-25,2022-06-29
ORD-100794,Humanscale Chair,Furniture,Chairs,210.69,4,0.3,-28.59,13.17,Stephen Curtis,Corporate,Central,Missouri,2022-06-09,2022-06-16
ORD-100795,Rubbermaid Tote,Office Supplies,Storage,55.69,6,0.0,4.12,17.05,Donna Jones,Corporate,South,Georgia,2022-07-05,2022-07-08
ORD-100796,Belkin USB Hub,Technology,Accessories,479.85,1,0.0,108.06,36.5,Michelle Henderson,Consumer,South,Louisiana,2023-10-13,2023-10-15
ORD-100797,Logitech Keyboard,Technology,Accessories,31.93,2,0.2,-0.97,7.35,Kayla Nichols,Consumer,South,Georgia,2023-03-19,2023-03-23
ORD-100798,Hon 4070 Chair,Furniture,Chairs,384.3,3,0.0,77.96,12.94,Crystal Johnson,Home Office,East,Virginia,2021-01-25,2021-01-29
ORD-100799,Hon 4070 Chair,Furniture,Chairs,312.5,3,0.1,-5.13,24.45,Nathan Bradshaw,Corporate,Central,Missouri,2021-10-20,2021-10-26
ORD-100800,Advantus Ring Binder,Furniture,Furnishings,288.05,9,0.0,48.61,31.03,Frederick Finley,Corporate,West,California,2023-06-29,2023-07-04
ORD-100801,Canon imageRUNNER,Technology,Copiers,306.65,7,0.0,42.94,26.83,Lucas Hernandez,Consumer,East,Pennsylvania,2021-07-30,2021-08-03
ORD-100802,Avery Flexi-View,Office Supplies,Binders,74.55,6,0.0,12.85,13.5,Michelle Henderson,Consumer,West,California,2022-04-08,2022-04-14
ORD-100803,Navigator Paper,Office Supplies,Paper,93.93,10,0.0,28.29,16.36,Ronald Ingram,Consumer,West,Washington,2023-01-09,2023-01-15
ORD-100804,Motorola Edge,Technology,Phones,461.69,2,0.3,-33.53,35.5,Mary Martin,Consumer,South,Louisiana,2022-09-10,2022-09-14
ORD-100805,Jabra Headset,Technology,Accessories,363.31,2,0.0,37.0,21.81,Patricia Welch,Corporate,South,Louisiana,2021-11-01,2021-11-06
ORD-100806,Bestar Folding Table,Furniture,Tables,415.97,8,0.2,-26.58,22.5,David Johnson,Consumer,South,North Carolina,2022-07-25,2022-07-27
ORD-100807,Maco Labels,Office Supplies,Labels,84.22,8,0.1,25.24,26.86,Rodney Bentley,Consumer,South,Alabama,2022-11-14,2022-11-16
ORD-100808,Avery Address Labels,Office Supplies,Labels,99.56,6,0.1,10.2,30.85,Angel Dickerson,Consumer,West,Oregon,2023-02-27,2023-03-01
ORD-100809,Safco Round Table,Furniture,Tables,258.84,7,0.0,40.75,30.53,Stephen Curtis,Home Office,South,Georgia,2021-08-14,2021-08-16
ORD-100810,Jabra Headset,Technology,Accessories,428.12,1,0.2,-22.23,29.46,Samantha Smith,Home Office,East,Maryland,2021-04-25,2021-04-29
ORD-100811,Ikea BEKANT Desk,Furniture,Tables,420.31,2,0.0,27.99,33.85,Hayden Garcia,Consumer,West,Oregon,2021-06-01,2021-06-04
ORD-100812,HP Wireless Mouse,Technology,Accessories,709.73,8,0.3,-4.26,35.97,Douglas Rodriguez,Consumer,Central,Michigan,2023-05-03,2023-05-05
ORD-100813,Nokia 5310,Technology,Phones,338.43,7,0.2,28.45,33.42,Nicole Gomez,Consumer,West,Arizona,2022-08-11,2022-08-13
ORD-100814,Hon 10500 Table,Furniture,Tables,318.14,7,0.5,-81.88,12.74,Michelle Smith,Home Office,West,Oregon,2022-06-13,2022-06-19
ORD-100815,Canon imageRUNNER,Technology,Copiers,487.56,6,0.2,-10.88,23.69,Patricia Welch,Corporate,East,Virginia,2022-03-10,2022-03-13
ORD-100816,Rubbermaid Tote,Office Supplies,Storage,69.41,10,0.3,2.19,13.45,Samantha Hernandez,Consumer,Central,Illinois,2023-02-19,2023-02-21
ORD-100817,Global Leather Chair,Furniture,Chairs,269.83,9,0.0,21.54,33.49,Timothy Best,Home Office,East,Virginia,2022-05-06,2022-05-09
ORD-100818,Navigator Paper,Office Supplies,Paper,59.44,5,0.0,14.34,13.82,Deborah Warren,Consumer,South,Florida,2022-05-08,2022-05-11
ORD-100819,Realspace Bookcase,Furniture,Bookcases,557.5,6,0.1,-18.61,34.17,Curtis Fields,Corporate,Central,Texas,2022-08-02,2022-08-08
ORD-100820,Navigator Paper,Office Supplies,Paper,90.78,5,0.0,26.38,23.24,Isaac Riley DVM,Corporate,South,Tennessee,2021-07-26,2021-07-30
ORD-100821,Belkin USB Hub,Technology,Accessories,397.26,9,0.5,-78.41,27.38,William Robinson,Corporate,West,Utah,2021-06-11,2021-06-16
ORD-100822,Safco Round Table,Furniture,Tables,182.51,1,0.4,-36.24,27.55,Lori West,Corporate,Central,Ohio,2023-12-08,2023-12-14
ORD-100823,Cardinal Binder,Office Supplies,Binders,84.01,5,0.1,15.9,30.84,Edward Clark,Home Office,South,Florida,2023-03-05,2023-03-08
ORD-100824,Safco Round Table,Furniture,Tables,452.49,6,0.0,103.84,16.89,Dustin Patterson,Consumer,West,California,2021-06-28,2021-07-01
ORD-100825,Realspace Bookcase,Furniture,Bookcases,379.56,1,0.0,44.14,18.33,Dominique Salinas,Home Office,West,California,2023-08-02,2023-08-05
ORD-100826,Expo Dry Erase,Office Supplies,Art,96.22,6,0.0,19.47,16.08,Meghan Martin,Home Office,Central,Minnesota,2023-04-18,2023-04-23
ORD-100827,Navigator Paper,Office Supplies,Paper,100.83,1,0.0,20.69,7.86,Jason Harrison,Corporate,East,Maryland,2023-07-11,2023-07-14
ORD-100828,Global Leather Chair,Furniture,Chairs,330.22,6,0.1,28.36,26.95,Deborah Warren,Consumer,South,Mississippi,2023-02-09,2023-02-11
ORD-100829,Google Pixel 7,Technology,Phones,248.95,6,0.0,59.0,24.3,Dean Ortiz,Consumer,South,Georgia,2023-08-11,2023-08-13
ORD-100830,Realspace Bookcase,Furniture,Bookcases,468.05,3,0.2,-30.85,21.01,Debra Andrade,Consumer,East,Connecticut,2022-03-12,2022-03-16
ORD-100831,HP Office Paper,Office Supplies,Paper,22.1,1,0.5,-4.65,21.9,Christopher Hernandez,Consumer,South,Tennessee,2021-03-06,2021-03-13
ORD-100832,Logitech Keyboard,Technology,Accessories,617.52,7,0.1,61.05,33.43,Michael Moore,Consumer,Central,Michigan,2022-07-07,2022-07-10
ORD-100833,Ricoh Aficio,Technology,Copiers,250.11,8,0.1,18.7,26.6,Scott Gomez,Consumer,Central,Texas,2022-06-16,2022-06-18
ORD-100834,Eldon Shelf,Furniture,Furnishings,410.87,10,0.0,52.32,29.15,Deborah Allen,Corporate,West,California,2021-11-26,2021-12-02
ORD-100835,Expo Dry Erase,Office Supplies,Art,82.35,5,0.1,10.02,4.75,Jason Clark,Corporate,Central,Illinois,2022-10-11,2022-10-12
ORD-100836,AT-A-GLANCE Planner,Office Supplies,Supplies,77.46,7,0.2,1.08,25.46,Timothy Best,Consumer,East,New York,2023-07-12,2023-07-18
ORD-100837,HP Wireless Mouse,Technology,Accessories,668.46,5,0.4,-104.36,29.93,Angel Dickerson,Home Office,East,New Jersey,2023-02-13,2023-02-16
ORD-100838,Quartet Calendar,Office Supplies,Supplies,128.95,7,0.1,27.86,26.24,Jerry Curtis,Consumer,South,North Carolina,2021-09-13,2021-09-17
ORD-100839,Bush Furniture Bookcase,Furniture,Bookcases,429.8,7,0.2,-35.06,30.55,Patrick Dixon,Consumer,West,Arizona,2021-08-21,2021-08-27
ORD-100840,Avery Heavy Duty Binder,Office Supplies,Binders,102.92,8,0.2,6.05,21.9,Nicole Jimenez,Home Office,East,Connecticut,2021-07-23,2021-07-30
ORD-100841,Steelcase Leap,Furniture,Chairs,201.56,9,0.0,23.42,12.31,Michael Aguilar,Consumer,South,Georgia,2021-07-24,2021-07-28
ORD-100842,Lorell Mirror,Furniture,Furnishings,168.52,9,0.0,26.86,30.12,Erika Marshall,Home Office,South,Florida,2023-08-20,2023-08-26
ORD-100843,Rubbermaid Tote,Office Supplies,Storage,75.13,3,0.3,-0.75,27.2,Andrew Medina,Consumer,East,Massachusetts,2022-06-26,2022-06-29
ORD-100844,Bush Furniture Bookcase,Furniture,Bookcases,343.99,4,0.2,-25.09,20.5,Michael Hughes,Corporate,South,Georgia,2023-11-29,2023-12-04
ORD-100845,Hon 10500 Table,Furniture,Tables,380.4,3,0.1,-1.42,13.3,Philip Cole,Home Office,West,Nevada,2021-04-16,2021-04-21
ORD-100846,Fellowes Storage Case,Office Supplies,Storage,117.88,1,0.1,8.57,22.34,Deborah Warren,Consumer,West,Oregon,2021-09-16,2021-09-20
ORD-100847,Ibico MB,Office Supplies,Binders,94.04,8,0.2,14.76,25.88,Michele Moore,Corporate,South,Florida,2021-11-10,2021-11-11
ORD-100848,Staples Standard Staples,Office Supplies,Fasteners,57.99,5,0.2,1.51,11.58,Kenneth Lynch,Corporate,West,Colorado,2022-01-18,2022-01-21
ORD-100849,Avery Heavy Duty Binder,Office Supplies,Binders,106.45,5,0.0,24.37,10.01,Charles Avila,Consumer,South,Alabama,2021-10-22,2021-10-26
ORD-100850,Hon 10500 Table,Furniture,Tables,352.08,2,0.1,15.65,26.94,Sheila Logan,Corporate,East,Massachusetts,2021-06-08,2021-06-11
ORD-100851,Realspace Bookcase,Furniture,Bookcases,386.17,10,0.2,-1.74,33.8,Ryan Koch,Consumer,West,Washington,2022-03-07,2022-03-11
ORD-100852,AT-A-GLANCE Planner,Office Supplies,Supplies,103.11,2,0.0,21.44,5.86,Ashley Johnson,Corporate,East,Pennsylvania,2021-08-29,2021-09-05
ORD-100853,3M Post-it Flags,Office Supplies,Labels,111.52,4,0.0,35.13,23.9,Joseph Rodriguez,Consumer,East,Pennsylvania,2021-02-17,2021-02-21
ORD-100854,Steelcase Leap,Furniture,Chairs,294.08,7,0.1,-8.45,19.68,Tina Williams,Corporate,Central,Michigan,2021-09-17,2021-09-20
ORD-100855,Zebra Label Printer,Technology,Machines,587.13,3,0.3,-38.76,40.49,Drew Salazar,Corporate,East,Connecticut,2022-01-31,2022-02-03
ORD-100856,IKEA KALLAX,Furniture,Bookcases,49.28,10,0.0,7.02,28.23,Alyssa Cook,Consumer,East,Connecticut,2023-09-27,2023-09-30
ORD-100857,Stanley Staple Gun,Office Supplies,Fasteners,72.87,6,0.0,15.7,7.55,Brian Williams,Corporate,South,North Carolina,2021-05-12,2021-05-15
ORD-100858,Logitech Keyboard,Technology,Accessories,463.12,6,0.0,87.77,20.86,Angela Hubbard,Consumer,West,Colorado,2022-10-23,2022-10-26
ORD-100859,Brother Fax Machine,Technology,Machines,523.51,9,0.0,82.83,28.62,Christopher Hernandez,Consumer,East,Massachusetts,2021-01-23,2021-01-27
ORD-100860,Fellowes Storage Case,Office Supplies,Storage,106.42,8,0.0,22.03,12.54,Alex Walker,Consumer,Central,Texas,2021-06-03,2021-06-07
ORD-100861,HP LaserJet,Technology,Machines,528.21,1,0.2,26.82,36.68,Patrick Dixon,Corporate,South,Georgia,2021-09-02,2021-09-04
ORD-100862,Xerox WorkCentre,Technology,Copiers,260.33,8,0.0,61.0,29.87,Diane Murphy,Corporate,East,New Jersey,2021-01-10,2021-01-16
ORD-100863,Sterilite Storage Box,Office Supplies,Storage,72.85,5,0.2,7.31,16.73,Yvonne Wilson,Corporate,Central,Michigan,2022-09-09,2022-09-12
ORD-100864,Avery Heavy Duty Binder,Office Supplies,Binders,101.75,2,0.5,-8.96,28.29,Keith Lewis,Home Office,West,California,2021-09-06,2021-09-11
ORD-100865,HP LaserJet,Technology,Machines,374.25,1,0.0,60.83,36.06,Adam Page,Home Office,East,Maryland,2023-06-12,2023-06-15
ORD-100866,Fellowes Storage Case,Office Supplies,Storage,89.38,3,0.0,18.31,8.78,Kevin Wagner,Corporate,West,Washington,2021-06-03,2021-06-06
ORD-100867,Avery Shipping Labels,Office Supplies,Labels,115.6,6,0.3,-11.65,18.35,Lisa Joyce,Consumer,South,Louisiana,2023-04-27,2023-05-01
ORD-100868,Motorola Edge,Technology,Phones,241.41,2,0.0,30.56,21.18,Jessica Smith,Corporate,West,Colorado,2021-07-08,2021-07-11
ORD-100869,Canon imageRUNNER,Technology,Copiers,562.05,9,0.3,14.35,34.77,Jeremy Cervantes,Consumer,South,Florida,2022-03-12,2022-03-13
ORD-100870,Cardinal Binder,Office Supplies,Binders,86.66,10,0.1,11.4,25.79,Michael Moore,Consumer,West,Oregon,2022-10-01,2022-10-05
ORD-100871,Prepac Bookcase,Furniture,Bookcases,318.41,2,0.0,50.34,33.51,James Reed,Consumer,East,Pennsylvania,2022-01-20,2022-01-22
ORD-100872,Rubbermaid Cabinet,Furniture,Furnishings,198.72,6,0.1,6.34,11.04,Nathaniel Wade,Home Office,Central,Illinois,2022-01-19,2022-01-22
ORD-100873,Rubbermaid Cabinet,Furniture,Furnishings,427.02,7,0.0,53.4,16.66,Christina Smith,Consumer,Central,Illinois,2023-10-26,2023-10-29
ORD-100874,Bush Coat Rack,Furniture,Furnishings,332.75,2,0.0,49.93,11.09,Stephanie Ramirez,Corporate,South,Florida,2021-12-28,2022-01-01
ORD-100875,Motorola Edge,Technology,Phones,42.52,7,0.0,9.09,9.79,Randy Terry,Corporate,West,Arizona,2021-03-15,2021-03-19
ORD-100876,Anker Charger,Technology,Accessories,305.35,2,0.0,27.01,33.62,Eric Chandler,Corporate,Central,Wisconsin,2022-07-04,2022-07-07
ORD-100877,Avery File Folder Labels,Office Supplies,Labels,106.36,6,0.4,-3.33,8.96,Christina Hoffman,Consumer,Central,Wisconsin,2023-09-04,2023-09-08
ORD-100878,Global Leather Chair,Furniture,Chairs,293.51,10,0.0,43.33,21.66,Kimberly Kelley,Consumer,Central,Illinois,2021-01-27,2021-01-31
ORD-100879,Apple iPhone 14,Technology,Phones,667.96,4,0.1,110.71,20.88,Alexandria Cowan,Corporate,East,Connecticut,2021-01-03,2021-01-06
ORD-100880,Zebra Label Printer,Technology,Machines,672.39,5,0.2,38.4,23.29,Lisa Graves,Consumer,South,Louisiana,2021-10-28,2021-11-02
ORD-100881,Prepac Bookcase,Furniture,Bookcases,319.05,1,0.0,6.35,20.46,Patrick Brown,Consumer,South,Florida,2023-07-29,2023-07-30
ORD-100882,Xerox WorkCentre,Technology,Copiers,370.63,6,0.0,51.09,12.82,Lori West,Corporate,West,Arizona,2022-03-28,2022-04-01
ORD-100883,AT-A-GLANCE Planner,Office Supplies,Supplies,159.47,6,0.0,33.68,17.46,Rachel Wright,Home Office,West,Oregon,2023-02-13,2023-02-17
ORD-100884,HP LaserJet,Technology,Machines,429.71,6,0.0,89.2,37.77,Courtney Gardner,Corporate,East,Massachusetts,2022-07-20,2022-07-23
ORD-100885,HP Wireless Mouse,Technology,Accessories,416.98,5,0.1,77.04,13.08,Penny Wilson,Corporate,Central,Minnesota,2023-10-19,2023-10-25
ORD-100886,HP LaserJet,Technology,Machines,310.38,7,0.0,58.89,31.73,David Hoffman,Consumer,East,New York,2022-08-27,2022-08-28
ORD-100887,Prepac Bookcase,Furniture,Bookcases,220.9,4,0.1,-10.16,32.21,Edward Clark,Corporate,West,California,2021-04-13,2021-04-16
ORD-100888,Bush Furniture Bookcase,Furniture,Bookcases,236.59,5,0.4,-52.49,23.85,Amanda Garcia,Consumer,South,Tennessee,2022-08-19,2022-08-22
ORD-100889,Mead Envelopes,Office Supplies,Envelopes,76.26,3,0.1,8.04,9.91,Michele Hess,Corporate,West,Colorado,2021-12-21,2021-12-25
ORD-100890,Bush Coat Rack,Furniture,Furnishings,141.24,2,0.0,13.54,17.76,Holly Smith,Corporate,West,Nevada,2022-09-17,2022-09-19
ORD-100891,Tyvek Mailer,Office Supplies,Envelopes,41.85,8,0.0,10.8,18.93,Robert Foster,Consumer,Central,Michigan,2022-10-04,2022-10-08
ORD-100892,Brother Fax Machine,Technology,Machines,423.19,5,0.0,45.33,34.28,Jacqueline Yang,Corporate,Central,Texas,2023-05-13,2023-05-15
ORD-100893,Xerox WorkCentre,Technology,Copiers,360.53,6,0.1,22.49,32.4,James Reed,Consumer,East,New York,2021-09-15,2021-09-18
ORD-100894,Ibico MB,Office Supplies,Binders,100.21,9,0.2,12.73,18.38,Edward Clark,Consumer,East,Maryland,2023-09-14,2023-09-18
ORD-100895,BIC Cristal Pens,Office Supplies,Art,29.99,8,0.2,1.97,9.02,Brandon Morse,Home Office,Central,Wisconsin,2022-04-03,2022-04-08
ORD-100896,Ibico MB,Office Supplies,Binders,84.88,1,0.3,1.15,16.68,Colton Lee,Consumer,East,Pennsylvania,2021-05-18,2021-05-19
ORD-100897,Canon imageRUNNER,Technology,Copiers,444.11,10,0.2,-7.82,35.08,Travis Santiago,Home Office,West,Utah,2021-04-24,2021-04-30
ORD-100898,Dixon Ticonderoga Pencils,Office Supplies,Art,79.79,4,0.1,7.99,12.43,Lisa Graves,Corporate,West,Washington,2021-09-10,2021-09-13
ORD-100899,Realspace Bookcase,Furniture,Bookcases,439.12,7,0.3,-61.01,15.78,David Martinez,Corporate,South,Louisiana,2021-07-24,2021-07-30
ORD-100900,Ergon Chair,Furniture,Chairs,538.14,1,0.4,-120.02,23.34,Sheryl Wright,Corporate,Central,Illinois,2022-08-04,2022-08-07
ORD-100901,Advantus Binder Clips,Office Supplies,Fasteners,67.33,4,0.0,9.72,23.41,Taylor Sims,Corporate,West,Oregon,2021-10-13,2021-10-16
ORD-100902,Anker Charger,Technology,Accessories,121.5,5,0.3,-16.91,23.21,Keith Lewis,Corporate,Central,Michigan,2023-03-11,2023-03-15
ORD-100903,Quartet Calendar,Office Supplies,Supplies,98.55,9,0.3,0.54,19.16,Bridget Kirby,Corporate,South,Alabama,2023-03-18,2023-03-20
ORD-100904,Prepac Bookcase,Furniture,Bookcases,120.26,4,0.0,17.41,8.27,Deanna Johnson,Consumer,South,Florida,2021-09-23,2021-09-27
ORD-100905,Logitech Keyboard,Technology,Accessories,332.71,2,0.0,62.33,16.42,Erica Scott,Home Office,West,Colorado,2023-09-03,2023-09-06
ORD-100906,HP LaserJet,Technology,Machines,667.96,7,0.0,150.19,33.57,Alison Taylor,Consumer,East,Pennsylvania,2021-03-18,2021-03-23
ORD-100907,Bush Furniture Bookcase,Furniture,Bookcases,277.78,4,0.0,15.4,9.21,Jeremy Cervantes,Consumer,West,Colorado,2022-02-14,2022-02-16
ORD-100908,HP Office Paper,Office Supplies,Paper,21.14,6,0.0,3.89,23.13,Carol Wilson,Corporate,South,Alabama,2021-07-17,2021-07-20
ORD-100909,AT-A-GLANCE Planner,Office Supplies,Supplies,83.24,3,0.3,-5.77,16.51,Suzanne West,Corporate,Central,Ohio,2023-12-18,2023-12-21
ORD-100910,Lorell Glass Table,Furniture,Tables,294.25,1,0.2,-16.52,17.82,Lisa Christensen,Consumer,Central,Illinois,2023-02-10,2023-02-15
ORD-100911,Zebra Label Printer,Technology,Machines,374.02,5,0.0,55.17,26.02,Wanda Yang,Home Office,Central,Illinois,2022-04-04,2022-04-09
ORD-100912,Bush Coat Rack,Furniture,Furnishings,330.24,10,0.1,13.9,34.37,Jose Hogan,Corporate,East,Connecticut,2023-11-27,2023-12-03
ORD-100913,Ricoh Aficio,Technology,Copiers,235.54,3,0.0,59.01,29.76,William Smith,Home Office,West,Oregon,2022-06-23,2022-06-27
ORD-100914,Xerox Multi-Use Paper,Office Supplies,Paper,86.85,10,0.2,5.29,25.41,Taylor Barry,Home Office,South,Florida,2022-11-07,2022-11-13
ORD-100915,Sharp MX,Technology,Copiers,523.31,5,0.2,16.57,16.28,Michele Moore,Consumer,East,Connecticut,2021-03-14,2021-03-17
ORD-100916,Deflect-o Stackable,Office Supplies,Storage,120.5,1,0.4,-10.32,6.12,April Howard,Home Office,Central,Missouri,2023-10-15,2023-10-19
ORD-100917,Navigator Paper,Office Supplies,Paper,70.4,3,0.1,11.13,15.93,Kenneth Lynch,Consumer,South,Florida,2022-02-06,2022-02-10
ORD-100918,Epson Scanner,Technology,Machines,227.0,4,0.0,42.09,23.43,David Hernandez,Consumer,West,Oregon,2021-10-10,2021-10-12
ORD-100919,Hammermill Copy Paper,Office Supplies,Paper,88.94,3,0.1,11.53,12.41,David Hernandez,Consumer,West,Utah,2022-04-11,2022-04-14
ORD-100920,3M Post-it Flags,Office Supplies,Labels,85.89,2,0.0,10.81,30.05,William Ball,Consumer,West,Arizona,2022-10-06,2022-10-09
ORD-100921,Staples Standard Envelopes,Office Supplies,Envelopes,72.44,9,0.0,16.27,22.1,Krystal Arias,Consumer,South,Louisiana,2022-02-26,2022-03-01
ORD-100922,Hon 4070 Chair,Furniture,Chairs,329.18,5,0.0,16.0,34.21,William Robbins,Corporate,Central,Michigan,2023-12-15,2023-12-20
ORD-100923,Avery Address Labels,Office Supplies,Labels,130.5,1,0.5,-29.14,24.47,Charles Avila,Home Office,Central,Wisconsin,2023-12-03,2023-12-06
ORD-100924,Motorola Edge,Technology,Phones,565.11,1,0.0,113.79,30.77,Nathaniel Wade,Consumer,Central,Minnesota,2023-07-19,2023-07-25
ORD-100925,Eldon Shelf,Furniture,Furnishings,232.45,9,0.0,43.88,15.89,Lori West,Consumer,West,Washington,2023-10-12,2023-10-13
ORD-100926,Jiffy Mailer,Office Supplies,Envelopes,51.8,7,0.3,1.34,29.11,Donna Jones,Consumer,West,Utah,2022-12-14,2022-12-20
ORD-100927,Prepac Bookcase,Furniture,Bookcases,430.07,9,0.0,28.59,37.53,Courtney Gardner,Corporate,South,Tennessee,2021-04-27,2021-05-02
ORD-100928,Sanford Markers,Office Supplies,Art,134.56,2,0.5,-25.9,26.52,Robert Franklin,Corporate,Central,Missouri,2023-08-16,2023-08-20
ORD-100929,IKEA KALLAX,Furniture,Bookcases,344.64,2,0.0,38.95,27.73,Aaron Martinez,Consumer,Central,Wisconsin,2022-08-29,2022-09-01
ORD-100930,Humanscale Chair,Furniture,Chairs,293.88,8,0.2,-5.72,23.91,Jason Pineda,Consumer,East,Massachusetts,2022-06-26,2022-07-01
ORD-100931,Stanley Staple Gun,Office Supplies,Fasteners,115.39,5,0.0,15.3,18.67,Adam Page,Consumer,Central,Illinois,2023-04-17,2023-04-19
ORD-100932,Samsung Galaxy S22,Technology,Phones,618.69,8,0.1,10.44,16.51,Dr. Kevin Martin,Consumer,East,Maryland,2022-04-11,2022-04-15
ORD-100933,Acco Binder Clips,Office Supplies,Fasteners,123.04,9,0.2,14.31,21.68,Ryan Vasquez,Home Office,East,Maryland,2022-04-12,2022-04-14
ORD-100934,Ergon Chair,Furniture,Chairs,179.08,6,0.3,-28.75,24.97,Cory Pitts,Consumer,East,Pennsylvania,2022-12-18,2022-12-20
ORD-100935,Sanford Markers,Office Supplies,Art,54.62,7,0.4,-6.05,14.21,Ronald Ingram,Corporate,Central,Minnesota,2021-05-27,2021-05-31
ORD-100936,Motorola Edge,Technology,Phones,360.71,6,0.1,50.13,31.3,Christopher Hernandez,Consumer,West,Arizona,2022-08-26,2022-08-30
ORD-100937,Maco Labels,Office Supplies,Labels,131.93,2,0.5,-14.54,31.52,Christina Smith,Corporate,East,Maryland,2023-11-07,2023-11-12
ORD-100938,Eldon Mobile,Office Supplies,Storage,72.01,10,0.1,9.33,18.6,Mark Chapman,Home Office,East,Virginia,2022-04-05,2022-04-09
ORD-100939,Brother Fax Machine,Technology,Machines,140.65,4,0.1,8.4,26.01,Samantha Hernandez,Corporate,Central,Texas,2023-06-23,2023-06-26
ORD-100940,Rubbermaid Cabinet,Furniture,Furnishings,425.78,6,0.2,8.85,27.86,Mark Hansen,Corporate,East,New Jersey,2021-08-25,2021-08-29
ORD-100941,HP Wireless Mouse,Technology,Accessories,212.5,3,0.2,-2.04,28.74,Trevor Martinez,Home Office,West,Utah,2023-07-09,2023-07-14
ORD-100942,Sharp MX,Technology,Copiers,405.78,3,0.4,-51.13,11.53,James Patel,Consumer,West,Arizona,2022-12-01,2022-12-04
ORD-100943,Memorex Tape,Office Supplies,Supplies,64.09,1,0.2,5.2,31.01,Lori West,Consumer,West,Utah,2021-09-05,2021-09-08
ORD-100944,Lorell Mirror,Furniture,Furnishings,253.14,4,0.2,-15.37,11.28,Melissa Thompson,Consumer,Central,Texas,2021-09-29,2021-10-03
ORD-100945,Hammermill Copy Paper,Office Supplies,Paper,107.48,7,0.0,23.68,18.03,Alison Taylor,Home Office,Central,Michigan,2022-11-21,2022-11-25
ORD-100946,Cardinal Binder,Office Supplies,Binders,76.04,7,0.0,16.31,9.29,Michael Aguilar,Corporate,East,Connecticut,2021-10-03,2021-10-07
ORD-100947,Zebra Label Printer,Technology,Machines,395.86,10,0.1,32.26,35.97,Kara Davis,Corporate,Central,Illinois,2022-07-27,2022-08-02
ORD-100948,Bestar Folding Table,Furniture,Tables,278.94,7,0.1,27.88,24.11,Susan Lawson,Home Office,East,Virginia,2022-08-08,2022-08-11
ORD-100949,Motorola Edge,Technology,Phones,499.75,5,0.4,-77.35,20.0,Carla Park,Consumer,Central,Michigan,2022-10-06,2022-10-08
ORD-100950,Sanford Markers,Office Supplies,Art,112.3,1,0.1,13.85,6.32,Carla Park,Home Office,West,Arizona,2021-08-06,2021-08-12
ORD-100951,HP Office Paper,Office Supplies,Paper,127.54,7,0.2,10.01,19.61,Cory Pitts,Home Office,West,Oregon,2022-02-04,2022-02-05
ORD-100952,Google Pixel 7,Technology,Phones,392.83,5,0.2,16.65,14.0,Joseph Rodriguez,Consumer,South,Tennessee,2023-07-19,2023-07-22
ORD-100953,Avery Address Labels,Office Supplies,Labels,39.73,8,0.2,0.15,17.64,Michael Nelson,Corporate,Central,Texas,2022-12-26,2022-12-31
ORD-100954,Humanscale Chair,Furniture,Chairs,166.73,4,0.3,-22.15,24.19,Jennifer Moyer,Corporate,East,Maryland,2021-06-01,2021-06-05
ORD-100955,Avery File Folder Labels,Office Supplies,Labels,145.44,5,0.1,36.59,18.99,Stephanie Stevenson,Home Office,South,Mississippi,2021-03-14,2021-03-20
ORD-100956,Logitech Keyboard,Technology,Accessories,512.09,9,0.2,23.07,32.41,Travis Allen,Consumer,West,California,2022-01-19,2022-01-23
ORD-100957,Sharp MX,Technology,Copiers,121.83,3,0.4,-20.36,28.14,Brian Williams,Consumer,West,Colorado,2021-03-21,2021-03-24
ORD-100958,Bush Coat Rack,Furniture,Furnishings,215.47,4,0.0,14.86,31.09,Curtis Fields,Consumer,Central,Minnesota,2022-08-22,2022-08-26
ORD-100959,Hon 10500 Table,Furniture,Tables,289.82,2,0.0,22.14,19.54,Jonathan Baker,Consumer,East,Pennsylvania,2022-08-12,2022-08-15
ORD-100960,Bush Coat Rack,Furniture,Furnishings,72.48,5,0.1,4.16,28.47,Alexandria Cowan,Consumer,South,Louisiana,2021-09-20,2021-09-25
ORD-100961,Acco Binder Clips,Office Supplies,Fasteners,55.67,7,0.0,12.91,5.59,David Johnson,Home Office,South,Tennessee,2023-04-18,2023-04-20
ORD-100962,Steelcase Leap,Furniture,Chairs,558.89,9,0.0,30.2,31.06,Rhonda Allen,Consumer,South,Tennessee,2023-09-22,2023-09-26
ORD-100963,Humanscale Chair,Furniture,Chairs,13.63,9,0.0,1.17,4.6,Ryan Vasquez,Corporate,East,Virginia,2022-11-07,2022-11-09
ORD-100964,HP Wireless Mouse,Technology,Accessories,586.15,3,0.4,-24.67,23.67,Alexandria Cowan,Corporate,South,Mississippi,2022-03-08,2022-03-11
ORD-100965,Apple iPhone 14,Technology,Phones,213.27,9,0.0,43.69,20.36,Leslie Powell,Home Office,East,Virginia,2022-03-18,2022-03-22
ORD-100966,Logitech Keyboard,Technology,Accessories,335.55,7,0.0,58.62,29.71,Kenneth Lynch,Consumer,Central,Wisconsin,2021-11-18,2021-11-21
ORD-100967,Xerox WorkCentre,Technology,Copiers,833.09,2,0.2,-45.94,41.06,Daniel Long,Home Office,East,Maryland,2022-07-07,2022-07-12
ORD-100968,Tyvek Mailer,Office Supplies,Envelopes,98.12,2,0.0,23.88,22.68,Nathan Bradshaw,Consumer,East,New Jersey,2022-02-02,2022-02-07
ORD-100969,Hon 10500 Table,Furniture,Tables,440.29,9,0.0,46.19,12.27,Rodney Bentley,Consumer,Central,Michigan,2023-08-24,2023-08-27
ORD-100970,Avery Flexi-View,Office Supplies,Binders,99.86,4,0.1,12.02,17.87,Jared Clark,Home Office,West,Arizona,2023-10-15,2023-10-19
ORD-100971,Hon 4070 Chair,Furniture,Chairs,342.3,10,0.0,28.36,13.66,Eric Hood,Home Office,West,Washington,2021-08-12,2021-08-16
ORD-100972,Avery Address Labels,Office Supplies,Labels,109.89,3,0.0,22.14,23.8,Douglas Rodriguez,Consumer,South,North Carolina,2023-08-28,2023-09-01
ORD-100973,HP Wireless Mouse,Technology,Accessories,470.34,6,0.1,46.35,25.45,Phillip Lewis,Consumer,South,Alabama,2023-04-13,2023-04-18
ORD-100974,Humanscale Chair,Furniture,Chairs,445.13,2,0.0,43.37,23.72,Matthew Jones,Consumer,West,Utah,2021-06-16,2021-06-22
ORD-100975,Lorell Glass Table,Furniture,Tables,97.24,7,0.0,15.86,12.96,Steven Davis,Corporate,South,Georgia,2021-08-21,2021-08-22
ORD-100976,Stanley Staple Gun,Office Supplies,Fasteners,61.02,3,0.0,11.43,18.35,Taylor Barry,Home Office,Central,Minnesota,2023-06-11,2023-06-18
ORD-100977,Mead Envelopes,Office Supplies,Envelopes,70.94,3,0.0,20.48,23.73,Rebecca Lewis,Consumer,Central,Michigan,2022-02-23,2022-02-28
ORD-100978,Hon 10500 Table,Furniture,Tables,53.72,4,0.2,5.2,18.59,Timothy Best,Consumer,East,New York,2023-08-29,2023-08-30
ORD-100979,Sanford Markers,Office Supplies,Art,123.79,6,0.2,8.81,30.53,Joseph Lopez,Corporate,Central,Wisconsin,2022-11-09,2022-11-11
ORD-100980,Eldon Mobile,Office Supplies,Storage,88.24,5,0.1,13.61,22.09,Kayla Nichols,Corporate,Central,Ohio,2022-07-17,2022-07-20
ORD-100981,Anker Charger,Technology,Accessories,493.38,9,0.1,65.25,33.55,Sandra Dean,Corporate,West,Oregon,2022-02-19,2022-02-21
ORD-100982,Stanley Staple Gun,Office Supplies,Fasteners,107.78,4,0.0,24.19,26.85,Lisa Christensen,Consumer,South,Georgia,2022-11-08,2022-11-12
ORD-100983,Steelcase Leap,Furniture,Chairs,286.32,7,0.2,-19.34,17.56,Joseph Smith,Consumer,East,New York,2021-10-28,2021-10-30
ORD-100984,Konica Minolta,Technology,Copiers,378.81,9,0.0,89.66,12.69,Drew Salazar,Consumer,South,Louisiana,2023-10-22,2023-10-27
ORD-100985,Staples Standard Staples,Office Supplies,Fasteners,108.99,2,0.1,-0.77,16.94,Michele Hess,Consumer,South,Alabama,2022-03-15,2022-03-21
ORD-100986,Fiskars Scissors,Office Supplies,Supplies,110.99,7,0.0,25.5,30.42,Nathan Jennings,Corporate,South,Georgia,2022-12-15,2022-12-17
ORD-100987,Ikea BEKANT Desk,Furniture,Tables,307.75,5,0.1,0.18,9.51,David Marshall,Consumer,Central,Ohio,2021-01-22,2021-01-24
ORD-100988,Konica Minolta,Technology,Copiers,589.86,1,0.5,-101.82,37.03,Robert Franklin,Corporate,East,Maryland,2022-07-14,2022-07-15
ORD-100989,Acco Staple Remover,Office Supplies,Supplies,65.27,2,0.0,15.69,5.08,Lisa Graves,Home Office,South,Louisiana,2023-08-23,2023-08-30
ORD-100990,Logitech Keyboard,Technology,Accessories,254.53,8,0.2,-12.47,9.77,Adam Johnson,Home Office,South,Mississippi,2021-11-10,2021-11-14
ORD-100991,HP Wireless Mouse,Technology,Accessories,309.73,3,0.4,-30.01,25.04,Jennifer Moyer,Home Office,East,New Jersey,2021-07-19,2021-07-24
ORD-100992,Deflect-o Stackable,Office Supplies,Storage,120.5,3,0.2,10.32,7.68,William Robinson,Consumer,East,New York,2023-01-21,2023-01-25
ORD-100993,Rubbermaid Tote,Office Supplies,Storage,113.2,2,0.0,27.83,20.6,Michelle Hansen MD,Consumer,East,New Jersey,2023-06-28,2023-06-29
ORD-100994,Hon 4070 Chair,Furniture,Chairs,233.02,10,0.2,-8.95,8.2,Jennifer Moyer,Consumer,West,Colorado,2021-06-26,2021-06-30
ORD-100995,Zebra Label Printer,Technology,Machines,538.07,4,0.2,31.05,33.69,Gregory Simmons,Home Office,East,Maryland,2021-12-13,2021-12-18
ORD-100996,BIC Cristal Pens,Office Supplies,Art,128.05,4,0.0,32.71,10.94,Joseph Lopez,Consumer,West,Arizona,2022-09-28,2022-09-30
ORD-100997,Humanscale Chair,Furniture,Chairs,352.17,8,0.3,-30.46,28.59,Michelle Smith,Consumer,Central,Minnesota,2022-08-28,2022-08-31
ORD-100998,Rubbermaid Tote,Office Supplies,Storage,89.15,4,0.0,15.68,30.93,Frederick Bond,Consumer,West,Colorado,2021-12-16,2021-12-17
ORD-100999,Staples Standard Staples,Office Supplies,Fasteners,84.78,9,0.2,1.93,9.73,Thomas Gutierrez,Consumer,South,North Carolina,2022-07-05,2022-07-07
ORD-101000,Bush Coat Rack,Furniture,Furnishings,228.98,1,0.0,21.24,20.42,Jason Pineda,Corporate,East,New Jersey,2021-10-14,2021-10-17
ORD-101001,Epson Scanner,Technology,Machines,283.21,8,0.3,-21.35,20.99,Jennifer Ellison,Corporate,West,Nevada,2022-11-21,2022-11-25
ORD-101002,Safco Round Table,Furniture,Tables,82.77,5,0.0,9.16,29.74,Barbara Barber,Consumer,Central,Minnesota,2023-06-10,2023-06-14
ORD-101003,Avery Flexi-View,Office Supplies,Binders,90.04,7,0.1,8.93,9.23,Sharon Hansen,Consumer,South,Mississippi,2022-04-25,2022-04-30
ORD-101004,Avery Shipping Labels,Office Supplies,Labels,111.1,2,0.0,29.65,25.9,Anthony Conley,Corporate,West,Washington,2021-12-07,2021-12-13
ORD-101005,Samsung Galaxy S22,Technology,Phones,152.79,3,0.0,21.68,11.55,Jennifer Wright,Consumer,West,Washington,2022-12-10,2022-12-13
ORD-101006,Canon Printer,Technology,Machines,286.94,9,0.2,-7.75,27.61,Christian Walker,Consumer,South,Georgia,2021-07-04,2021-07-08
ORD-101007,Avery Address Labels,Office Supplies,Labels,116.54,7,0.3,-3.46,29.58,Christopher Vasquez,Consumer,South,Georgia,2023-08-26,2023-08-30
ORD-101008,Realspace Bookcase,Furniture,Bookcases,278.26,4,0.0,-0.05,17.74,Ryan Koch,Home Office,East,Pennsylvania,2023-05-20,2023-05-24
ORD-101009,Cardinal Binder,Office Supplies,Binders,110.33,5,0.1,8.61,14.38,Christopher Hernandez,Consumer,West,Nevada,2021-01-04,2021-01-08
ORD-101010,Konica Minolta,Technology,Copiers,419.59,3,0.0,81.35,29.81,Erica Scott,Home Office,East,New Jersey,2022-01-04,2022-01-07
ORD-101011,Google Pixel 7,Technology,Phones,627.71,9,0.0,71.91,27.83,Bridget Kirby,Consumer,East,Pennsylvania,2021-08-06,2021-08-09
ORD-101012,Sterilite Storage Box,Office Supplies,Storage,26.62,10,0.3,-0.29,28.05,Thomas Gutierrez,Consumer,Central,Michigan,2023-09-23,2023-09-27
ORD-101013,Prepac Bookcase,Furniture,Bookcases,526.06,9,0.3,-41.06,37.02,David Johnson,Corporate,Central,Illinois,2023-10-26,2023-10-29
ORD-101014,Bush Furniture Bookcase,Furniture,Bookcases,335.16,1,0.0,25.28,22.92,Michelle Henderson,Consumer,South,Tennessee,2021-06-13,2021-06-15
ORD-101015,IKEA KALLAX,Furniture,Bookcases,406.85,9,0.0,20.88,19.05,Timothy Robertson,Corporate,South,North Carolina,2023-01-22,2023-01-24
ORD-101016,Ergon Chair,Furniture,Chairs,367.16,7,0.0,46.0,12.61,Patricia Hammond,Corporate,East,New Jersey,2023-05-05,2023-05-06
ORD-101017,Konica Minolta,Technology,Copiers,579.63,9,0.1,137.94,15.69,William Clark,Home Office,Central,Ohio,2021-07-13,2021-07-15
ORD-101018,Google Pixel 7,Technology,Phones,472.79,7,0.1,35.25,17.42,Taylor Hall,Home Office,East,New Jersey,2022-10-31,2022-11-03
ORD-101019,Avery Flexi-View,Office Supplies,Binders,89.18,5,0.2,-2.54,19.34,Travis Santiago,Consumer,East,Virginia,2022-06-11,2022-06-15
ORD-101020,Canon imageRUNNER,Technology,Copiers,298.85,5,0.1,23.77,10.21,Christina Hoffman,Corporate,South,North Carolina,2022-05-15,2022-05-19
ORD-101021,Advantus Binder Clips,Office Supplies,Fasteners,73.23,3,0.0,16.67,16.95,Emily Copeland,Consumer,South,Georgia,2023-03-28,2023-04-03
ORD-101022,Brother Fax Machine,Technology,Machines,278.41,10,0.1,43.45,24.64,Taylor Johnson,Consumer,East,Connecticut,2022-10-14,2022-10-16
ORD-101023,IKEA KALLAX,Furniture,Bookcases,310.02,8,0.3,-43.55,22.67,Daniel Long,Home Office,Central,Ohio,2023-03-08,2023-03-11
ORD-101024,OIC Binder Clips,Office Supplies,Fasteners,79.51,8,0.1,11.75,13.91,Robert Harris,Home Office,East,Maryland,2023-12-27,2023-12-31
ORD-101025,IKEA KALLAX,Furniture,Bookcases,409.01,3,0.2,-42.27,15.68,Antonio Yates,Corporate,Central,Michigan,2022-03-02,2022-03-06
ORD-101026,Steelcase Leap,Furniture,Chairs,231.03,3,0.0,19.59,33.24,Jessica Hill,Consumer,South,Georgia,2022-12-22,2022-12-26
ORD-101027,Nokia 5310,Technology,Phones,194.66,9,0.1,11.49,27.18,Barbara Barber,Home Office,Central,Texas,2021-09-10,2021-09-12
ORD-101028,Canon Printer,Technology,Machines,333.8,4,0.3,-5.43,23.04,Michael Hughes,Corporate,Central,Minnesota,2023-05-07,2023-05-13
ORD-101029,Dixon Ticonderoga Pencils,Office Supplies,Art,98.4,8,0.2,6.86,23.42,Ronald Ingram,Consumer,South,North Carolina,2023-08-09,2023-08-12
ORD-101030,Deflect-o Stackable,Office Supplies,Storage,117.23,3,0.2,6.23,18.94,Erika Marshall,Consumer,West,Colorado,2021-07-21,2021-07-24
ORD-101031,HP Office Paper,Office Supplies,Paper,102.49,2,0.5,-18.98,5.66,Christian Walker,Corporate,West,Washington,2021-06-14,2021-06-18
ORD-101032,Expo Dry Erase,Office Supplies,Art,98.49,8,0.4,-12.72,29.85,Amy Reyes,Home Office,Central,Wisconsin,2023-03-09,2023-03-13
ORD-101033,Samsung Galaxy S22,Technology,Phones,19.79,4,0.3,-1.32,29.66,Sheryl Wright,Consumer,South,Tennessee,2022-10-23,2022-10-25
ORD-101034,Staples Standard Envelopes,Office Supplies,Envelopes,135.53,1,0.2,14.41,24.13,Diane Murphy,Corporate,West,Nevada,2023-10-22,2023-10-26
ORD-101035,Sterilite Storage Box,Office Supplies,Storage,120.89,2,0.2,14.73,21.81,Jessica Hill,Home Office,South,North Carolina,2023-04-13,2023-04-18
ORD-101036,Steelcase Leap,Furniture,Chairs,320.64,6,0.0,35.23,34.45,Rebecca Walker,Home Office,South,Mississippi,2023-12-30,2024-01-03
ORD-101037,Anker Charger,Technology,Accessories,311.18,6,0.0,51.09,15.79,Sheila Logan,Consumer,East,Maryland,2023-06-21,2023-06-24
ORD-101038,Google Pixel 7,Technology,Phones,508.52,6,0.0,122.14,25.18,Travis Santiago,Consumer,South,Mississippi,2023-09-16,2023-09-19
ORD-101039,Global Leather Chair,Furniture,Chairs,293.27,6,0.1,-0.74,28.14,Caitlin Bryant,Consumer,West,Arizona,2023-07-12,2023-07-16
ORD-101040,Zebra Label Printer,Technology,Machines,410.08,3,0.2,20.53,34.4,Christopher Thompson,Consumer,South,Louisiana,2022-09-21,2022-09-27
ORD-101041,HP Wireless Mouse,Technology,Accessories,178.98,6,0.2,-16.97,26.71,Adam Page,Corporate,Central,Texas,2022-06-11,2022-06-15
ORD-101042,BIC Cristal Pens,Office Supplies,Art,72.38,9,0.0,11.51,27.81,Meghan Martin,Home Office,West,Arizona,2023-11-25,2023-11-28
ORD-101043,Acco Staple Remover,Office Supplies,Supplies,73.74,6,0.0,15.68,10.05,Dean Ortiz,Consumer,South,Tennessee,2023-09-21,2023-09-25
ORD-101044,Cardinal Binder,Office Supplies,Binders,75.5,9,0.4,-2.07,24.53,Aaron Martinez,Consumer,Central,Michigan,2021-11-04,2021-11-07
ORD-101045,Steelcase Leap,Furniture,Chairs,349.21,9,0.4,-71.58,36.19,Rodney Bentley,Corporate,East,New Jersey,2023-01-15,2023-01-19
ORD-101046,Safco Round Table,Furniture,Tables,384.66,4,0.2,-44.98,23.01,Hayden Garcia,Home Office,West,Colorado,2021-04-25,2021-04-28
ORD-101047,Canon Printer,Technology,Machines,576.26,3,0.1,55.44,16.17,Dr. Darren Mcneil,Home Office,West,Colorado,2021-03-24,2021-03-31
ORD-101048,Quartet Calendar,Office Supplies,Supplies,111.46,6,0.3,-8.2,7.2,Mark Chapman,Home Office,East,Connecticut,2022-04-12,2022-04-15
ORD-101049,Logitech Keyboard,Technology,Accessories,161.4,1,0.1,22.74,29.48,Kimberly Ryan,Consumer,West,Arizona,2023-09-07,2023-09-09
ORD-101050,Lorell Glass Table,Furniture,Tables,355.17,10,0.0,19.5,27.14,Jason Clark,Consumer,South,Florida,2021-08-17,2021-08-21
ORD-101051,IKEA KALLAX,Furniture,Bookcases,205.64,9,0.0,32.14,18.99,Jason Harrison,Consumer,West,Oregon,2022-11-05,2022-11-09
ORD-101052,Lorell Mirror,Furniture,Furnishings,167.27,5,0.0,30.47,29.62,Matthew Compton,Consumer,West,Washington,2022-01-09,2022-01-12
ORD-101053,Bestar Folding Table,Furniture,Tables,201.93,9,0.0,26.64,27.73,Gregory Simmons,Consumer,East,Virginia,2022-12-03,2022-12-07
ORD-101054,Lorell Glass Table,Furniture,Tables,270.57,3,0.3,-29.72,24.88,Nicole Gomez,Consumer,West,Oregon,2023-08-25,2023-08-27
ORD-101055,Bush Coat Rack,Furniture,Furnishings,244.71,5,0.1,2.9,31.01,Brandon Marsh,Corporate,South,Mississippi,2021-11-18,2021-11-21
ORD-101056,IKEA KALLAX,Furniture,Bookcases,314.91,7,0.0,15.71,34.68,Yvonne Wilson,Consumer,South,North Carolina,2022-09-14,2022-09-17
ORD-101057,Hon 10500 Table,Furniture,Tables,398.9,4,0.2,-34.17,17.89,Nathan Bradshaw,Home Office,Central,Illinois,2021-04-24,2021-04-30
ORD-101058,Rubbermaid Cabinet,Furniture,Furnishings,282.57,8,0.3,-53.61,11.54,Taylor Sims,Consumer,West,Utah,2023-02-04,2023-02-05
ORD-101059,Memorex Tape,Office Supplies,Supplies,11.99,4,0.0,2.52,19.62,Dominique Salinas,Home Office,South,Louisiana,2022-05-13,2022-05-15
ORD-101060,Epson Scanner,Technology,Machines,796.02,8,0.0,174.51,39.17,Jose Hogan,Home Office,Central,Michigan,2023-02-08,2023-02-10
ORD-101061,Dixon Ticonderoga Pencils,Office Supplies,Art,89.38,8,0.0,18.49,20.25,Adam White,Consumer,Central,Minnesota,2022-10-27,2022-11-03
ORD-101062,Xerox Multi-Use Paper,Office Supplies,Paper,90.72,6,0.4,-6.59,16.85,Meghan Martin,Corporate,East,Virginia,2022-06-18,2022-06-22
ORD-101063,Rubbermaid Cabinet,Furniture,Furnishings,168.3,5,0.2,-0.72,31.55,Adam Page,Corporate,Central,Texas,2022-03-16,2022-03-18
ORD-101064,Lorell Mirror,Furniture,Furnishings,395.85,6,0.0,53.8,22.72,John Gomez,Corporate,East,Virginia,2021-10-15,2021-10-17
ORD-101065,Mead Envelopes,Office Supplies,Envelopes,104.03,2,0.1,14.67,31.38,Aaron Little,Corporate,South,North Carolina,2021-03-07,2021-03-13
ORD-101066,Ibico MB,Office Supplies,Binders,111.53,2,0.3,1.07,16.87,Nathan Jennings,Corporate,South,Alabama,2021-08-19,2021-08-23
ORD-101067,BIC Cristal Pens,Office Supplies,Art,78.67,8,0.1,8.76,23.27,Carla Chen,Corporate,East,Pennsylvania,2022-07-22,2022-07-25
ORD-101068,Sauder Bookcase,Furniture,Bookcases,322.22,7,0.0,57.18,32.54,Kimberly Garrett,Consumer,South,Florida,2023-06-05,2023-06-10
ORD-101069,Avery Shipping Labels,Office Supplies,Labels,50.35,4,0.3,-4.7,9.57,Shawn Martinez,Home Office,Central,Wisconsin,2022-10-31,2022-11-04
ORD-101070,Global Leather Chair,Furniture,Chairs,329.77,4,0.2,-18.95,15.04,David Barrett,Consumer,Central,Illinois,2022-01-07,2022-01-09
ORD-101071,Anker Charger,Technology,Accessories,437.73,2,0.3,-20.92,21.88,Joseph Smith,Home Office,East,Pennsylvania,2021-12-01,2021-12-04
ORD-101072,Maco Labels,Office Supplies,Labels,82.86,4,0.3,4.52,20.59,James Patel,Consumer,East,Massachusetts,2023-06-29,2023-07-04
ORD-101073,Samsung Galaxy S22,Technology,Phones,153.86,6,0.1,9.01,11.76,Jason Pineda,Home Office,West,California,2021-09-13,2021-09-15
ORD-101074,Prepac Bookcase,Furniture,Bookcases,297.61,7,0.1,-18.5,32.1,Jerome Walker,Consumer,East,Massachusetts,2021-07-05,2021-07-10
ORD-101075,Humanscale Chair,Furniture,Chairs,288.9,7,0.4,-39.56,9.21,Nathaniel Wade,Home Office,Central,Texas,2022-12-28,2022-12-31
ORD-101076,Xerox Multi-Use Paper,Office Supplies,Paper,90.67,9,0.0,20.99,23.58,Christopher Thompson,Corporate,West,Washington,2022-07-17,2022-07-21
ORD-101077,Acco Binder Clips,Office Supplies,Fasteners,49.67,3,0.4,-6.5,30.06,Danny Dodson,Consumer,South,Mississippi,2021-03-21,2021-03-23
ORD-101078,Sanford Markers,Office Supplies,Art,77.99,5,0.2,3.44,5.33,Jose Jones,Consumer,South,Georgia,2022-01-07,2022-01-10
ORD-101079,Xerox Multi-Use Paper,Office Supplies,Paper,131.01,3,0.0,32.48,6.02,Kara Davis,Corporate,South,Florida,2021-02-22,2021-02-25
ORD-101080,Avery Flexi-View,Office Supplies,Binders,54.43,8,0.0,12.65,20.38,Matthew Wright,Home Office,South,Tennessee,2022-04-02,2022-04-04
ORD-101081,Bush Furniture Bookcase,Furniture,Bookcases,369.79,8,0.1,28.48,32.84,Curtis Fields,Corporate,Central,Wisconsin,2021-01-02,2021-01-05
ORD-101082,Bestar Folding Table,Furniture,Tables,499.66,5,0.4,-135.29,15.83,Kayla Nichols,Consumer,East,Maryland,2022-02-06,2022-02-08
ORD-101083,Acco Binder Clips,Office Supplies,Fasteners,64.05,10,0.5,-15.56,11.48,Philip Cole,Corporate,South,Louisiana,2022-04-09,2022-04-12
ORD-101084,Lorell Glass Table,Furniture,Tables,281.92,1,0.3,-32.9,35.09,Patricia Jones,Home Office,East,Maryland,2021-09-27,2021-09-30
ORD-101085,Belkin USB Hub,Technology,Accessories,567.97,8,0.3,-36.24,19.43,Crystal Williams DVM,Consumer,South,North Carolina,2021-01-30,2021-02-01
ORD-101086,HP LaserJet,Technology,Machines,358.82,6,0.0,67.31,34.27,Daniel Mccoy,Corporate,South,Florida,2023-04-11,2023-04-14
ORD-101087,Memorex Tape,Office Supplies,Supplies,63.28,6,0.1,15.47,4.95,Dr. Darren Mcneil,Corporate,Central,Missouri,2022-06-07,2022-06-10
ORD-101088,Avery Heavy Duty Binder,Office Supplies,Binders,38.55,8,0.1,5.75,30.35,Gregory Simmons,Home Office,Central,Texas,2021-09-16,2021-09-18
ORD-101089,Expo Dry Erase,Office Supplies,Art,154.76,1,0.0,34.1,26.2,Caitlin Bryant,Home Office,West,Washington,2021-06-19,2021-06-25
ORD-101090,Nokia 5310,Technology,Phones,379.59,3,0.0,61.54,13.3,Brian Williams,Consumer,Central,Minnesota,2023-12-13,2023-12-17
ORD-101091,Avery File Folder Labels,Office Supplies,Labels,84.23,7,0.0,24.31,29.01,Jasmine Anderson,Consumer,South,Mississippi,2021-12-06,2021-12-10
ORD-101092,Safco Round Table,Furniture,Tables,44.58,5,0.0,7.88,23.7,Theresa Estrada,Consumer,East,New York,2023-05-13,2023-05-18
ORD-101093,Hon 10500 Table,Furniture,Tables,139.13,7,0.3,-21.33,23.23,William Clark,Home Office,West,Utah,2021-05-17,2021-05-19
ORD-101094,Canon Printer,Technology,Machines,341.32,2,0.2,16.87,25.65,Barbara Barber,Consumer,West,Oregon,2023-03-12,2023-03-16
ORD-101095,Epson Scanner,Technology,Machines,154.3,9,0.0,31.34,23.06,Drew Salazar,Consumer,East,Maryland,2021-11-07,2021-11-10
ORD-101096,Ergon Chair,Furniture,Chairs,552.92,5,0.4,-159.33,15.16,Janice Webb,Consumer,South,Georgia,2023-08-23,2023-08-26
ORD-101097,Hon 10500 Table,Furniture,Tables,332.76,10,0.5,-110.84,33.01,Adam White,Corporate,Central,Texas,2022-06-08,2022-06-10
ORD-101098,Deflect-o Stackable,Office Supplies,Storage,103.63,5,0.4,-10.26,22.36,Lisa Joyce,Consumer,East,Maryland,2022-05-10,2022-05-15
ORD-101099,Kraft Envelopes,Office Supplies,Envelopes,69.47,4,0.1,11.42,10.37,William Robbins,Corporate,East,New York,2022-11-05,2022-11-08
ORD-101100,Sharp MX,Technology,Copiers,698.7,1,0.2,7.3,32.91,Christina Smith,Corporate,South,Alabama,2023-06-08,2023-06-12
ORD-101101,Anker Charger,Technology,Accessories,525.16,6,0.2,-23.46,25.39,Rebecca Walker,Consumer,South,Mississippi,2021-07-21,2021-07-25
ORD-101102,Lorell Mirror,Furniture,Furnishings,195.23,6,0.0,24.13,31.76,Timothy Robertson,Corporate,East,Pennsylvania,2023-08-02,2023-08-06
ORD-101103,Acco Binder Clips,Office Supplies,Fasteners,137.49,5,0.1,21.69,7.04,Stephanie Ramirez,Home Office,Central,Ohio,2021-02-28,2021-03-04
ORD-101104,Dixon Ticonderoga Pencils,Office Supplies,Art,79.98,3,0.3,-1.6,27.73,Rachel Wright,Consumer,Central,Wisconsin,2023-07-28,2023-08-01
ORD-101105,Safco Round Table,Furniture,Tables,159.95,7,0.0,20.83,19.62,Jeffrey Golden,Home Office,Central,Illinois,2022-11-15,2022-11-18
ORD-101106,Ricoh Aficio,Technology,Copiers,551.17,3,0.5,-133.72,22.74,Samantha Hernandez,Consumer,Central,Missouri,2022-01-17,2022-01-22
ORD-101107,Prepac Bookcase,Furniture,Bookcases,253.59,4,0.0,28.73,27.29,Katherine Evans,Corporate,West,Nevada,2021-08-17,2021-08-19
ORD-101108,HP LaserJet,Technology,Machines,340.12,2,0.3,-21.53,29.68,Patricia Jones,Consumer,Central,Michigan,2023-04-09,2023-04-14
ORD-101109,Staples Standard Envelopes,Office Supplies,Envelopes,157.19,3,0.2,7.49,13.54,Steven Davis,Consumer,South,Mississippi,2022-08-25,2022-08-29
ORD-101110,Avery File Folder Labels,Office Supplies,Labels,78.53,3,0.0,14.73,11.15,Jamie Pierce,Corporate,West,Nevada,2023-10-10,2023-10-13
ORD-101111,Lorell Mirror,Furniture,Furnishings,399.3,10,0.0,36.31,26.52,Patrick Brown,Consumer,West,Nevada,2021-02-12,2021-02-17
ORD-101112,Jiffy Mailer,Office Supplies,Envelopes,69.22,6,0.1,14.26,6.46,Phillip Lewis,Consumer,South,North Carolina,2023-03-04,2023-03-08
ORD-101113,Avery Shipping Labels,Office Supplies,Labels,135.43,8,0.1,14.89,8.54,Dr. Kevin Martin,Home Office,West,California,2021-10-03,2021-10-06
ORD-101114,Maco Labels,Office Supplies,Labels,30.27,10,0.1,5.76,19.56,Taylor Johnson,Home Office,Central,Minnesota,2022-04-12,2022-04-16
ORD-101115,Sharp MX,Technology,Copiers,300.46,2,0.2,17.89,10.78,Robert Allen,Consumer,East,New Jersey,2021-05-13,2021-05-19
ORD-101116,Navigator Paper,Office Supplies,Paper,26.96,7,0.0,7.13,15.75,Christopher Vasquez,Corporate,South,Tennessee,2022-07-20,2022-07-24
ORD-101117,Advantus Ring Binder,Furniture,Furnishings,164.66,6,0.1,9.31,27.21,Anthony Conley,Consumer,Central,Missouri,2022-09-16,2022-09-19
ORD-101118,Bestar Folding Table,Furniture,Tables,311.71,3,0.0,16.3,34.31,Ryan Koch,Corporate,West,Arizona,2021-05-26,2021-05-30
ORD-101119,Sharp MX,Technology,Copiers,344.87,3,0.3,-8.86,14.84,Colton Lee,Consumer,South,Mississippi,2021-09-02,2021-09-05
ORD-101120,OIC Binder Clips,Office Supplies,Fasteners,93.39,4,0.0,23.27,22.34,Alyssa Cook,Consumer,East,Pennsylvania,2022-09-30,2022-10-03
ORD-101121,Advantus Binder Clips,Office Supplies,Fasteners,153.25,2,0.0,21.73,32.08,Jose Jones,Consumer,East,Connecticut,2021-06-17,2021-06-20
ORD-101122,Sauder Bookcase,Furniture,Bookcases,504.07,4,0.2,-27.61,26.53,Danny Dodson,Consumer,Central,Missouri,2023-12-20,2023-12-21
ORD-101123,HP Wireless Mouse,Technology,Accessories,266.19,3,0.1,8.91,30.31,Joseph Smith,Consumer,Central,Minnesota,2022-03-24,2022-03-31
ORD-101124,Motorola Edge,Technology,Phones,379.74,10,0.1,55.47,34.9,Daniel Abbott,Consumer,Central,Illinois,2023-07-01,2023-07-02
ORD-101125,Zebra Label Printer,Technology,Machines,389.59,9,0.0,99.56,17.44,Thomas Gutierrez,Consumer,South,Mississippi,2023-10-17,2023-10-19
ORD-101126,Maco Labels,Office Supplies,Labels,43.56,10,0.0,9.56,17.91,Vincent Mcdonald,Consumer,East,New Jersey,2021-10-17,2021-10-20
ORD-101127,Bush Coat Rack,Furniture,Furnishings,159.71,4,0.0,18.87,23.11,Edward Murphy,Consumer,West,Oregon,2022-10-19,2022-10-25
ORD-101128,Google Pixel 7,Technology,Phones,551.9,5,0.1,43.58,35.27,Kelly May,Corporate,East,New Jersey,2023-04-08,2023-04-11
ORD-101129,Xerox Multi-Use Paper,Office Supplies,Paper,13.33,9,0.0,3.07,11.74,Cory Pitts,Home Office,East,New Jersey,2022-08-12,2022-08-17
ORD-101130,Zebra Label Printer,Technology,Machines,479.88,7,0.2,19.3,26.75,Mark Chapman,Home Office,West,Oregon,2021-04-09,2021-04-13
ORD-101131,Xerox Multi-Use Paper,Office Supplies,Paper,129.55,6,0.0,21.56,11.09,Caitlin Bryant,Home Office,East,Massachusetts,2022-01-01,2022-01-05
ORD-101132,Staples Copy Paper,Office Supplies,Paper,111.77,1,0.4,-4.51,23.04,Alexandria Cowan,Consumer,West,Colorado,2022-02-28,2022-03-04
ORD-101133,3M Post-it Flags,Office Supplies,Labels,33.09,10,0.2,2.51,27.47,Sandra Torres,Consumer,South,Florida,2022-11-09,2022-11-16
ORD-101134,Staples Standard Staples,Office Supplies,Fasteners,73.87,7,0.0,15.95,27.23,Emily Copeland,Corporate,Central,Michigan,2023-05-16,2023-05-20
ORD-101135,Humanscale Chair,Furniture,Chairs,351.72,4,0.0,26.6,13.12,Christopher Thompson,Corporate,East,Maryland,2022-01-24,2022-01-29
ORD-101136,Lorell Glass Table,Furniture,Tables,228.92,7,0.0,23.28,15.31,Jonathan White,Home Office,Central,Texas,2021-11-22,2021-11-28
ORD-101137,Logitech Keyboard,Technology,Accessories,236.04,8,0.1,10.79,10.73,Jeffery Rogers,Consumer,South,Georgia,2022-06-20,2022-06-22
ORD-101138,Samsung Galaxy S22,Technology,Phones,518.7,8,0.1,22.08,14.48,Edward Clark,Consumer,South,Alabama,2021-03-19,2021-03-24
ORD-101139,Anker Charger,Technology,Accessories,516.61,6,0.3,-19.05,20.1,Shawn Martinez,Consumer,East,Connecticut,2023-10-29,2023-11-03
ORD-101140,Google Pixel 7,Technology,Phones,133.87,2,0.0,19.56,22.61,Rhonda Carter,Home Office,South,Georgia,2021-12-26,2021-12-29
ORD-101141,Eldon Shelf,Furniture,Furnishings,453.29,3,0.0,23.09,38.1,Melissa Thompson,Corporate,West,Arizona,2022-11-19,2022-11-23
ORD-101142,Nokia 5310,Technology,Phones,335.7,1,0.0,68.18,12.52,Donald Morales,Home Office,West,Colorado,2021-04-27,2021-04-29
ORD-101143,Google Pixel 7,Technology,Phones,535.34,10,0.1,46.8,14.24,Jeffery Rogers,Consumer,East,Virginia,2022-04-24,2022-04-25
ORD-101144,Stanley Staple Gun,Office Supplies,Fasteners,70.88,8,0.2,9.29,13.74,Jennifer Browning,Home Office,South,Tennessee,2023-09-03,2023-09-09
ORD-101145,AT-A-GLANCE Planner,Office Supplies,Supplies,145.64,7,0.5,-19.09,29.73,Amy Reyes,Consumer,Central,Texas,2023-07-21,2023-07-24
ORD-101146,Bush Furniture Bookcase,Furniture,Bookcases,320.24,4,0.5,-109.01,12.78,Jerry Curtis,Consumer,East,Massachusetts,2023-01-24,2023-01-28
ORD-101147,Lorell Mirror,Furniture,Furnishings,210.35,6,0.0,26.53,25.17,David Martinez,Home Office,South,Tennessee,2022-12-24,2022-12-27
ORD-101148,Belkin USB Hub,Technology,Accessories,476.94,8,0.1,81.12,33.17,Dustin Patterson,Corporate,West,Utah,2021-09-30,2021-10-04
ORD-101149,Advantus Ring Binder,Furniture,Furnishings,388.05,5,0.4,-114.53,36.57,Michael Moore,Corporate,South,Florida,2023-04-17,2023-04-20
ORD-101150,Jabra Headset,Technology,Accessories,578.31,4,0.0,75.24,32.58,Timothy Robertson,Home Office,South,Georgia,2023-04-25,2023-04-27
ORD-101151,Expo Dry Erase,Office Supplies,Art,77.71,4,0.3,-0.58,8.08,Sherri Holmes,Consumer,West,Washington,2022-07-14,2022-07-21
ORD-101152,Hammermill Copy Paper,Office Supplies,Paper,153.86,6,0.3,20.85,14.54,Anthony Conley,Consumer,East,New York,2023-09-24,2023-09-27
ORD-101153,Anker Charger,Technology,Accessories,507.08,10,0.4,-75.64,25.2,David Barrett,Corporate,East,New Jersey,2023-01-01,2023-01-04
ORD-101154,Nokia 5310,Technology,Phones,495.52,9,0.4,-47.38,23.97,Brittany Joyce,Consumer,West,Washington,2022-11-25,2022-11-29
ORD-101155,Logitech Keyboard,Technology,Accessories,358.69,3,0.4,-18.02,22.94,Rebecca Walker,Consumer,West,Nevada,2023-08-20,2023-08-24
ORD-101156,Zebra Label Printer,Technology,Machines,446.81,10,0.0,91.55,21.11,Travis Allen,Home Office,West,Nevada,2023-09-04,2023-09-06
ORD-101157,HP Wireless Mouse,Technology,Accessories,516.55,2,0.5,-102.75,34.69,Timothy Ford,Consumer,Central,Wisconsin,2021-06-24,2021-06-29
ORD-101158,Steelcase Leap,Furniture,Chairs,410.67,3,0.0,28.39,18.04,Cheryl Banks,Corporate,South,Florida,2022-02-08,2022-02-14
ORD-101159,Humanscale Chair,Furniture,Chairs,243.0,5,0.0,10.93,34.76,Samantha Hendrix,Consumer,Central,Texas,2023-11-18,2023-11-21
ORD-101160,Memorex Tape,Office Supplies,Supplies,104.06,10,0.0,26.95,15.36,Jack Miranda,Consumer,Central,Minnesota,2022-11-23,2022-11-24
ORD-101161,Zebra Label Printer,Technology,Machines,483.24,7,0.2,50.12,16.24,David Johnson,Home Office,Central,Ohio,2023-08-21,2023-08-24
ORD-101162,Rubbermaid Cabinet,Furniture,Furnishings,309.33,6,0.3,-32.96,33.37,Nathaniel Wade,Home Office,Central,Illinois,2022-12-11,2022-12-15
ORD-101163,Cardinal Binder,Office Supplies,Binders,55.07,10,0.3,-2.17,25.13,Shawn Martinez,Consumer,East,Pennsylvania,2021-02-17,2021-02-22
ORD-101164,HP LaserJet,Technology,Machines,521.29,6,0.3,-9.15,16.28,Taylor Johnson,Corporate,East,Pennsylvania,2021-06-04,2021-06-05
ORD-101165,Samsung Galaxy S22,Technology,Phones,362.97,7,0.3,-23.08,16.55,Eric Chandler,Home Office,East,Maryland,2021-09-07,2021-09-09
ORD-101166,Hon 10500 Table,Furniture,Tables,127.86,8,0.0,10.5,23.81,Christina Hoffman,Home Office,West,Colorado,2021-04-13,2021-04-17
ORD-101167,Global Leather Chair,Furniture,Chairs,416.85,10,0.5,-113.07,30.24,Jerry Curtis,Consumer,West,Oregon,2021-05-06,2021-05-09
ORD-101168,Avery File Folder Labels,Office Supplies,Labels,106.02,10,0.1,15.11,22.42,Mary Fernandez,Home Office,South,Louisiana,2021-06-05,2021-06-07
ORD-101169,Avery Shipping Labels,Office Supplies,Labels,90.23,5,0.3,-4.78,6.55,Michele Hess,Home Office,East,Maryland,2022-03-23,2022-03-26
ORD-101170,Navigator Paper,Office Supplies,Paper,112.36,1,0.5,-17.86,23.46,Joshua Bush,Corporate,South,Florida,2021-05-09,2021-05-12
ORD-101171,Mead Envelopes,Office Supplies,Envelopes,105.74,8,0.0,20.48,27.01,Jonathan Baker,Consumer,East,Connecticut,2022-10-15,2022-10-19
ORD-101172,Mead Envelopes,Office Supplies,Envelopes,21.09,6,0.1,4.11,27.18,Ronald Ramsey,Corporate,West,Washington,2023-01-29,2023-02-01
ORD-101173,Deflect-o Stackable,Office Supplies,Storage,74.68,7,0.4,-10.69,28.07,Patricia Jones,Consumer,South,Tennessee,2022-10-27,2022-11-02
ORD-101174,Expo Dry Erase,Office Supplies,Art,112.19,3,0.1,13.51,10.21,Danny Dodson,Consumer,Central,Illinois,2022-10-11,2022-10-14
ORD-101175,IKEA KALLAX,Furniture,Bookcases,437.19,5,0.3,-47.72,34.8,Deanna Johnson,Consumer,West,California,2021-07-14,2021-07-15
ORD-101176,Lorell Mirror,Furniture,Furnishings,392.03,6,0.5,-144.38,12.65,William Smith,Consumer,South,Mississippi,2022-07-23,2022-07-26
ORD-101177,Dixon Ticonderoga Pencils,Office Supplies,Art,128.78,1,0.5,-21.5,22.63,Travis Allen,Consumer,South,Mississippi,2022-10-25,2022-10-29
ORD-101178,Eldon Mobile,Office Supplies,Storage,78.18,6,0.2,5.25,26.36,Michelle Henderson,Consumer,East,Connecticut,2022-11-25,2022-11-29
ORD-101179,Avery Heavy Duty Binder,Office Supplies,Binders,33.16,6,0.2,2.67,28.24,Susan Lawson,Consumer,South,North Carolina,2021-09-20,2021-09-23
ORD-101180,Fiskars Scissors,Office Supplies,Supplies,57.06,3,0.5,-14.13,25.24,Joshua Butler,Corporate,Central,Minnesota,2022-10-03,2022-10-07
ORD-101181,Maco Labels,Office Supplies,Labels,41.28,7,0.3,1.47,20.66,Patrick Hardin,Consumer,South,Florida,2022-04-14,2022-04-18
ORD-101182,Sauder Bookcase,Furniture,Bookcases,234.49,3,0.0,41.43,28.69,Michael Nelson,Corporate,South,Tennessee,2021-06-16,2021-06-20
ORD-101183,Jiffy Mailer,Office Supplies,Envelopes,72.85,6,0.1,3.98,12.94,Christopher Gibbs,Consumer,South,Alabama,2023-08-29,2023-09-01
ORD-101184,Wilson Jones Binder,Office Supplies,Binders,54.27,9,0.0,15.29,25.43,Kara Davis,Home Office,East,Maryland,2022-02-14,2022-02-19
ORD-101185,Acco Binder Clips,Office Supplies,Fasteners,85.01,7,0.0,16.37,17.25,Samantha Atkins,Consumer,West,Washington,2023-05-17,2023-05-21
ORD-101186,Lorell Glass Table,Furniture,Tables,329.2,8,0.0,41.18,28.65,Robert Franklin,Consumer,South,Mississippi,2021-10-30,2021-11-02
ORD-101187,Sauder Bookcase,Furniture,Bookcases,444.09,8,0.0,76.57,20.39,Stephen Curtis,Home Office,East,New York,2023-07-18,2023-07-21
ORD-101188,Tyvek Mailer,Office Supplies,Envelopes,78.49,5,0.0,12.06,25.0,Jeremiah Smith,Corporate,West,Oregon,2023-02-08,2023-02-12
ORD-101189,Jabra Headset,Technology,Accessories,343.85,9,0.0,66.37,29.15,Leslie Powell,Consumer,East,New York,2021-03-22,2021-03-27
ORD-101190,Kraft Envelopes,Office Supplies,Envelopes,59.16,7,0.1,5.45,18.35,Alex Walker,Corporate,South,North Carolina,2021-07-08,2021-07-13
ORD-101191,Global Leather Chair,Furniture,Chairs,351.25,4,0.0,34.27,27.43,Travis Santiago,Consumer,South,Georgia,2023-03-22,2023-03-26
ORD-101192,Maco Labels,Office Supplies,Labels,91.05,3,0.5,-19.84,8.54,Carrie Sanchez,Consumer,East,New York,2021-02-19,2021-02-21
ORD-101193,Sterilite Storage Box,Office Supplies,Storage,82.63,9,0.0,14.36,10.06,Emily Copeland,Consumer,Central,Michigan,2022-10-17,2022-10-20
ORD-101194,Steelcase Leap,Furniture,Chairs,416.82,3,0.0,63.26,15.45,Gary Anderson,Home Office,East,Connecticut,2021-03-15,2021-03-18
ORD-101195,Acco Binder Clips,Office Supplies,Fasteners,30.92,10,0.0,5.37,8.9,Nathan Bradshaw,Consumer,Central,Minnesota,2021-01-16,2021-01-22
ORD-101196,Memorex Tape,Office Supplies,Supplies,42.11,7,0.0,7.9,6.88,John Gomez,Home Office,South,Alabama,2022-06-18,2022-06-21
ORD-101197,Avery File Folder Labels,Office Supplies,Labels,87.33,10,0.3,-8.08,14.49,Chad Sheppard,Corporate,Central,Missouri,2023-03-05,2023-03-10
ORD-101198,Brother Fax Machine,Technology,Machines,262.5,6,0.0,34.07,33.81,Daniel Abbott,Consumer,East,New Jersey,2021-04-22,2021-04-26
ORD-101199,Bush Coat Rack,Furniture,Furnishings,334.87,4,0.0,34.65,12.59,Theresa Brown,Consumer,West,Nevada,2023-03-07,2023-03-11
ORD-101200,HP Office Paper,Office Supplies,Paper,66.9,3,0.0,15.31,14.28,Courtney Gardner,Consumer,East,New Jersey,2021-01-01,2021-01-06
ORD-101201,Kraft Envelopes,Office Supplies,Envelopes,72.51,1,0.4,-8.24,12.61,Rebecca Rubio,Corporate,Central,Michigan,2022-01-26,2022-02-02
ORD-101202,Avery Address Labels,Office Supplies,Labels,143.55,2,0.2,18.23,18.16,Bianca Melton,Consumer,East,Massachusetts,2022-06-23,2022-06-26
ORD-101203,Memorex Tape,Office Supplies,Supplies,48.41,1,0.0,12.66,15.65,Kenneth Lynch,Consumer,West,Washington,2022-07-14,2022-07-17
ORD-101204,Hammermill Copy Paper,Office Supplies,Paper,115.96,4,0.3,-8.98,5.98,Vincent Mcdonald,Consumer,Central,Wisconsin,2023-08-12,2023-08-15
ORD-101205,Xerox WorkCentre,Technology,Copiers,541.0,9,0.5,-77.42,27.01,Donna Jones,Corporate,East,Virginia,2022-07-11,2022-07-17
ORD-101206,Acco Binder Clips,Office Supplies,Fasteners,54.08,9,0.0,9.42,21.86,Christian Walker,Consumer,East,Connecticut,2022-04-20,2022-04-24
ORD-101207,IKEA KALLAX,Furniture,Bookcases,432.12,8,0.5,-123.77,32.36,Samantha Smith,Corporate,South,Georgia,2023-01-31,2023-02-04
ORD-101208,AT-A-GLANCE Planner,Office Supplies,Supplies,107.65,10,0.0,25.52,8.87,Todd Khan,Home Office,South,North Carolina,2021-10-30,2021-11-04
ORD-101209,Ikea BEKANT Desk,Furniture,Tables,356.88,10,0.0,12.02,27.22,Angela Hubbard,Home Office,Central,Minnesota,2023-01-05,2023-01-09
ORD-101210,Hon 10500 Table,Furniture,Tables,435.68,9,0.1,34.19,25.74,Bianca Melton,Consumer,East,Virginia,2021-11-23,2021-11-28
ORD-101211,Bestar Folding Table,Furniture,Tables,282.47,9,0.4,-62.76,22.77,Jose Jones,Consumer,Central,Michigan,2021-01-09,2021-01-12
ORD-101212,Eldon Shelf,Furniture,Furnishings,126.27,4,0.2,-4.33,29.64,Karen Dawson,Corporate,West,Colorado,2023-03-16,2023-03-19
ORD-101213,Steelcase Leap,Furniture,Chairs,378.65,9,0.2,-23.9,36.26,Susan Lawson,Consumer,West,Utah,2023-10-31,2023-11-05
ORD-101214,Samsung Galaxy S22,Technology,Phones,589.9,2,0.0,96.33,40.48,Carol Wilson,Corporate,West,Utah,2022-01-27,2022-01-28
ORD-101215,Navigator Paper,Office Supplies,Paper,108.07,5,0.1,9.62,21.08,Allison Wells,Consumer,Central,Ohio,2023-05-15,2023-05-21
ORD-101216,Eldon Shelf,Furniture,Furnishings,307.17,8,0.3,-45.68,19.5,Ashley Johnson,Consumer,South,North Carolina,2023-09-07,2023-09-11
ORD-101217,Realspace Bookcase,Furniture,Bookcases,337.04,2,0.1,0.51,24.42,Dominique Salinas,Consumer,East,Massachusetts,2021-07-20,2021-07-23
ORD-101218,Avery Flexi-View,Office Supplies,Binders,85.79,1,0.0,22.42,19.64,Debra Andrade,Consumer,South,Louisiana,2021-06-19,2021-06-22
ORD-101219,Global Leather Chair,Furniture,Chairs,257.59,3,0.1,-15.54,26.97,Taylor Sims,Consumer,East,Connecticut,2023-07-14,2023-07-17
ORD-101220,Steelcase Leap,Furniture,Chairs,519.95,8,0.0,87.91,17.79,Amy Reyes,Corporate,East,Maryland,2023-03-06,2023-03-11
ORD-101221,Ikea BEKANT Desk,Furniture,Tables,154.93,7,0.3,-16.35,27.88,David Hoffman,Consumer,West,Nevada,2022-08-18,2022-08-22
ORD-101222,Belkin USB Hub,Technology,Accessories,329.52,4,0.2,10.93,31.42,Alex Walker,Corporate,Central,Missouri,2021-12-28,2022-01-02
ORD-101223,Google Pixel 7,Technology,Phones,457.08,1,0.2,3.78,36.38,Lori West,Corporate,South,North Carolina,2021-08-26,2021-08-28
ORD-101224,Xerox WorkCentre,Technology,Copiers,284.6,2,0.0,41.4,15.79,Mary Meza,Corporate,Central,Michigan,2023-01-25,2023-01-29
ORD-101225,Bestar Folding Table,Furniture,Tables,200.06,3,0.2,-20.32,19.05,Cory Pitts,Consumer,East,New York,2023-01-03,2023-01-06
ORD-101226,Lorell Glass Table,Furniture,Tables,301.94,4,0.0,19.39,12.64,Lisa Christensen,Corporate,South,Florida,2023-02-04,2023-02-08
ORD-101227,Apple iPhone 14,Technology,Phones,519.13,3,0.0,132.05,19.96,Ashley Johnston,Corporate,Central,Minnesota,2023-03-12,2023-03-13
ORD-101228,Konica Minolta,Technology,Copiers,317.19,9,0.2,10.14,23.96,Dr. David Hoover,Consumer,South,Georgia,2023-09-11,2023-09-16
ORD-101229,Logitech Keyboard,Technology,Accessories,489.95,10,0.0,99.75,29.73,Melissa Jenkins,Home Office,South,Alabama,2021-05-26,2021-05-28
ORD-101230,Safco Round Table,Furniture,Tables,319.11,6,0.3,-32.83,10.13,Ronald Ramsey,Corporate,South,Florida,2023-04-27,2023-05-02
ORD-101231,Avery File Folder Labels,Office Supplies,Labels,105.43,7,0.2,-0.2,25.51,Gary Anderson,Home Office,South,Alabama,2023-02-05,2023-02-08
ORD-101232,Eldon Shelf,Furniture,Furnishings,414.3,9,0.0,59.81,35.36,Dean Ortiz,Consumer,South,Alabama,2021-11-19,2021-11-22
ORD-101233,Zebra Label Printer,Technology,Machines,287.87,5,0.3,-16.73,25.1,Janice Webb,Corporate,Central,Michigan,2021-10-26,2021-10-31
ORD-101234,Lorell Mirror,Furniture,Furnishings,392.0,6,0.1,3.74,27.48,Eric Hood,Consumer,West,Nevada,2022-09-24,2022-09-29
ORD-101235,Epson Scanner,Technology,Machines,581.68,4,0.1,126.92,24.04,Kimberly Garrett,Home Office,West,Oregon,2021-05-09,2021-05-12
ORD-101236,Rubbermaid Cabinet,Furniture,Furnishings,215.68,10,0.4,-62.34,11.07,Timothy Best,Consumer,Central,Minnesota,2022-09-20,2022-09-22
ORD-101237,Staples Standard Envelopes,Office Supplies,Envelopes,99.72,5,0.2,9.58,10.55,Brittany Joyce,Corporate,South,Alabama,2022-08-28,2022-08-30
ORD-101238,Fiskars Scissors,Office Supplies,Supplies,82.61,10,0.1,17.57,13.87,Michael Smith,Consumer,West,Nevada,2022-11-22,2022-11-24
ORD-101239,Sharp MX,Technology,Copiers,195.82,8,0.1,26.37,33.67,Ashley Johnson,Consumer,South,Florida,2022-06-06,2022-06-10
ORD-101240,Sauder Bookcase,Furniture,Bookcases,237.3,8,0.1,25.15,16.2,Laura Martin,Home Office,South,Louisiana,2022-07-22,2022-07-26
ORD-101241,Hon 4070 Chair,Furniture,Chairs,549.1,5,0.0,33.86,16.57,Matthew Wright,Consumer,East,New Jersey,2021-10-14,2021-10-16
ORD-101242,Hammermill Copy Paper,Office Supplies,Paper,72.41,5,0.1,13.25,10.67,Michael Nelson,Home Office,East,New Jersey,2023-05-17,2023-05-20
ORD-101243,Bestar Folding Table,Furniture,Tables,263.54,3,0.3,-37.49,30.55,Michelle Bell,Corporate,East,Connecticut,2022-07-01,2022-07-07
ORD-101244,Logitech Keyboard,Technology,Accessories,414.06,4,0.3,-64.59,17.25,Patrick Hardin,Consumer,Central,Missouri,2022-02-21,2022-02-25
ORD-101245,3M Post-it Flags,Office Supplies,Labels,89.56,7,0.1,9.45,20.98,Gregory Simmons,Consumer,East,New York,2023-07-31,2023-08-04
ORD-101246,Google Pixel 7,Technology,Phones,331.1,10,0.3,4.03,10.24,Katherine Parker,Consumer,South,Tennessee,2023-03-03,2023-03-06
ORD-101247,Eldon Mobile,Office Supplies,Storage,49.79,10,0.0,12.98,15.93,Dr. Kevin Martin,Consumer,Central,Ohio,2022-07-11,2022-07-14
ORD-101248,Rubbermaid Tote,Office Supplies,Storage,81.07,7,0.0,16.7,23.92,Ryan Vasquez,Consumer,South,Georgia,2022-02-25,2022-02-28
ORD-101249,Navigator Paper,Office Supplies,Paper,115.29,1,0.0,27.32,14.63,Michael Moore,Corporate,West,Colorado,2022-04-18,2022-04-21
ORD-101250,Lorell Mirror,Furniture,Furnishings,378.47,5,0.0,56.17,37.49,Brandon Marsh,Consumer,East,Massachusetts,2023-02-20,2023-02-21
ORD-101251,Logitech Keyboard,Technology,Accessories,356.99,2,0.2,-3.79,14.43,Brandon Marsh,Consumer,South,North Carolina,2023-09-08,2023-09-10
ORD-101252,Realspace Bookcase,Furniture,Bookcases,179.78,5,0.4,-46.97,11.62,Holly Smith,Consumer,West,Oregon,2021-04-13,2021-04-16
ORD-101253,Ikea BEKANT Desk,Furniture,Tables,663.89,5,0.1,54.59,41.71,Joel Simmons,Corporate,East,Connecticut,2023-04-19,2023-04-22
ORD-101254,Avery Shipping Labels,Office Supplies,Labels,46.77,3,0.1,3.46,24.97,Leslie Lynch,Corporate,East,New York,2021-12-10,2021-12-13
ORD-101255,Belkin USB Hub,Technology,Accessories,487.1,9,0.3,-15.9,26.27,Christopher Gibbs,Home Office,East,New Jersey,2023-01-26,2023-01-30
ORD-101256,Canon imageRUNNER,Technology,Copiers,497.82,10,0.3,-36.22,25.44,David Marshall,Home Office,West,Washington,2021-04-27,2021-04-30
ORD-101257,Belkin USB Hub,Technology,Accessories,389.93,1,0.0,76.58,25.08,Jeremy Thomas,Home Office,East,New York,2023-07-21,2023-07-23
ORD-101258,Bush Coat Rack,Furniture,Furnishings,320.31,10,0.1,-29.14,32.02,Beth Baker,Home Office,South,Louisiana,2023-10-01,2023-10-05
ORD-101259,Advantus Ring Binder,Furniture,Furnishings,282.42,2,0.1,-6.37,18.57,Jessica Smith,Home Office,South,Georgia,2023-04-10,2023-04-15
ORD-101260,Deflect-o Stackable,Office Supplies,Storage,95.61,4,0.3,12.36,10.73,Dominique Salinas,Consumer,Central,Ohio,2022-09-04,2022-09-06
ORD-101261,Safco Round Table,Furniture,Tables,354.1,8,0.0,29.86,20.86,April Howard,Consumer,South,Georgia,2021-10-29,2021-11-01
ORD-101262,Jabra Headset,Technology,Accessories,557.49,5,0.0,113.8,23.61,Jermaine Wolf,Home Office,East,Pennsylvania,2023-08-11,2023-08-14
ORD-101263,Ibico MB,Office Supplies,Binders,103.44,8,0.0,25.9,31.57,Stephen Curtis,Home Office,Central,Ohio,2023-03-03,2023-03-08
ORD-101264,Prepac Bookcase,Furniture,Bookcases,556.79,9,0.0,24.2,14.8,Angela Hubbard,Home Office,West,California,2023-09-09,2023-09-11
ORD-101265,Lorell Mirror,Furniture,Furnishings,366.84,10,0.0,19.69,20.27,Dennis Mason,Corporate,Central,Missouri,2022-03-24,2022-03-28
ORD-101266,Quartet Calendar,Office Supplies,Supplies,107.78,9,0.0,18.76,31.3,Jacqueline Yang,Corporate,East,Maryland,2023-11-25,2023-11-29
ORD-101267,Staples Standard Staples,Office Supplies,Fasteners,76.64,10,0.0,15.73,15.18,Deborah Warren,Home Office,West,Utah,2023-02-13,2023-02-16
ORD-101268,Belkin USB Hub,Technology,Accessories,566.13,7,0.1,82.61,21.21,Daniel Long,Consumer,South,Alabama,2021-03-27,2021-03-28
ORD-101269,Motorola Edge,Technology,Phones,210.69,3,0.4,-28.92,20.54,Sherri Holmes,Consumer,South,Mississippi,2022-03-08,2022-03-09
ORD-101270,Mead Envelopes,Office Supplies,Envelopes,67.29,10,0.1,5.19,28.35,Adam Page,Consumer,Central,Missouri,2021-06-13,2021-06-17
ORD-101271,Lorell Glass Table,Furniture,Tables,283.96,4,0.3,-44.13,20.39,Hayden Garcia,Corporate,Central,Missouri,2022-11-09,2022-11-13
ORD-101272,Lorell Mirror,Furniture,Furnishings,601.21,2,0.3,-71.15,30.01,Jonathan White,Consumer,East,Connecticut,2022-07-12,2022-07-15
ORD-101273,Logitech Keyboard,Technology,Accessories,189.58,10,0.0,28.77,8.98,Scott Gomez,Corporate,Central,Michigan,2022-03-25,2022-03-30
ORD-101274,Wilson Jones Binder,Office Supplies,Binders,122.68,3,0.1,29.99,31.87,Matthew Compton,Consumer,East,Massachusetts,2021-11-29,2021-12-03
ORD-101275,Jabra Headset,Technology,Accessories,156.24,7,0.3,-24.06,13.86,Randy Terry,Corporate,South,Tennessee,2022-11-15,2022-11-21
ORD-101276,Eldon Shelf,Furniture,Furnishings,534.52,3,0.1,21.1,26.99,Kimberly Kelley,Consumer,East,New York,2021-12-04,2021-12-07
ORD-101277,Sanford Markers,Office Supplies,Art,62.21,5,0.5,-9.53,14.15,Christopher Vasquez,Consumer,East,Massachusetts,2021-07-09,2021-07-15
ORD-101278,Anker Charger,Technology,Accessories,31.72,2,0.5,-6.97,20.22,Stephen Reyes,Consumer,Central,Illinois,2023-01-02,2023-01-06
ORD-101279,Memorex Tape,Office Supplies,Supplies,100.49,2,0.3,2.63,12.69,Jennifer Cardenas,Consumer,Central,Minnesota,2022-01-29,2022-02-03
ORD-101280,Staedtler Pens,Office Supplies,Art,57.56,1,0.0,12.91,13.29,Patrick Dixon,Corporate,East,Massachusetts,2021-05-14,2021-05-17
ORD-101281,Mead Envelopes,Office Supplies,Envelopes,60.39,7,0.3,-0.44,10.56,Barbara Barber,Corporate,Central,Ohio,2021-11-30,2021-12-04
ORD-101282,Canon imageRUNNER,Technology,Copiers,266.74,3,0.0,42.57,20.46,Brittany Joyce,Consumer,West,California,2022-09-26,2022-09-30
ORD-101283,Epson Scanner,Technology,Machines,250.67,2,0.4,-26.93,26.06,Jacqueline Fisher,Consumer,West,Colorado,2021-11-02,2021-11-06
ORD-101284,Xerox WorkCentre,Technology,Copiers,547.35,2,0.0,92.1,36.66,Karen Charles,Consumer,Central,Texas,2022-09-12,2022-09-18
ORD-101285,Quartet Calendar,Office Supplies,Supplies,91.22,7,0.2,-1.13,30.69,Brianna Warner,Consumer,Central,Michigan,2022-06-01,2022-06-04
ORD-101286,OIC Binder Clips,Office Supplies,Fasteners,80.41,3,0.0,17.49,8.4,Ronald Ingram,Home Office,East,Massachusetts,2022-01-12,2022-01-13
ORD-101287,Avery File Folder Labels,Office Supplies,Labels,173.87,6,0.3,-13.14,16.55,Raymond Guerra,Corporate,South,Florida,2023-11-17,2023-11-21
ORD-101288,Avery File Folder Labels,Office Supplies,Labels,136.85,5,0.1,25.98,29.76,Rhonda Carter,Corporate,West,Oregon,2021-01-06,2021-01-08
ORD-101289,Staples Copy Paper,Office Supplies,Paper,98.98,1,0.0,30.48,5.46,Janet King,Home Office,Central,Minnesota,2022-02-07,2022-02-10
ORD-101290,AT-A-GLANCE Planner,Office Supplies,Supplies,101.91,8,0.0,24.4,29.11,Erika Marshall,Home Office,West,Oregon,2021-05-09,2021-05-12
ORD-101291,OIC Binder Clips,Office Supplies,Fasteners,88.3,4,0.5,-10.49,16.9,Rebecca Walker,Corporate,Central,Illinois,2021-03-21,2021-03-26
ORD-101292,Motorola Edge,Technology,Phones,585.44,10,0.2,-6.61,28.12,Melanie Hall,Corporate,South,Florida,2023-03-25,2023-03-26
ORD-101293,Global Leather Chair,Furniture,Chairs,151.69,9,0.2,-10.64,6.42,Joel Simmons,Corporate,South,Alabama,2022-03-14,2022-03-18
ORD-101294,Memorex Tape,Office Supplies,Supplies,64.4,3,0.2,3.66,22.43,Adam Page,Home Office,East,Pennsylvania,2023-05-30,2023-06-01
ORD-101295,Safco Round Table,Furniture,Tables,458.49,9,0.2,-37.99,29.42,Joseph Thomas,Home Office,East,Virginia,2023-05-02,2023-05-04
ORD-101296,Xerox Multi-Use Paper,Office Supplies,Paper,88.63,3,0.0,19.76,16.96,Michael Smith,Corporate,East,Virginia,2021-06-06,2021-06-13
ORD-101297,AT-A-GLANCE Planner,Office Supplies,Supplies,117.15,2,0.0,12.61,7.83,Joanna Ruiz,Corporate,East,Massachusetts,2021-09-06,2021-09-10
ORD-101298,Canon Printer,Technology,Machines,312.93,3,0.1,34.6,27.88,Jessica Dodson,Consumer,East,New York,2021-12-28,2021-12-31
ORD-101299,Kraft Envelopes,Office Supplies,Envelopes,128.4,2,0.3,-5.73,26.52,Matthew Compton,Consumer,Central,Missouri,2022-02-02,2022-02-05
ORD-101300,Sharp MX,Technology,Copiers,109.75,9,0.3,-3.18,15.65,Tina Williams,Consumer,East,Maryland,2023-04-05,2023-04-08
ORD-101301,Canon imageRUNNER,Technology,Copiers,308.34,6,0.1,12.49,31.78,Samantha Smith,Consumer,East,Connecticut,2023-01-26,2023-01-28
ORD-101302,Nokia 5310,Technology,Phones,310.1,9,0.5,-71.08,28.8,Tina Williams,Consumer,East,Connecticut,2022-10-08,2022-10-13
ORD-101303,Staples Standard Envelopes,Office Supplies,Envelopes,70.65,1,0.3,-9.2,5.9,Andrew Salazar,Home Office,Central,Minnesota,2022-11-29,2022-12-01
ORD-101304,OIC Binder Clips,Office Supplies,Fasteners,118.71,2,0.5,-13.8,15.2,Robert Foster,Consumer,West,Oregon,2022-09-07,2022-09-11
ORD-101305,Apple iPhone 14,Technology,Phones,514.24,3,0.4,-101.25,29.56,Deborah Warren,Consumer,Central,Ohio,2023-10-18,2023-10-21
ORD-101306,Epson Scanner,Technology,Machines,377.76,10,0.3,-22.79,16.81,Christopher Hernandez,Consumer,Central,Illinois,2021-07-25,2021-07-28
ORD-101307,Ibico MB,Office Supplies,Binders,109.16,7,0.3,1.46,6.28,Jermaine Wolf,Corporate,Central,Minnesota,2022-07-21,2022-07-24
ORD-101308,Global Leather Chair,Furniture,Chairs,221.9,2,0.4,-47.91,8.59,David Hoffman,Home Office,East,New York,2023-05-11,2023-05-13
ORD-101309,HP Wireless Mouse,Technology,Accessories,483.16,10,0.2,44.83,15.47,Cory Gibson,Consumer,West,California,2023-01-10,2023-01-13
ORD-101310,Dixon Ticonderoga Pencils,Office Supplies,Art,112.54,5,0.1,20.2,24.96,Michelle Smith,Consumer,West,Nevada,2021-02-04,2021-02-07
ORD-101311,Canon imageRUNNER,Technology,Copiers,423.41,6,0.0,106.07,37.76,Kimberly Byrd,Home Office,South,Georgia,2022-01-20,2022-01-23
ORD-101312,HP Wireless Mouse,Technology,Accessories,475.56,1,0.5,-125.1,23.46,Carrie Owens,Consumer,East,Maryland,2023-04-23,2023-04-29
ORD-101313,Staedtler Pens,Office Supplies,Art,134.91,4,0.5,-19.58,25.81,Rebecca Walker,Consumer,East,Maryland,2022-01-27,2022-01-31
ORD-101314,Anker Charger,Technology,Accessories,339.11,2,0.3,-28.48,10.15,Susan Lawson,Consumer,East,Connecticut,2021-05-28,2021-06-01
ORD-101315,Ikea BEKANT Desk,Furniture,Tables,345.59,9,0.2,-12.73,21.88,Kenneth Lynch,Home Office,Central,Ohio,2021-08-08,2021-08-11
ORD-101316,Ricoh Aficio,Technology,Copiers,441.57,8,0.1,51.03,19.23,William Clark,Corporate,West,Utah,2022-02-17,2022-02-22
ORD-101317,Ikea BEKANT Desk,Furniture,Tables,513.99,4,0.1,37.82,37.08,Alexandria Cowan,Consumer,East,Maryland,2021-04-11,2021-04-14
ORD-101318,Google Pixel 7,Technology,Phones,440.5,4,0.1,64.78,30.4,Ashley Johnston,Consumer,East,Connecticut,2021-10-16,2021-10-19
ORD-101319,Staples Standard Staples,Office Supplies,Fasteners,56.96,1,0.3,-0.01,21.56,Christopher Vasquez,Consumer,South,Georgia,2022-07-19,2022-07-24
ORD-101320,Sanford Markers,Office Supplies,Art,147.9,2,0.0,30.93,23.73,Ashley Johnson,Consumer,Central,Wisconsin,2023-02-27,2023-03-02
ORD-101321,Samsung Galaxy S22,Technology,Phones,274.38,10,0.1,18.49,33.45,Theresa Estrada,Home Office,Central,Ohio,2022-09-28,2022-10-02
ORD-101322,Xerox Multi-Use Paper,Office Supplies,Paper,55.13,7,0.1,5.56,4.14,Connie Rios,Corporate,East,New Jersey,2022-01-10,2022-01-14
ORD-101323,Fellowes Storage Case,Office Supplies,Storage,78.14,10,0.1,5.45,14.2,Barbara Barber,Consumer,Central,Minnesota,2022-02-01,2022-02-03
ORD-101324,Anker Charger,Technology,Accessories,412.5,4,0.1,59.86,24.57,Christian Walker,Consumer,East,Virginia,2023-02-18,2023-02-21
ORD-101325,Apple iPhone 14,Technology,Phones,264.76,4,0.1,46.59,22.74,Crystal Johnson,Consumer,West,Washington,2023-06-02,2023-06-08
ORD-101326,Acco Staple Remover,Office Supplies,Supplies,106.35,2,0.0,28.88,5.44,Donald Morales,Consumer,West,Colorado,2021-05-29,2021-05-31
ORD-101327,Canon imageRUNNER,Technology,Copiers,304.75,2,0.3,-5.26,30.45,Brittany Joyce,Home Office,East,New Jersey,2023-04-18,2023-04-20
ORD-101328,Sanford Markers,Office Supplies,Art,55.06,6,0.0,14.56,17.7,Robert Foster,Home Office,South,Mississippi,2022-05-09,2022-05-10
ORD-101329,Ricoh Aficio,Technology,Copiers,437.49,1,0.2,20.85,38.23,Gabriel Marshall,Consumer,Central,Missouri,2022-04-15,2022-04-21
ORD-101330,Belkin USB Hub,Technology,Accessories,221.9,4,0.0,30.01,19.88,Susan Lawson,Consumer,East,Maryland,2021-02-13,2021-02-17
ORD-101331,Samsung Galaxy S22,Technology,Phones,505.56,7,0.0,67.03,14.82,James Smith,Corporate,Central,Wisconsin,2023-07-10,2023-07-13
ORD-101332,Canon Printer,Technology,Machines,484.11,2,0.0,54.05,16.94,Erica Scott,Home Office,West,Colorado,2021-11-22,2021-11-25
ORD-101333,Belkin USB Hub,Technology,Accessories,545.71,9,0.4,-110.03,39.08,Theresa Estrada,Corporate,Central,Wisconsin,2021-05-30,2021-06-01
ORD-101334,Jabra Headset,Technology,Accessories,498.37,5,0.0,105.3,29.34,Sheryl Wright,Corporate,South,Georgia,2022-11-07,2022-11-12
ORD-101335,Xerox WorkCentre,Technology,Copiers,298.52,4,0.2,14.66,23.38,Anthony Conley,Corporate,East,Virginia,2021-02-11,2021-02-13
ORD-101336,Ikea BEKANT Desk,Furniture,Tables,341.25,4,0.4,-84.27,23.55,Sandra Dean,Home Office,West,Arizona,2021-08-20,2021-08-24
ORD-101337,Prepac Bookcase,Furniture,Bookcases,188.97,3,0.3,-45.0,7.97,Kerry Jackson,Consumer,East,New Jersey,2021-06-01,2021-06-04
ORD-101338,Logitech Keyboard,Technology,Accessories,465.94,9,0.0,47.41,32.84,Mary Meza,Consumer,West,Arizona,2023-10-02,2023-10-07
ORD-101339,Canon Printer,Technology,Machines,425.26,1,0.3,-31.12,31.03,Andrew Medina,Consumer,East,Virginia,2023-08-02,2023-08-04
ORD-101340,Avery Heavy Duty Binder,Office Supplies,Binders,111.73,8,0.3,-3.92,19.79,Amanda Garcia,Home Office,West,Nevada,2021-06-21,2021-06-24
ORD-101341,Xerox Multi-Use Paper,Office Supplies,Paper,79.46,9,0.2,7.68,24.91,Melissa Newton,Consumer,Central,Ohio,2023-01-31,2023-02-02
ORD-101342,Lorell Glass Table,Furniture,Tables,350.21,3,0.0,40.56,30.61,Mark Hansen,Consumer,South,North Carolina,2022-06-19,2022-06-21
ORD-101343,Konica Minolta,Technology,Copiers,485.08,1,0.1,11.26,12.78,Andrew Medina,Consumer,East,Connecticut,2023-10-24,2023-10-28
ORD-101344,Sauder Bookcase,Furniture,Bookcases,400.81,3,0.1,20.29,26.22,Brian Williams,Corporate,Central,Wisconsin,2022-06-20,2022-06-25
ORD-101345,3M Post-it Flags,Office Supplies,Labels,57.47,3,0.3,-1.85,14.28,Joseph Thomas,Consumer,Central,Wisconsin,2022-04-28,2022-05-01
ORD-101346,Xerox WorkCentre,Technology,Copiers,403.71,8,0.2,5.36,32.31,Melissa Thompson,Consumer,South,Georgia,2021-03-27,2021-03-31
ORD-101347,Dixon Ticonderoga Pencils,Office Supplies,Art,100.68,2,0.3,5.19,11.84,Jennifer Wilson,Consumer,East,New York,2021-02-04,2021-02-09
ORD-101348,Steelcase Leap,Furniture,Chairs,439.81,8,0.1,-20.06,36.93,Steven Davis,Corporate,Central,Missouri,2023-12-19,2023-12-21
ORD-101349,Avery Shipping Labels,Office Supplies,Labels,109.91,2,0.0,31.48,16.0,Karen Dawson,Consumer,East,Massachusetts,2023-11-23,2023-11-25
ORD-101350,Realspace Bookcase,Furniture,Bookcases,356.42,3,0.0,55.08,29.71,Scott Gomez,Consumer,Central,Texas,2022-08-28,2022-09-01
ORD-101351,Canon Printer,Technology,Machines,731.96,5,0.4,-65.01,34.69,Kelly May,Consumer,South,Mississippi,2023-12-19,2023-12-22
ORD-101352,Advantus Binder Clips,Office Supplies,Fasteners,97.98,6,0.1,18.84,10.01,David Marshall,Corporate,West,Nevada,2021-11-17,2021-11-20
ORD-101353,Hammermill Copy Paper,Office Supplies,Paper,94.64,5,0.1,13.36,30.81,Lisa Joyce,Consumer,South,Tennessee,2022-01-28,2022-02-03
ORD-101354,Avery Address Labels,Office Supplies,Labels,78.75,9,0.0,23.48,31.1,William Robinson,Corporate,Central,Texas,2023-12-23,2023-12-27
ORD-101355,Motorola Edge,Technology,Phones,279.05,5,0.0,71.61,33.33,David Hernandez,Corporate,East,New Jersey,2022-11-11,2022-11-15
ORD-101356,Avery Shipping Labels,Office Supplies,Labels,106.0,7,0.2,-1.06,26.9,William Ball,Consumer,Central,Minnesota,2022-03-04,2022-03-10
ORD-101357,AT-A-GLANCE Planner,Office Supplies,Supplies,101.76,9,0.0,11.7,31.38,Samantha West,Home Office,South,Louisiana,2021-07-29,2021-07-31
ORD-101358,Maco Labels,Office Supplies,Labels,110.02,4,0.0,29.07,16.18,Kimberly Garrett,Consumer,West,Washington,2022-05-09,2022-05-13
ORD-101359,Fiskars Scissors,Office Supplies,Supplies,71.04,7,0.3,-0.98,23.87,William Robinson,Consumer,South,Florida,2021-03-13,2021-03-17
ORD-101360,Belkin USB Hub,Technology,Accessories,722.67,6,0.3,-61.63,20.48,James Reed,Consumer,East,Virginia,2023-12-11,2023-12-16
ORD-101361,Global Leather Chair,Furniture,Chairs,182.93,5,0.2,2.58,28.88,Carrie Owens,Consumer,South,North Carolina,2021-09-19,2021-09-24
ORD-101362,Navigator Paper,Office Supplies,Paper,152.8,3,0.4,-15.25,8.11,Dennis Mason,Consumer,West,Nevada,2021-09-03,2021-09-09
ORD-101363,Advantus Binder Clips,Office Supplies,Fasteners,122.37,8,0.0,35.13,6.16,Brian Williams,Consumer,Central,Texas,2021-05-26,2021-05-31
ORD-101364,Bestar Folding Table,Furniture,Tables,220.9,2,0.0,16.73,14.84,Robert Allen,Corporate,West,Arizona,2021-10-13,2021-10-18
ORD-101365,Motorola Edge,Technology,Phones,606.94,6,0.2,63.27,36.15,Ronald Ramsey,Corporate,West,Arizona,2022-11-23,2022-11-26
ORD-101366,Deflect-o Stackable,Office Supplies,Storage,108.01,3,0.1,10.37,28.02,Thomas Gutierrez,Corporate,East,Connecticut,2022-11-23,2022-11-26
ORD-101367,Navigator Paper,Office Supplies,Paper,153.59,1,0.0,29.71,24.56,Adam White,Consumer,West,Oregon,2021-03-28,2021-04-03
ORD-101368,Cardinal Binder,Office Supplies,Binders,79.28,1,0.3,-0.23,18.33,Carmen Fowler,Home Office,West,Oregon,2021-05-29,2021-06-01
ORD-101369,Konica Minolta,Technology,Copiers,658.67,5,0.0,146.69,42.18,Kara Davis,Consumer,West,Arizona,2022-01-11,2022-01-14
ORD-101370,Navigator Paper,Office Supplies,Paper,103.28,4,0.1,16.85,23.08,Rebecca Rubio,Consumer,South,Mississippi,2021-08-26,2021-08-29
ORD-101371,Anker Charger,Technology,Accessories,416.96,8,0.2,19.98,11.83,Donald Morales,Consumer,East,New York,2023-12-19,2023-12-21
ORD-101372,Wilson Jones Binder,Office Supplies,Binders,10.95,8,0.5,-2.13,18.96,Angel Dickerson,Consumer,Central,Minnesota,2021-04-08,2021-04-12
ORD-101373,Bush Coat Rack,Furniture,Furnishings,338.96,9,0.2,-39.84,30.29,Mary Fernandez,Corporate,South,Mississippi,2021-12-06,2021-12-09
ORD-101374,Lorell Glass Table,Furniture,Tables,356.36,4,0.0,31.99,25.39,Kimberly Ryan,Consumer,Central,Minnesota,2023-07-24,2023-07-26
ORD-101375,Prepac Bookcase,Furniture,Bookcases,520.66,3,0.3,-31.94,35.2,Laura Martin,Home Office,West,Washington,2022-08-26,2022-08-27
ORD-101376,Konica Minolta,Technology,Copiers,335.47,9,0.1,31.02,20.46,Jennifer Ellison,Corporate,East,Massachusetts,2022-04-02,2022-04-05
ORD-101377,Humanscale Chair,Furniture,Chairs,301.13,4,0.1,-0.78,14.97,Jason Harrison,Consumer,West,Colorado,2021-08-30,2021-09-02
ORD-101378,Staedtler Pens,Office Supplies,Art,96.24,1,0.4,-13.27,30.85,Patrick Dixon,Home Office,East,Virginia,2023-01-11,2023-01-15
ORD-101379,Fellowes Storage Case,Office Supplies,Storage,53.82,7,0.1,9.21,13.76,Robert Allen,Home Office,East,Connecticut,2021-08-30,2021-09-06
ORD-101380,Sharp MX,Technology,Copiers,510.72,4,0.0,71.39,26.23,Melissa Jenkins,Consumer,South,North Carolina,2021-10-28,2021-10-31
ORD-101381,Dixon Ticonderoga Pencils,Office Supplies,Art,118.65,5,0.3,-6.12,26.36,Kevin Wagner,Consumer,Central,Minnesota,2023-05-23,2023-05-25
ORD-101382,HP LaserJet,Technology,Machines,450.51,3,0.1,63.53,18.05,Antonio Yates,Home Office,Central,Wisconsin,2023-03-28,2023-04-01
ORD-101383,Lorell Mirror,Furniture,Furnishings,305.97,9,0.0,37.55,11.31,Dr. David Hoover,Consumer,East,New York,2021-01-14,2021-01-18
ORD-101384,Hon 4070 Chair,Furniture,Chairs,248.03,2,0.0,22.37,24.34,Joanna Ruiz,Corporate,East,Massachusetts,2022-01-31,2022-02-05
ORD-101385,Lorell Glass Table,Furniture,Tables,285.3,7,0.2,-27.77,10.06,William West,Corporate,West,Utah,2022-10-21,2022-10-23
ORD-101386,Google Pixel 7,Technology,Phones,381.72,3,0.0,39.15,36.09,Michael Hughes,Corporate,South,Tennessee,2023-01-25,2023-01-28
ORD-101387,Rubbermaid Tote,Office Supplies,Storage,74.28,8,0.2,3.4,26.79,Deborah Warren,Consumer,West,Oregon,2021-10-14,2021-10-18
ORD-101388,Wilson Jones Binder,Office Supplies,Binders,81.8,5,0.0,17.01,9.91,Rodney Bentley,Home Office,East,Massachusetts,2023-02-27,2023-03-05
ORD-101389,Anker Charger,Technology,Accessories,400.12,6,0.4,-46.43,21.84,Nathan Bradshaw,Home Office,Central,Wisconsin,2022-02-20,2022-02-23
ORD-101390,Samsung Galaxy S22,Technology,Phones,549.92,1,0.0,81.12,19.91,Penny Wilson,Consumer,West,Colorado,2023-08-15,2023-08-19
ORD-101391,Bush Furniture Bookcase,Furniture,Bookcases,165.62,7,0.0,7.93,12.21,Karen Charles,Corporate,South,Tennessee,2023-05-15,2023-05-18
ORD-101392,IKEA KALLAX,Furniture,Bookcases,251.54,6,0.0,20.73,31.36,Deborah Allen,Home Office,East,Maryland,2021-06-02,2021-06-07
ORD-101393,Avery Flexi-View,Office Supplies,Binders,65.36,8,0.0,10.14,11.06,Jennifer Browning,Home Office,Central,Ohio,2022-08-26,2022-08-30
ORD-101394,Hon 10500 Table,Furniture,Tables,255.27,2,0.0,27.84,12.47,Christina Hoffman,Corporate,South,Louisiana,2021-07-28,2021-07-31
ORD-101395,Sanford Markers,Office Supplies,Art,109.04,3,0.1,12.23,14.36,Scott Gomez,Corporate,West,Oregon,2021-07-08,2021-07-13
ORD-101396,Acco Staple Remover,Office Supplies,Supplies,76.78,4,0.4,-11.24,27.43,Jessica Scott,Home Office,South,Mississippi,2023-10-04,2023-10-09
ORD-101397,Sterilite Storage Box,Office Supplies,Storage,88.99,1,0.1,8.68,23.76,Alison Taylor,Corporate,Central,Texas,2021-12-29,2022-01-02
ORD-101398,Avery Flexi-View,Office Supplies,Binders,108.34,4,0.4,-20.51,19.16,Carrie Owens,Consumer,South,Louisiana,2023-05-28,2023-05-31
ORD-101399,Google Pixel 7,Technology,Phones,352.46,3,0.0,68.75,19.48,Kimberly Cooper,Corporate,West,California,2021-10-28,2021-11-02
ORD-101400,Sauder Bookcase,Furniture,Bookcases,332.06,5,0.1,51.35,13.7,Nicole Jimenez,Home Office,Central,Minnesota,2021-11-23,2021-11-25
ORD-101401,Sanford Markers,Office Supplies,Art,101.19,10,0.5,-23.29,20.08,Janet King,Corporate,West,Oregon,2021-05-30,2021-06-03
ORD-101402,Sharp MX,Technology,Copiers,394.73,3,0.0,35.99,35.7,Angel Dickerson,Corporate,Central,Missouri,2023-12-31,2024-01-05
ORD-101403,Avery Shipping Labels,Office Supplies,Labels,87.42,9,0.5,-19.38,22.25,Michele Hess,Corporate,South,Louisiana,2022-11-09,2022-11-14
ORD-101404,Hon 4070 Chair,Furniture,Chairs,419.85,9,0.1,-3.14,33.27,Lisa Graves,Consumer,Central,Ohio,2022-09-03,2022-09-08
ORD-101405,Bush Furniture Bookcase,Furniture,Bookcases,295.99,8,0.0,20.19,29.69,Kelly May,Consumer,West,Arizona,2021-03-15,2021-03-19
ORD-101406,OIC Binder Clips,Office Supplies,Fasteners,145.64,8,0.2,6.4,19.21,Dennis Schaefer,Consumer,East,Connecticut,2022-01-18,2022-01-19
ORD-101407,Bush Coat Rack,Furniture,Furnishings,529.91,6,0.1,32.17,18.89,Michele Moore,Home Office,South,Louisiana,2021-11-04,2021-11-09
ORD-101408,Humanscale Chair,Furniture,Chairs,367.85,6,0.0,43.57,17.63,Jennifer Browning,Corporate,West,Colorado,2021-03-20,2021-03-25
ORD-101409,Deflect-o Stackable,Office Supplies,Storage,102.6,1,0.2,-3.73,9.59,Isaac Riley DVM,Consumer,Central,Wisconsin,2021-03-03,2021-03-07
ORD-101410,IKEA KALLAX,Furniture,Bookcases,276.53,8,0.1,17.22,13.83,Yvonne Wilson,Home Office,Central,Texas,2021-12-27,2022-01-01
ORD-101411,Dixon Ticonderoga Pencils,Office Supplies,Art,88.44,5,0.3,-7.98,27.19,Bridget Kirby,Corporate,West,Colorado,2022-12-24,2022-12-29
ORD-101412,Motorola Edge,Technology,Phones,401.62,3,0.1,74.38,20.16,Brianna Warner,Consumer,South,Georgia,2022-04-01,2022-04-06
ORD-101413,Rubbermaid Tote,Office Supplies,Storage,129.9,4,0.0,28.18,22.01,Caitlin Bryant,Home Office,West,Nevada,2023-09-17,2023-09-19
ORD-101414,Ibico MB,Office Supplies,Binders,120.45,9,0.0,24.29,15.84,Eric Hood,Consumer,South,North Carolina,2023-01-28,2023-01-30
ORD-101415,Rubbermaid Cabinet,Furniture,Furnishings,105.54,10,0.0,5.68,23.35,Melanie Hall,Consumer,Central,Texas,2022-10-27,2022-10-28
ORD-101416,Google Pixel 7,Technology,Phones,660.06,6,0.1,56.96,23.47,Michelle Smith,Consumer,South,Georgia,2023-11-16,2023-11-21
ORD-101417,Rubbermaid Cabinet,Furniture,Furnishings,280.79,6,0.3,-43.52,14.08,Laura Martin,Consumer,East,New Jersey,2021-03-19,2021-03-21
ORD-101418,Hon 10500 Table,Furniture,Tables,538.5,2,0.0,97.63,25.28,Kara Davis,Home Office,South,Louisiana,2022-03-20,2022-03-24
ORD-101419,Staples Standard Staples,Office Supplies,Fasteners,161.0,1,0.3,-4.5,11.01,Todd Khan,Home Office,East,New Jersey,2022-10-12,2022-10-13
ORD-101420,Ibico MB,Office Supplies,Binders,99.46,8,0.0,14.34,14.74,Jennifer Montgomery,Consumer,South,Alabama,2023-02-24,2023-02-28
ORD-101421,Realspace Bookcase,Furniture,Bookcases,487.23,7,0.1,-18.7,38.54,Melissa Thompson,Home Office,West,Washington,2022-04-27,2022-05-02
ORD-101422,Fiskars Scissors,Office Supplies,Supplies,96.94,6,0.1,8.25,31.48,Alex Walker,Consumer,Central,Missouri,2023-11-04,2023-11-07
ORD-101423,Rubbermaid Cabinet,Furniture,Furnishings,239.34,3,0.1,-5.23,16.01,Frederick Bond,Corporate,Central,Missouri,2022-07-27,2022-07-31
ORD-101424,Fellowes Storage Case,Office Supplies,Storage,70.55,1,0.0,13.62,26.05,Brandon Morse,Home Office,East,Pennsylvania,2021-09-01,2021-09-07
ORD-101425,Ikea BEKANT Desk,Furniture,Tables,244.21,6,0.3,-24.01,9.75,Thomas Gutierrez,Corporate,West,Washington,2023-02-02,2023-02-06
ORD-101426,Hon 10500 Table,Furniture,Tables,177.42,5,0.3,-22.88,20.72,Ashley Johnston,Consumer,West,Colorado,2021-01-12,2021-01-15
ORD-101427,Acco Staple Remover,Office Supplies,Supplies,128.97,7,0.1,14.75,22.79,Caitlin Bryant,Corporate,South,Mississippi,2023-02-24,2023-02-27
ORD-101428,Canon imageRUNNER,Technology,Copiers,295.13,3,0.4,-44.72,16.68,Daniel Mccoy,Consumer,East,Pennsylvania,2023-06-23,2023-06-27
ORD-101429,Staedtler Pens,Office Supplies,Art,127.75,3,0.0,29.34,9.42,Dr. Darren Mcneil,Consumer,East,Maryland,2021-05-23,2021-05-27
ORD-101430,Staples Copy Paper,Office Supplies,Paper,73.0,5,0.1,11.99,9.97,Emily Copeland,Corporate,East,New York,2021-01-15,2021-01-19
ORD-101431,Lorell Mirror,Furniture,Furnishings,177.72,6,0.1,9.61,15.22,Daniel Abbott,Consumer,East,Maryland,2023-08-07,2023-08-10
ORD-101432,Jabra Headset,Technology,Accessories,475.38,6,0.0,78.25,14.94,John Burgess,Corporate,West,Utah,2023-01-14,2023-01-18
ORD-101433,Avery Address Labels,Office Supplies,Labels,63.17,8,0.5,-14.17,21.69,Michael Arroyo,Corporate,South,Florida,2023-07-18,2023-07-21
ORD-101434,Maco Labels,Office Supplies,Labels,107.11,1,0.0,30.15,9.8,Christina Hoffman,Corporate,West,Arizona,2021-12-26,2021-12-28
ORD-101435,Avery Flexi-View,Office Supplies,Binders,69.61,5,0.0,16.91,19.26,Katherine Evans,Home Office,Central,Wisconsin,2022-03-15,2022-03-19
ORD-101436,Bush Furniture Bookcase,Furniture,Bookcases,59.56,5,0.1,-0.55,17.4,Gregory Simmons,Corporate,West,Oregon,2022-04-30,2022-05-05
ORD-101437,Avery File Folder Labels,Office Supplies,Labels,89.01,10,0.0,15.53,28.15,Lori Levine,Consumer,South,North Carolina,2023-08-07,2023-08-11
ORD-101438,Expo Dry Erase,Office Supplies,Art,60.03,8,0.0,11.2,5.7,Amy Reyes,Consumer,South,Florida,2023-10-18,2023-10-22
ORD-101439,Eldon Shelf,Furniture,Furnishings,345.06,3,0.1,3.67,24.98,Brianna Warner,Corporate,West,Nevada,2022-05-20,2022-05-24
ORD-101440,Samsung Galaxy S22,Technology,Phones,51.88,9,0.0,3.84,5.05,Anthony Conley,Corporate,Central,Michigan,2023-11-29,2023-12-02
ORD-101441,Bush Coat Rack,Furniture,Furnishings,237.18,9,0.0,29.15,14.14,Samantha Smith,Corporate,South,North Carolina,2021-04-02,2021-04-05
ORD-101442,Xerox Multi-Use Paper,Office Supplies,Paper,17.92,7,0.2,0.63,25.35,Phillip Lewis,Home Office,East,New Jersey,2023-03-19,2023-03-25
ORD-101443,Belkin USB Hub,Technology,Accessories,325.8,3,0.3,3.07,29.22,Sharon Hansen,Corporate,East,New York,2022-10-19,2022-10-21
ORD-101444,Jabra Headset,Technology,Accessories,348.4,4,0.0,69.38,32.2,Rebecca Taylor,Home Office,Central,Wisconsin,2022-12-15,2022-12-19
ORD-101445,Cardinal Binder,Office Supplies,Binders,94.52,3,0.0,10.73,21.99,Melissa Newton,Corporate,South,Florida,2021-01-11,2021-01-15
ORD-101446,Konica Minolta,Technology,Copiers,532.91,2,0.2,16.4,33.8,Anthony Conley,Corporate,South,Mississippi,2021-11-07,2021-11-09
ORD-101447,Global Leather Chair,Furniture,Chairs,370.99,8,0.0,109.93,19.68,John Burgess,Consumer,West,California,2021-07-02,2021-07-04
ORD-101448,Avery Shipping Labels,Office Supplies,Labels,23.31,7,0.0,7.14,9.09,Dana Williams,Consumer,West,California,2023-12-20,2023-12-25
ORD-101449,Prepac Bookcase,Furniture,Bookcases,275.51,3,0.0,31.51,16.19,Michelle Henderson,Corporate,East,Pennsylvania,2021-01-28,2021-02-01
ORD-101450,Canon Printer,Technology,Machines,402.72,7,0.0,63.95,33.73,Theresa Brown,Consumer,Central,Texas,2023-03-20,2023-03-24
ORD-101451,Realspace Bookcase,Furniture,Bookcases,241.62,4,0.2,-10.52,23.19,William Harrington,Corporate,East,Virginia,2022-02-01,2022-02-05
ORD-101452,Memorex Tape,Office Supplies,Supplies,41.45,3,0.0,10.67,15.27,Brittany Joyce,Home Office,East,Pennsylvania,2022-12-09,2022-12-11
ORD-101453,Rubbermaid Cabinet,Furniture,Furnishings,260.06,2,0.4,-71.91,29.22,Adam Page,Home Office,West,Washington,2023-01-06,2023-01-10
ORD-101454,Humanscale Chair,Furniture,Chairs,256.0,4,0.1,21.21,15.62,Vincent Mcdonald,Corporate,East,New Jersey,2021-02-22,2021-02-24
ORD-101455,Google Pixel 7,Technology,Phones,324.35,4,0.0,64.2,32.71,Sheila Logan,Corporate,South,Mississippi,2021-12-07,2021-12-11
ORD-101456,Jiffy Mailer,Office Supplies,Envelopes,66.61,4,0.2,6.52,27.73,Brandon Morse,Consumer,Central,Missouri,2023-12-24,2023-12-28
ORD-101457,Zebra Label Printer,Technology,Machines,519.68,6,0.1,100.0,34.64,Michael Moore,Home Office,South,Alabama,2021-03-08,2021-03-11
ORD-101458,IKEA KALLAX,Furniture,Bookcases,288.93,5,0.1,15.44,11.65,Sandra Torres,Home Office,Central,Michigan,2021-05-13,2021-05-16
ORD-101459,Nokia 5310,Technology,Phones,425.69,2,0.0,104.21,12.23,Daniel Mccoy,Consumer,East,Virginia,2022-05-30,2022-06-02
ORD-101460,Ricoh Aficio,Technology,Copiers,294.99,1,0.1,40.49,22.85,Philip Cole,Consumer,East,Massachusetts,2023-04-25,2023-04-29
ORD-101461,Apple iPhone 14,Technology,Phones,378.85,4,0.1,36.67,21.61,Nathaniel Wade,Consumer,Central,Wisconsin,2023-01-21,2023-01-24
ORD-101462,Safco Round Table,Furniture,Tables,321.01,6,0.5,-92.25,35.18,Frederick Bond,Home Office,East,New York,2021-07-28,2021-07-31
ORD-101463,Sanford Markers,Office Supplies,Art,86.28,3,0.0,19.91,27.93,Donna Jones,Consumer,West,California,2023-10-05,2023-10-08
ORD-101464,OIC Binder Clips,Office Supplies,Fasteners,140.5,6,0.0,37.83,23.93,David Hoffman,Consumer,East,Pennsylvania,2022-12-29,2023-01-01
ORD-101465,Ricoh Aficio,Technology,Copiers,549.06,2,0.0,86.32,15.71,Timothy Ford,Consumer,South,Tennessee,2022-02-15,2022-02-19
ORD-101466,Memorex Tape,Office Supplies,Supplies,61.54,7,0.1,11.56,12.62,Kayla Nichols,Home Office,East,New York,2022-05-08,2022-05-13
ORD-101467,Apple iPhone 14,Technology,Phones,550.17,2,0.4,-36.51,15.01,Sherri Holmes,Corporate,East,Massachusetts,2022-11-08,2022-11-12
ORD-101468,Ergon Chair,Furniture,Chairs,237.52,2,0.0,21.03,12.4,Stephanie Ramirez,Consumer,Central,Minnesota,2022-06-22,2022-06-26
ORD-101469,Prepac Bookcase,Furniture,Bookcases,113.26,8,0.2,-9.02,22.76,Jeremy Cervantes,Corporate,South,Tennessee,2022-06-08,2022-06-12
ORD-101470,Humanscale Chair,Furniture,Chairs,429.59,2,0.1,-1.43,21.91,Kimberly Byrd,Corporate,South,Alabama,2022-02-11,2022-02-14
ORD-101471,Humanscale Chair,Furniture,Chairs,386.86,3,0.3,-57.85,22.53,Carrie Sanchez,Consumer,South,Alabama,2021-07-23,2021-07-25
ORD-101472,Stanley Staple Gun,Office Supplies,Fasteners,100.37,2,0.2,0.26,29.61,John Davis,Consumer,East,Connecticut,2022-03-08,2022-03-12
ORD-101473,Sanford Markers,Office Supplies,Art,92.73,9,0.3,-15.72,7.71,Taylor Johnson,Consumer,West,Nevada,2021-12-05,2021-12-10
ORD-101474,Motorola Edge,Technology,Phones,380.1,2,0.0,37.43,29.08,Lisa Graves,Home Office,East,Virginia,2023-04-22,2023-04-24
ORD-101475,Acco Staple Remover,Office Supplies,Supplies,128.59,9,0.1,23.0,21.44,Jennifer Ellison,Home Office,East,New York,2023-11-17,2023-11-21
ORD-101476,Ergon Chair,Furniture,Chairs,366.0,3,0.3,-23.41,22.5,Joseph Rodriguez,Consumer,South,North Carolina,2022-08-17,2022-08-23
ORD-101477,Avery Shipping Labels,Office Supplies,Labels,59.63,9,0.0,18.33,26.11,Jack Miranda,Consumer,South,Alabama,2022-12-31,2023-01-04
ORD-101478,Realspace Bookcase,Furniture,Bookcases,421.86,7,0.1,3.45,19.53,Timothy Best,Home Office,East,Virginia,2022-06-16,2022-06-20
ORD-101479,Cardinal Binder,Office Supplies,Binders,126.34,3,0.1,10.7,16.96,Michael Smith,Home Office,South,Louisiana,2023-04-06,2023-04-08
ORD-101480,Eldon Mobile,Office Supplies,Storage,63.62,1,0.1,6.97,10.46,Frederick Finley,Corporate,South,Louisiana,2023-10-31,2023-11-02
ORD-101481,Sterilite Storage Box,Office Supplies,Storage,73.07,4,0.0,12.22,12.13,Stephen Curtis,Consumer,Central,Michigan,2021-08-30,2021-09-02
ORD-101482,Humanscale Chair,Furniture,Chairs,456.77,10,0.4,-106.4,31.09,Susan Hamilton,Consumer,South,Georgia,2022-04-05,2022-04-08
ORD-101483,Safco Round Table,Furniture,Tables,352.3,5,0.0,25.18,22.03,Rebecca Taylor,Consumer,South,Florida,2022-08-03,2022-08-08
ORD-101484,Belkin USB Hub,Technology,Accessories,118.7,5,0.1,13.47,8.75,Jason Clark,Corporate,Central,Minnesota,2021-11-10,2021-11-14
ORD-101485,3M Post-it Flags,Office Supplies,Labels,28.81,10,0.0,6.24,15.35,April Howard,Corporate,South,Alabama,2023-10-27,2023-11-02
ORD-101486,Sharp MX,Technology,Copiers,191.07,2,0.0,53.38,12.61,Dr. Darren Mcneil,Consumer,East,Massachusetts,2022-06-14,2022-06-17
ORD-101487,3M Post-it Flags,Office Supplies,Labels,119.16,2,0.0,26.85,18.21,Jason Clark,Home Office,West,Utah,2021-08-20,2021-08-24
ORD-101488,Ikea BEKANT Desk,Furniture,Tables,461.64,7,0.0,26.63,34.64,Patrick Hardin,Corporate,Central,Ohio,2023-04-15,2023-04-20
ORD-101489,IKEA KALLAX,Furniture,Bookcases,375.22,7,0.0,41.27,11.36,Curtis Fields,Consumer,South,Georgia,2021-02-14,2021-02-20
ORD-101490,Konica Minolta,Technology,Copiers,452.24,2,0.3,1.64,15.47,Kimberly Roberts,Corporate,East,Massachusetts,2022-01-31,2022-02-04
ORD-101491,Ergon Chair,Furniture,Chairs,397.9,3,0.0,45.53,13.11,Stephen Curtis,Consumer,East,Virginia,2022-06-14,2022-06-18
ORD-101492,Cardinal Binder,Office Supplies,Binders,37.04,7,0.4,-5.48,18.48,Yvonne Wilson,Consumer,Central,Minnesota,2022-07-09,2022-07-12
ORD-101493,Rubbermaid Cabinet,Furniture,Furnishings,295.27,6,0.0,30.91,15.96,Jeffrey Golden,Consumer,South,Alabama,2022-05-25,2022-05-29
ORD-101494,Nokia 5310,Technology,Phones,229.17,1,0.3,13.88,28.67,Daniel Abbott,Corporate,West,Colorado,2022-10-05,2022-10-10
ORD-101495,HP Office Paper,Office Supplies,Paper,138.52,1,0.0,34.64,21.86,Mary Meza,Consumer,East,New York,2023-01-10,2023-01-13
ORD-101496,Advantus Ring Binder,Furniture,Furnishings,318.64,6,0.1,2.99,19.61,Brianna Warner,Corporate,East,Connecticut,2023-03-20,2023-03-23
ORD-101497,Bush Furniture Bookcase,Furniture,Bookcases,195.77,3,0.0,20.34,31.77,Michele Hess,Home Office,Central,Minnesota,2021-01-16,2021-01-17
ORD-101498,Konica Minolta,Technology,Copiers,451.24,5,0.0,53.21,34.17,Holly Smith,Consumer,South,Tennessee,2023-02-08,2023-02-12
ORD-101499,Quartet Calendar,Office Supplies,Supplies,100.69,8,0.3,-2.8,13.34,Cory Pitts,Home Office,Central,Minnesota,2022-09-29,2022-10-02
ORD-101500,Google Pixel 7,Technology,Phones,104.75,5,0.3,-10.79,28.74,Donald Morales,Home Office,West,Washington,2022-10-16,2022-10-22
ORD-101501,Ricoh Aficio,Technology,Copiers,343.82,10,0.2,39.33,16.06,Ronald Ingram,Consumer,Central,Illinois,2021-09-25,2021-09-30
ORD-101502,Rubbermaid Tote,Office Supplies,Storage,107.81,3,0.5,-26.6,26.71,Andrew Salazar,Consumer,West,California,2021-04-20,2021-04-21
ORD-101503,Rubbermaid Cabinet,Furniture,Furnishings,368.32,7,0.0,8.34,12.5,Aaron Little,Corporate,South,Georgia,2023-05-27,2023-06-02
ORD-101504,HP LaserJet,Technology,Machines,583.23,1,0.0,91.24,39.08,Dr. David Hoover,Corporate,Central,Minnesota,2022-07-30,2022-08-03
ORD-101505,Lorell Mirror,Furniture,Furnishings,298.76,3,0.1,25.78,32.8,Robert Harris,Consumer,South,Alabama,2021-01-31,2021-02-02
ORD-101506,HP Office Paper,Office Supplies,Paper,48.81,5,0.3,-4.39,21.22,Jacqueline Fisher,Home Office,South,Georgia,2023-01-04,2023-01-07
ORD-101507,Sanford Markers,Office Supplies,Art,71.32,6,0.0,19.39,13.76,Vincent Mcdonald,Consumer,West,Arizona,2023-05-21,2023-05-23
ORD-101508,Bush Coat Rack,Furniture,Furnishings,127.68,5,0.4,-46.17,10.27,David Marshall,Corporate,Central,Missouri,2023-03-02,2023-03-07
ORD-101509,Lorell Glass Table,Furniture,Tables,255.86,1,0.0,32.64,33.62,Leslie Lynch,Consumer,Central,Ohio,2021-09-19,2021-09-21
ORD-101510,Rubbermaid Cabinet,Furniture,Furnishings,454.03,2,0.0,34.89,17.31,Mark Hansen,Consumer,West,Utah,2022-06-06,2022-06-09
ORD-101511,Bush Coat Rack,Furniture,Furnishings,260.63,4,0.0,41.1,16.14,Jared Clark,Consumer,East,Massachusetts,2023-07-06,2023-07-09
ORD-101512,Canon imageRUNNER,Technology,Copiers,110.84,9,0.0,17.8,28.08,Aaron Martinez,Consumer,East,Massachusetts,2021-12-07,2021-12-10
ORD-101513,Acco Binder Clips,Office Supplies,Fasteners,96.09,6,0.2,7.92,18.5,Brandon Marsh,Consumer,West,California,2023-03-04,2023-03-10
ORD-101514,Staples Standard Envelopes,Office Supplies,Envelopes,73.69,9,0.0,16.34,28.03,Nicole Jimenez,Consumer,Central,Illinois,2021-10-24,2021-10-27
ORD-101515,Google Pixel 7,Technology,Phones,11.87,6,0.0,1.75,14.78,Ashley Johnson,Consumer,Central,Texas,2023-06-22,2023-06-25
ORD-101516,Sauder Bookcase,Furniture,Bookcases,364.42,9,0.0,18.54,27.62,Alison Taylor,Corporate,South,Alabama,2023-12-25,2023-12-28
ORD-101517,Lorell Glass Table,Furniture,Tables,317.08,9,0.2,-11.94,31.05,Ashley Johnson,Corporate,South,Alabama,2022-10-19,2022-10-22
ORD-101518,Lorell Glass Table,Furniture,Tables,268.89,8,0.1,7.67,11.96,David Barrett,Home Office,East,New Jersey,2023-05-22,2023-05-29
ORD-101519,BIC Cristal Pens,Office Supplies,Art,59.19,10,0.1,7.68,30.2,Adam White,Consumer,South,Georgia,2023-09-09,2023-09-11
ORD-101520,HP Wireless Mouse,Technology,Accessories,507.63,4,0.0,95.36,34.55,Matthew Jones,Consumer,West,Arizona,2022-06-02,2022-06-04
ORD-101521,Memorex Tape,Office Supplies,Supplies,71.23,4,0.5,-12.02,18.39,Courtney Gardner,Consumer,South,Mississippi,2021-11-06,2021-11-13
ORD-101522,Avery File Folder Labels,Office Supplies,Labels,112.87,1,0.0,13.26,10.0,Thomas Gutierrez,Consumer,West,California,2023-11-21,2023-11-27
ORD-101523,Deflect-o Stackable,Office Supplies,Storage,127.09,9,0.3,-4.68,21.66,Antonio Yates,Consumer,South,Tennessee,2021-01-05,2021-01-06
ORD-101524,Motorola Edge,Technology,Phones,478.08,5,0.0,114.67,32.12,Deborah Warren,Consumer,West,Oregon,2023-09-12,2023-09-16
ORD-101525,Ibico MB,Office Supplies,Binders,46.11,9,0.2,1.13,9.19,Erica Scott,Consumer,East,Virginia,2022-08-16,2022-08-22
ORD-101526,Kraft Envelopes,Office Supplies,Envelopes,80.77,8,0.3,-4.78,15.53,Angel Dickerson,Consumer,East,New York,2022-09-26,2022-09-29
ORD-101527,Acco Binder Clips,Office Supplies,Fasteners,145.52,1,0.4,-20.79,7.15,Rebecca Lewis,Home Office,South,Tennessee,2022-01-09,2022-01-10
ORD-101528,Fellowes Storage Case,Office Supplies,Storage,72.22,6,0.0,16.63,6.78,Yvonne Wilson,Consumer,East,New York,2023-06-06,2023-06-13
ORD-101529,3M Post-it Flags,Office Supplies,Labels,51.53,2,0.0,10.32,26.12,Kimberly Garrett,Consumer,East,Virginia,2021-07-04,2021-07-08
ORD-101530,Steelcase Leap,Furniture,Chairs,348.09,5,0.1,1.17,20.17,Nathan Bradshaw,Consumer,West,Nevada,2022-07-05,2022-07-10
ORD-101531,Navigator Paper,Office Supplies,Paper,87.01,9,0.4,-11.0,20.02,Theresa Estrada,Consumer,West,Arizona,2023-04-10,2023-04-12
ORD-101532,AT-A-GLANCE Planner,Office Supplies,Supplies,41.54,3,0.0,9.81,26.62,Mary Lambert,Consumer,East,New Jersey,2023-08-26,2023-08-30
ORD-101533,Belkin USB Hub,Technology,Accessories,690.79,8,0.3,-40.81,33.85,Jason Pineda,Consumer,East,New York,2023-07-20,2023-07-25
ORD-101534,Ergon Chair,Furniture,Chairs,337.03,6,0.4,-62.47,35.14,Cory Pitts,Home Office,East,Virginia,2022-01-18,2022-01-21
ORD-101535,Humanscale Chair,Furniture,Chairs,157.68,3,0.1,16.58,16.55,Jeffrey Golden,Consumer,South,Tennessee,2023-08-03,2023-08-06
ORD-101536,Anker Charger,Technology,Accessories,442.37,3,0.1,80.33,16.63,Kayla Nichols,Corporate,East,Connecticut,2022-01-14,2022-01-19
ORD-101537,Humanscale Chair,Furniture,Chairs,222.04,6,0.0,42.39,11.0,Mary Martin,Corporate,East,Virginia,2021-10-16,2021-10-20
ORD-101538,Steelcase Leap,Furniture,Chairs,403.02,10,0.0,51.45,33.86,Eric Chandler,Corporate,South,Mississippi,2022-12-11,2022-12-15
ORD-101539,Apple iPhone 14,Technology,Phones,447.44,7,0.0,74.98,13.38,Jessica Dodson,Consumer,East,Maryland,2023-01-22,2023-01-25
ORD-101540,Canon imageRUNNER,Technology,Copiers,602.09,1,0.0,112.6,28.15,Lisa Joyce,Corporate,West,Arizona,2021-12-18,2021-12-21
ORD-101541,Acco Staple Remover,Office Supplies,Supplies,27.05,7,0.4,-4.22,18.18,Melissa Jenkins,Home Office,East,Pennsylvania,2023-11-25,2023-11-27
ORD-101542,HP LaserJet,Technology,Machines,380.26,1,0.2,13.5,33.39,Samantha Smith,Consumer,East,New York,2023-02-04,2023-02-05
ORD-101543,Staples Standard Envelopes,Office Supplies,Envelopes,88.19,6,0.0,24.78,26.82,Crystal Johnson,Corporate,South,Florida,2021-08-12,2021-08-19
ORD-101544,Ikea BEKANT Desk,Furniture,Tables,75.87,10,0.0,8.13,4.91,Lori West,Consumer,East,Massachusetts,2023-06-22,2023-06-24
ORD-101545,Ibico MB,Office Supplies,Binders,31.82,4,0.3,0.57,7.44,Andrew Salazar,Corporate,Central,Minnesota,2023-09-18,2023-09-21
ORD-101546,Hon 10500 Table,Furniture,Tables,298.66,8,0.3,-35.55,20.14,Joanna Ruiz,Corporate,Central,Texas,2023-12-05,2023-12-08
ORD-101547,Expo Dry Erase,Office Supplies,Art,62.36,2,0.0,17.71,25.05,Jessica Hill,Consumer,West,Utah,2021-06-30,2021-07-06
ORD-101548,Safco Round Table,Furniture,Tables,435.01,8,0.4,-83.01,17.46,Diane Murphy,Corporate,South,Georgia,2021-05-25,2021-05-26
ORD-101549,Safco Round Table,Furniture,Tables,294.46,5,0.5,-79.8,20.65,Randy Terry,Corporate,West,Nevada,2023-01-08,2023-01-11
ORD-101550,Safco Round Table,Furniture,Tables,225.17,5,0.5,-57.92,16.09,Steven Davis,Corporate,Central,Minnesota,2023-05-30,2023-06-02
ORD-101551,OIC Binder Clips,Office Supplies,Fasteners,142.78,1,0.1,27.63,17.85,Ronald Ingram,Consumer,West,Arizona,2022-04-12,2022-04-15
ORD-101552,Bush Coat Rack,Furniture,Furnishings,222.45,3,0.0,26.26,12.38,Jared Clark,Consumer,Central,Ohio,2022-07-21,2022-07-25
ORD-101553,IKEA KALLAX,Furniture,Bookcases,154.82,1,0.2,-4.86,22.3,Joseph Thomas,Consumer,East,New York,2021-01-20,2021-01-24
ORD-101554,Google Pixel 7,Technology,Phones,482.1,3,0.0,41.71,20.61,Kayla Hooper,Corporate,South,Florida,2022-04-24,2022-04-26
ORD-101555,Belkin USB Hub,Technology,Accessories,224.11,4,0.0,37.17,32.32,Donald Morales,Corporate,East,Massachusetts,2023-07-01,2023-07-05
ORD-101556,Logitech Keyboard,Technology,Accessories,361.86,6,0.3,-43.59,34.54,Abigail Berger,Consumer,East,Maryland,2022-07-03,2022-07-07
ORD-101557,Jabra Headset,Technology,Accessories,472.24,4,0.3,-22.4,37.57,Douglas Rodriguez,Consumer,East,New York,2023-01-02,2023-01-07
ORD-101558,OIC Binder Clips,Office Supplies,Fasteners,83.78,8,0.0,15.27,16.64,Crystal Johnson,Consumer,Central,Illinois,2022-12-12,2022-12-18
ORD-101559,Steelcase Leap,Furniture,Chairs,435.84,2,0.0,79.66,38.25,Lisa Christensen,Consumer,Central,Wisconsin,2022-01-27,2022-02-01
ORD-101560,Advantus Binder Clips,Office Supplies,Fasteners,74.53,1,0.0,14.12,7.89,Brittany Joyce,Home Office,West,Colorado,2022-08-13,2022-08-19
ORD-101561,Sauder Bookcase,Furniture,Bookcases,368.94,4,0.5,-117.29,19.47,Patrick Hardin,Consumer,East,Connecticut,2021-03-06,2021-03-11
ORD-101562,Safco Round Table,Furniture,Tables,293.27,2,0.0,40.17,19.87,Dr. David Hoover,Consumer,Central,Texas,2021-12-23,2021-12-29
ORD-101563,Humanscale Chair,Furniture,Chairs,80.88,9,0.0,13.42,16.48,Melissa Jenkins,Corporate,South,Mississippi,2023-09-25,2023-09-29
ORD-101564,Maco Labels,Office Supplies,Labels,92.33,4,0.1,11.03,12.65,Kayla Elliott,Corporate,Central,Wisconsin,2022-06-23,2022-06-24
ORD-101565,Konica Minolta,Technology,Copiers,395.72,6,0.0,70.49,16.8,Wanda Yang,Corporate,South,Tennessee,2023-02-07,2023-02-12
ORD-101566,Jabra Headset,Technology,Accessories,133.01,3,0.0,33.88,18.06,Michael Hughes,Consumer,Central,Ohio,2022-12-14,2022-12-19
ORD-101567,HP Wireless Mouse,Technology,Accessories,416.61,6,0.3,-15.77,13.22,Gregory Simmons,Corporate,West,Washington,2022-06-06,2022-06-08
ORD-101568,Sterilite Storage Box,Office Supplies,Storage,120.45,9,0.4,-18.19,19.19,Jessica Scott,Consumer,Central,Texas,2021-03-07,2021-03-11
ORD-101569,Avery Heavy Duty Binder,Office Supplies,Binders,105.15,10,0.4,-11.92,12.71,Jeremy Thomas,Consumer,South,Tennessee,2022-05-13,2022-05-14
ORD-101570,Fiskars Scissors,Office Supplies,Supplies,117.1,2,0.0,13.31,25.24,Christina Hoffman,Home Office,South,North Carolina,2022-11-17,2022-11-23
ORD-101571,Bestar Folding Table,Furniture,Tables,298.11,1,0.4,-74.57,12.78,Ryan Koch,Home Office,South,Louisiana,2023-05-18,2023-05-21
ORD-101572,Zebra Label Printer,Technology,Machines,479.16,1,0.4,-55.82,15.68,Sandra Dean,Corporate,South,Florida,2023-01-28,2023-01-31
ORD-101573,Samsung Galaxy S22,Technology,Phones,296.78,2,0.2,-4.63,25.35,Carla Park,Corporate,West,Nevada,2022-12-07,2022-12-12
ORD-101574,Ibico MB,Office Supplies,Binders,86.46,10,0.0,15.15,7.6,Krystal Arias,Consumer,South,Louisiana,2021-12-17,2021-12-19
ORD-101575,Epson Scanner,Technology,Machines,544.72,10,0.2,0.84,32.53,Meghan Martin,Corporate,East,Maryland,2021-08-18,2021-08-22
ORD-101576,Eldon Mobile,Office Supplies,Storage,23.02,4,0.1,2.79,24.13,Carla Chen,Consumer,East,Maryland,2023-08-22,2023-08-24
ORD-101577,Staedtler Pens,Office Supplies,Art,56.77,6,0.5,-14.85,12.53,Michael Nelson,Home Office,South,Georgia,2022-03-19,2022-03-21
ORD-101578,Dixon Ticonderoga Pencils,Office Supplies,Art,50.4,9,0.0,11.36,11.96,Joel Simmons,Consumer,South,Georgia,2021-04-20,2021-04-24
ORD-101579,Avery File Folder Labels,Office Supplies,Labels,132.52,5,0.1,20.63,13.18,Joanna Ruiz,Consumer,West,California,2021-09-19,2021-09-23
ORD-101580,Avery Heavy Duty Binder,Office Supplies,Binders,70.59,1,0.2,5.84,24.28,Stephanie Stevenson,Corporate,South,North Carolina,2022-03-09,2022-03-13
ORD-101581,HP Office Paper,Office Supplies,Paper,75.31,8,0.1,7.93,27.47,Michele Moore,Home Office,West,Washington,2021-01-27,2021-01-29
ORD-101582,Brother Fax Machine,Technology,Machines,225.3,2,0.1,2.8,31.44,Taylor Sims,Corporate,East,Virginia,2021-09-18,2021-09-22
ORD-101583,Motorola Edge,Technology,Phones,347.61,6,0.0,65.32,25.74,Taylor Johnson,Consumer,West,Utah,2023-04-14,2023-04-17
ORD-101584,Samsung Galaxy S22,Technology,Phones,394.54,8,0.0,62.81,34.25,Melissa Jenkins,Corporate,East,Massachusetts,2022-04-05,2022-04-07
ORD-101585,Logitech Keyboard,Technology,Accessories,258.68,5,0.0,54.43,18.63,Jerry Curtis,Consumer,East,New Jersey,2021-03-25,2021-03-30
ORD-101586,Logitech Keyboard,Technology,Accessories,199.26,6,0.1,27.66,30.87,Adam Johnson,Consumer,South,Tennessee,2021-11-29,2021-12-01
ORD-101587,Memorex Tape,Office Supplies,Supplies,57.93,2,0.1,5.93,25.87,Shawn Martinez,Corporate,South,Georgia,2023-05-06,2023-05-11
ORD-101588,IKEA KALLAX,Furniture,Bookcases,133.99,7,0.5,-43.56,24.17,Lori West,Consumer,Central,Wisconsin,2023-01-12,2023-01-15
ORD-101589,Sauder Bookcase,Furniture,Bookcases,427.04,8,0.0,53.71,34.4,Rhonda Allen,Corporate,Central,Wisconsin,2022-01-22,2022-01-26
ORD-101590,Avery Heavy Duty Binder,Office Supplies,Binders,121.31,3,0.4,-8.96,25.37,Robert Foster,Consumer,Central,Texas,2023-03-01,2023-03-03
ORD-101591,Nokia 5310,Technology,Phones,233.41,10,0.4,-36.54,11.65,Amanda Garcia,Home Office,South,Alabama,2022-10-19,2022-10-22
ORD-101592,Ibico MB,Office Supplies,Binders,65.03,6,0.3,3.03,28.26,Suzanne West,Consumer,South,North Carolina,2022-05-07,2022-05-11
ORD-101593,BIC Cristal Pens,Office Supplies,Art,51.7,4,0.0,13.68,9.5,Joseph Lopez,Corporate,East,New Jersey,2022-07-31,2022-08-06
ORD-101594,Motorola Edge,Technology,Phones,552.87,6,0.3,17.4,35.07,Frederick Finley,Consumer,South,Tennessee,2021-03-13,2021-03-18
ORD-101595,Realspace Bookcase,Furniture,Bookcases,260.84,6,0.4,-48.09,17.95,Leslie Lynch,Consumer,Central,Missouri,2023-03-11,2023-03-17
ORD-101596,Realspace Bookcase,Furniture,Bookcases,583.8,7,0.5,-193.17,16.39,Taylor Sims,Corporate,South,Louisiana,2022-05-07,2022-05-10
ORD-101597,Anker Charger,Technology,Accessories,164.39,10,0.0,14.14,28.93,Kimberly Kelley,Consumer,Central,Ohio,2022-03-04,2022-03-10
ORD-101598,Expo Dry Erase,Office Supplies,Art,112.81,10,0.0,14.2,13.41,Samantha Smith,Corporate,West,Oregon,2022-09-20,2022-09-24
ORD-101599,Avery Address Labels,Office Supplies,Labels,78.09,4,0.0,18.89,23.93,Jeremy Thomas,Home Office,South,Mississippi,2023-07-04,2023-07-06
ORD-101600,Sauder Bookcase,Furniture,Bookcases,332.22,4,0.3,-39.44,13.89,Stephanie Stevenson,Corporate,Central,Wisconsin,2021-09-01,2021-09-04
ORD-101601,IKEA KALLAX,Furniture,Bookcases,336.67,10,0.1,28.26,27.49,Michael Moore,Home Office,West,Colorado,2023-05-01,2023-05-06
ORD-101602,Hammermill Copy Paper,Office Supplies,Paper,59.53,3,0.0,11.08,7.44,Carmen Fowler,Home Office,East,Massachusetts,2023-07-27,2023-07-30
ORD-101603,IKEA KALLAX,Furniture,Bookcases,217.28,3,0.1,13.36,31.8,Lisa Joyce,Consumer,West,Washington,2023-01-25,2023-01-29
ORD-101604,Memorex Tape,Office Supplies,Supplies,118.81,1,0.2,9.81,16.47,Penny Wilson,Consumer,East,Massachusetts,2023-08-02,2023-08-05
ORD-101605,Maco Labels,Office Supplies,Labels,127.87,7,0.2,0.14,16.54,Lori West,Consumer,South,Tennessee,2022-12-01,2022-12-06
ORD-101606,Apple iPhone 14,Technology,Phones,676.76,9,0.0,173.36,41.58,Abigail Berger,Consumer,Central,Missouri,2022-02-04,2022-02-07
ORD-101607,Hon 4070 Chair,Furniture,Chairs,398.27,3,0.0,75.31,16.0,Ryan Koch,Consumer,East,Pennsylvania,2023-01-23,2023-01-26
ORD-101608,Avery Flexi-View,Office Supplies,Binders,36.99,2,0.3,-1.71,9.62,Matthew Molina,Consumer,East,Connecticut,2023-08-07,2023-08-11
ORD-101609,Avery Flexi-View,Office Supplies,Binders,66.47,7,0.2,6.39,13.81,James Patel,Consumer,West,California,2023-03-27,2023-03-31
ORD-101610,Ergon Chair,Furniture,Chairs,183.98,4,0.0,25.37,26.1,William Robbins,Corporate,West,Arizona,2021-11-12,2021-11-16
ORD-101611,Avery File Folder Labels,Office Supplies,Labels,133.86,4,0.2,12.68,10.81,William West,Consumer,West,Washington,2022-12-23,2022-12-28
ORD-101612,Epson Scanner,Technology,Machines,455.4,6,0.0,59.48,18.23,Caitlin Bryant,Corporate,South,Louisiana,2023-12-06,2023-12-10
ORD-101613,Humanscale Chair,Furniture,Chairs,208.38,8,0.0,33.86,12.23,Stephen Curtis,Home Office,South,Florida,2023-05-25,2023-05-27
ORD-101614,Belkin USB Hub,Technology,Accessories,534.7,2,0.0,95.2,16.39,Travis Allen,Consumer,South,Florida,2023-10-17,2023-10-22
ORD-101615,Ikea BEKANT Desk,Furniture,Tables,259.85,5,0.1,-21.12,15.17,Donna Jones,Corporate,South,Louisiana,2022-04-01,2022-04-06
ORD-101616,Bush Furniture Bookcase,Furniture,Bookcases,181.5,3,0.0,35.5,10.99,Jamie Pierce,Home Office,West,Washington,2023-04-05,2023-04-08
ORD-101617,Epson Scanner,Technology,Machines,205.13,3,0.2,6.05,25.06,Jacqueline Yang,Corporate,West,Oregon,2023-11-08,2023-11-09
ORD-101618,Sterilite Storage Box,Office Supplies,Storage,122.24,4,0.0,19.22,6.78,Douglas Rodriguez,Home Office,South,Georgia,2022-01-13,2022-01-15
ORD-101619,Acco Staple Remover,Office Supplies,Supplies,95.91,1,0.0,25.6,23.38,Patricia Hammond,Corporate,East,Virginia,2023-03-09,2023-03-12
ORD-101620,Staples Copy Paper,Office Supplies,Paper,90.4,2,0.2,18.39,13.55,Melanie Hall,Home Office,Central,Texas,2023-10-05,2023-10-08
ORD-101621,Canon imageRUNNER,Technology,Copiers,143.02,7,0.0,33.31,28.22,Theresa Brown,Consumer,South,Louisiana,2021-01-28,2021-02-02
ORD-101622,IKEA KALLAX,Furniture,Bookcases,289.26,10,0.0,40.09,13.49,Michele Hess,Consumer,South,Florida,2023-08-28,2023-09-01
ORD-101623,Sauder Bookcase,Furniture,Bookcases,362.96,6,0.1,-6.05,10.72,Jessica Dodson,Corporate,East,Connecticut,2021-05-18,2021-05-21
ORD-101624,Lorell Glass Table,Furniture,Tables,337.48,3,0.0,2.4,31.44,Jason Pineda,Corporate,Central,Michigan,2021-07-07,2021-07-11
ORD-101625,Logitech Keyboard,Technology,Accessories,506.52,2,0.0,98.72,30.99,Carrie Owens,Home Office,East,Connecticut,2021-10-08,2021-10-09
ORD-101626,Maco Labels,Office Supplies,Labels,110.44,7,0.0,30.14,30.99,Michael Aguilar,Corporate,South,Tennessee,2021-11-03,2021-11-06
ORD-101627,Konica Minolta,Technology,Copiers,468.82,3,0.1,50.35,22.89,Cory Gibson,Corporate,West,California,2023-08-30,2023-09-02
ORD-101628,Bush Coat Rack,Furniture,Furnishings,204.27,10,0.4,-52.21,25.94,Allison Wells,Consumer,South,North Carolina,2021-02-27,2021-03-02
ORD-101629,Fellowes Storage Case,Office Supplies,Storage,127.98,10,0.2,16.87,10.47,John Gomez,Consumer,Central,Texas,2022-09-25,2022-09-28
ORD-101630,Motorola Edge,Technology,Phones,371.9,5,0.5,-80.96,25.64,Kenneth Lynch,Consumer,East,Virginia,2021-09-13,2021-09-15
ORD-101631,Apple iPhone 14,Technology,Phones,265.26,8,0.0,63.3,16.65,Jason Harrison,Consumer,East,Pennsylvania,2023-07-24,2023-07-29
ORD-101632,Sharp MX,Technology,Copiers,516.47,7,0.3,19.14,23.74,Adam White,Home Office,South,North Carolina,2023-06-11,2023-06-14
ORD-101633,Acco Binder Clips,Office Supplies,Fasteners,61.89,6,0.2,2.54,16.93,Ryan Vasquez,Consumer,East,New York,2022-12-13,2022-12-16
ORD-101634,Prepac Bookcase,Furniture,Bookcases,337.77,8,0.0,44.7,33.59,David Martinez,Consumer,South,Alabama,2021-03-19,2021-03-23
ORD-101635,3M Post-it Flags,Office Supplies,Labels,83.1,1,0.0,14.65,14.11,Matthew White,Corporate,West,California,2023-01-04,2023-01-06
ORD-101636,Hon 10500 Table,Furniture,Tables,415.77,10,0.0,56.57,25.48,Meghan Martin,Home Office,Central,Texas,2021-11-27,2021-12-01
ORD-101637,Realspace Bookcase,Furniture,Bookcases,200.05,5,0.4,-30.45,32.44,Rebecca Lewis,Consumer,South,Georgia,2022-11-18,2022-11-22
ORD-101638,Sauder Bookcase,Furniture,Bookcases,450.42,10,0.1,12.03,32.34,Kimberly Ryan,Consumer,Central,Minnesota,2022-08-22,2022-08-26
ORD-101639,Acco Binder Clips,Office Supplies,Fasteners,92.55,7,0.0,22.92,19.05,Michael Smith,Consumer,South,North Carolina,2022-05-12,2022-05-17
ORD-101640,HP LaserJet,Technology,Machines,272.13,4,0.5,-59.46,26.51,Patricia Welch,Corporate,South,Georgia,2021-12-17,2021-12-19
ORD-101641,Advantus Binder Clips,Office Supplies,Fasteners,21.12,10,0.1,3.88,5.07,Kimberly Kelley,Consumer,West,Washington,2023-12-28,2024-01-01
ORD-101642,Humanscale Chair,Furniture,Chairs,122.62,6,0.0,21.48,22.47,Patrick Brown,Home Office,Central,Ohio,2021-12-21,2021-12-23
ORD-101643,Bestar Folding Table,Furniture,Tables,270.39,5,0.1,2.55,31.31,Taylor Hall,Consumer,East,Pennsylvania,2023-04-26,2023-04-29
ORD-101644,HP Wireless Mouse,Technology,Accessories,309.56,2,0.0,51.26,12.29,Carmen Fowler,Consumer,East,Virginia,2023-02-21,2023-02-27
ORD-101645,Prepac Bookcase,Furniture,Bookcases,480.22,8,0.5,-203.8,27.6,Douglas Rodriguez,Consumer,South,Georgia,2023-08-04,2023-08-07
ORD-101646,Logitech Keyboard,Technology,Accessories,614.31,4,0.0,120.96,24.12,Rebecca Rubio,Consumer,Central,Wisconsin,2023-06-01,2023-06-08
ORD-101647,Canon Printer,Technology,Machines,216.88,7,0.0,27.38,25.45,Nathan Jennings,Home Office,West,Oregon,2023-03-06,2023-03-09
ORD-101648,Zebra Label Printer,Technology,Machines,678.22,2,0.0,90.02,22.83,Allison Wells,Consumer,Central,Texas,2021-10-05,2021-10-06
ORD-101649,Bush Coat Rack,Furniture,Furnishings,171.6,3,0.1,13.19,14.01,Meghan Martin,Corporate,East,New York,2023-07-13,2023-07-17
ORD-101650,Avery Flexi-View,Office Supplies,Binders,100.83,4,0.5,-22.88,13.17,Elizabeth Landry,Consumer,South,North Carolina,2021-04-13,2021-04-15
ORD-101651,Canon Printer,Technology,Machines,444.66,7,0.0,57.23,16.78,Lisa Joyce,Home Office,West,Washington,2022-10-15,2022-10-17
ORD-101652,Dixon Ticonderoga Pencils,Office Supplies,Art,125.23,10,0.3,4.14,5.76,Shawn Martinez,Corporate,West,Washington,2022-11-21,2022-11-25
ORD-101653,Global Leather Chair,Furniture,Chairs,373.84,4,0.0,44.14,23.12,Michelle Bell,Consumer,West,California,2021-02-03,2021-02-05
ORD-101654,Konica Minolta,Technology,Copiers,691.79,3,0.3,-41.52,33.3,Lucas Hernandez,Consumer,Central,Missouri,2021-05-19,2021-05-23
ORD-101655,Global Leather Chair,Furniture,Chairs,168.18,2,0.4,-33.22,11.04,Adam Johnson,Consumer,Central,Wisconsin,2022-12-13,2022-12-18
ORD-101656,Realspace Bookcase,Furniture,Bookcases,560.33,3,0.0,27.6,28.79,Michael Smith,Consumer,West,Washington,2022-04-18,2022-04-22
ORD-101657,Hammermill Copy Paper,Office Supplies,Paper,78.43,3,0.0,18.89,28.36,Penny Wilson,Consumer,South,Louisiana,2023-07-28,2023-07-30
ORD-101658,Fellowes Storage Case,Office Supplies,Storage,88.28,8,0.2,0.96,23.42,Leslie Powell,Corporate,South,Louisiana,2021-04-30,2021-05-03
ORD-101659,Safco Round Table,Furniture,Tables,444.62,4,0.1,60.47,36.75,Jerry Curtis,Consumer,East,Massachusetts,2022-10-20,2022-10-25
ORD-101660,Safco Round Table,Furniture,Tables,333.54,10,0.3,-61.77,18.94,Rebecca Walker,Consumer,East,Pennsylvania,2021-11-12,2021-11-17
ORD-101661,HP LaserJet,Technology,Machines,162.17,8,0.1,18.31,31.64,Timothy Best,Consumer,West,Washington,2023-03-19,2023-03-24
ORD-101662,Apple iPhone 14,Technology,Phones,586.62,9,0.1,72.6,39.52,Dennis Mason,Consumer,South,Alabama,2022-01-17,2022-01-19
ORD-101663,Avery Flexi-View,Office Supplies,Binders,89.92,1,0.3,-4.45,29.98,Kimberly Byrd,Home Office,East,Virginia,2021-04-13,2021-04-17
ORD-101664,IKEA KALLAX,Furniture,Bookcases,178.94,8,0.0,25.36,11.32,Jose Hogan,Consumer,West,Arizona,2021-11-06,2021-11-09
ORD-101665,Avery File Folder Labels,Office Supplies,Labels,119.24,5,0.0,17.02,8.44,Raymond Guerra,Consumer,South,Georgia,2023-10-06,2023-10-12
ORD-101666,Prepac Bookcase,Furniture,Bookcases,500.78,1,0.2,-15.67,35.06,Joshua Butler,Home Office,South,Mississippi,2021-12-27,2021-12-30
ORD-101667,Xerox WorkCentre,Technology,Copiers,633.94,9,0.1,20.85,40.58,Casey Liu,Home Office,Central,Minnesota,2022-02-19,2022-02-26
ORD-101668,Logitech Keyboard,Technology,Accessories,191.47,6,0.0,33.04,27.51,Dr. Kevin Martin,Corporate,Central,Minnesota,2021-01-25,2021-01-28
ORD-101669,Fiskars Scissors,Office Supplies,Supplies,106.09,3,0.4,-1.08,21.26,Susan Lawson,Consumer,West,Nevada,2022-10-04,2022-10-06
ORD-101670,Konica Minolta,Technology,Copiers,522.97,6,0.1,45.95,13.93,Deanna Johnson,Corporate,South,North Carolina,2022-10-11,2022-10-14
ORD-101671,Global Leather Chair,Furniture,Chairs,186.84,3,0.0,30.17,14.45,Matthew Molina,Corporate,West,California,2021-06-14,2021-06-19
ORD-101672,Rubbermaid Tote,Office Supplies,Storage,59.13,10,0.1,13.09,15.95,David Barrett,Corporate,East,Pennsylvania,2021-05-27,2021-05-30
ORD-101673,Rubbermaid Tote,Office Supplies,Storage,80.9,1,0.1,17.76,6.67,Daniel Abbott,Corporate,Central,Wisconsin,2023-08-07,2023-08-11
ORD-101674,Canon Printer,Technology,Machines,518.63,9,0.3,-34.67,14.46,Erika Marshall,Corporate,West,Washington,2022-06-15,2022-06-19
ORD-101675,Avery File Folder Labels,Office Supplies,Labels,73.38,3,0.0,14.89,26.85,Joel Simmons,Corporate,East,Virginia,2022-07-13,2022-07-17
ORD-101676,Motorola Edge,Technology,Phones,478.53,9,0.1,49.7,23.41,Cheryl Banks,Consumer,West,Utah,2021-06-06,2021-06-09
ORD-101677,IKEA KALLAX,Furniture,Bookcases,238.74,3,0.3,-35.4,25.97,Melanie Hall,Consumer,East,Massachusetts,2021-01-18,2021-01-20
ORD-101678,Konica Minolta,Technology,Copiers,422.57,6,0.3,-70.33,37.36,Matthew Jones,Home Office,South,Georgia,2021-03-29,2021-04-03
ORD-101679,Advantus Binder Clips,Office Supplies,Fasteners,104.66,3,0.0,17.9,8.9,Mary Fernandez,Consumer,South,Louisiana,2023-04-03,2023-04-06
ORD-101680,Belkin USB Hub,Technology,Accessories,225.47,5,0.0,21.56,14.34,Susan Hamilton,Corporate,East,New Jersey,2023-06-13,2023-06-18
ORD-101681,Sharp MX,Technology,Copiers,122.98,3,0.3,-15.71,16.43,Joshua Bush,Consumer,East,New York,2022-03-21,2022-03-26
ORD-101682,Lorell Glass Table,Furniture,Tables,224.92,1,0.0,44.46,19.16,Lori Levine,Corporate,West,California,2022-07-23,2022-07-27
ORD-101683,Sanford Markers,Office Supplies,Art,73.17,3,0.1,10.89,9.68,Stephanie Stevenson,Consumer,East,New York,2023-04-20,2023-04-21
ORD-101684,Canon Printer,Technology,Machines,474.08,9,0.4,-63.26,27.33,Hayden Garcia,Consumer,Central,Missouri,2023-03-23,2023-03-25
ORD-101685,Hon 10500 Table,Furniture,Tables,300.71,1,0.1,-11.96,23.43,Brett Hanson,Corporate,West,Colorado,2021-01-04,2021-01-10
ORD-101686,Advantus Ring Binder,Furniture,Furnishings,484.11,9,0.2,14.7,23.09,Jessica Smith,Home Office,West,Washington,2023-06-05,2023-06-07
ORD-101687,Ergon Chair,Furniture,Chairs,108.08,7,0.0,5.27,17.44,Jerry Curtis,Consumer,Central,Wisconsin,2022-02-22,2022-02-25
ORD-101688,Hon 4070 Chair,Furniture,Chairs,276.42,3,0.0,14.31,14.62,Rhonda Carter,Consumer,East,Pennsylvania,2022-05-23,2022-05-26
ORD-101689,Safco Round Table,Furniture,Tables,370.72,9,0.1,-6.08,29.54,Dr. Darren Mcneil,Corporate,West,Nevada,2021-11-09,2021-11-11
ORD-101690,Quartet Calendar,Office Supplies,Supplies,159.28,10,0.0,44.52,23.33,Donald Morales,Consumer,East,Maryland,2021-02-10,2021-02-13
ORD-101691,Staples Standard Staples,Office Supplies,Fasteners,96.8,7,0.0,26.27,29.73,Sheryl Wright,Consumer,East,Connecticut,2023-12-07,2023-12-09
ORD-101692,Lorell Glass Table,Furniture,Tables,442.71,1,0.5,-145.3,34.05,Ryan Koch,Corporate,Central,Ohio,2021-08-15,2021-08-18
ORD-101693,Bush Coat Rack,Furniture,Furnishings,212.05,10,0.3,-28.86,10.98,Beth Baker,Consumer,South,Mississippi,2021-11-05,2021-11-09
ORD-101694,BIC Cristal Pens,Office Supplies,Art,117.57,1,0.3,-1.53,25.28,Donna Jones,Corporate,Central,Texas,2023-07-07,2023-07-10
ORD-101695,Fiskars Scissors,Office Supplies,Supplies,39.54,7,0.1,3.95,30.71,Robert Foster,Corporate,South,Georgia,2021-10-07,2021-10-11
ORD-101696,Lorell Mirror,Furniture,Furnishings,301.12,5,0.2,-19.21,22.47,Tommy Patterson,Consumer,East,Connecticut,2021-05-09,2021-05-14
ORD-101697,OIC Binder Clips,Office Supplies,Fasteners,153.12,10,0.3,-13.67,28.93,Joshua Butler,Home Office,Central,Illinois,2022-12-22,2022-12-26
ORD-101698,Sharp MX,Technology,Copiers,490.89,9,0.3,7.1,15.7,Kyle Washington,Consumer,Central,Texas,2021-08-19,2021-08-22
ORD-101699,Steelcase Leap,Furniture,Chairs,582.57,9,0.3,-93.34,38.3,Rhonda Allen,Consumer,Central,Ohio,2023-02-19,2023-02-22
ORD-101700,Samsung Galaxy S22,Technology,Phones,488.63,7,0.1,62.78,27.7,Rebecca Walker,Home Office,South,Georgia,2022-11-01,2022-11-07
ORD-101701,Prepac Bookcase,Furniture,Bookcases,333.46,1,0.1,5.02,24.24,Caitlin Bryant,Corporate,Central,Ohio,2021-05-06,2021-05-07
ORD-101702,Tyvek Mailer,Office Supplies,Envelopes,103.95,4,0.2,-6.92,24.98,Stephen Curtis,Home Office,Central,Wisconsin,2022-01-25,2022-01-30
ORD-101703,Ibico MB,Office Supplies,Binders,111.83,1,0.0,25.31,31.16,Jennifer Browning,Home Office,Central,Michigan,2022-06-21,2022-06-26
ORD-101704,Logitech Keyboard,Technology,Accessories,374.4,2,0.1,75.76,33.96,Kayla Nichols,Consumer,Central,Wisconsin,2023-01-29,2023-02-04
ORD-101705,Zebra Label Printer,Technology,Machines,302.01,4,0.3,-24.21,35.47,Jacqueline Yang,Corporate,Central,Illinois,2022-12-30,2023-01-03
ORD-101706,Eldon Shelf,Furniture,Furnishings,548.99,1,0.0,32.06,31.02,Emily Copeland,Consumer,East,Connecticut,2022-08-26,2022-08-29
ORD-101707,Avery Heavy Duty Binder,Office Supplies,Binders,72.4,5,0.0,15.4,20.52,Ashley Johnston,Home Office,West,Oregon,2022-02-22,2022-02-25
ORD-101708,Zebra Label Printer,Technology,Machines,544.52,5,0.4,-70.58,24.09,Gabriel Marshall,Home Office,South,Mississippi,2021-03-30,2021-04-02
ORD-101709,Deflect-o Stackable,Office Supplies,Storage,48.64,3,0.4,-6.16,8.85,Ryan Koch,Home Office,West,Oregon,2021-09-16,2021-09-18
ORD-101710,Zebra Label Printer,Technology,Machines,312.82,7,0.0,55.1,17.05,Vincent Mcdonald,Consumer,East,New Jersey,2021-01-17,2021-01-20
ORD-101711,Ricoh Aficio,Technology,Copiers,478.13,9,0.0,96.06,12.73,Lisa Christensen,Home Office,West,California,2022-10-29,2022-11-01
ORD-101712,Brother Fax Machine,Technology,Machines,125.84,1,0.2,9.21,16.17,Adam Johnson,Corporate,East,Pennsylvania,2021-06-17,2021-06-23
ORD-101713,Avery Flexi-View,Office Supplies,Binders,98.08,8,0.0,28.37,25.82,David Martinez,Corporate,West,Utah,2022-01-14,2022-01-20
ORD-101714,Prepac Bookcase,Furniture,Bookcases,363.3,3,0.2,-1.79,19.62,Melanie Hall,Consumer,Central,Texas,2022-05-20,2022-05-24
ORD-101715,Zebra Label Printer,Technology,Machines,484.65,1,0.0,119.86,14.1,Aaron Little,Consumer,Central,Minnesota,2022-10-03,2022-10-05
ORD-101716,Realspace Bookcase,Furniture,Bookcases,372.67,6,0.2,-24.18,20.08,Brandon Marsh,Consumer,South,North Carolina,2021-04-07,2021-04-10
ORD-101717,Advantus Binder Clips,Office Supplies,Fasteners,162.72,10,0.1,30.01,13.27,James Smith,Consumer,South,Florida,2021-10-17,2021-10-20
ORD-101718,Samsung Galaxy S22,Technology,Phones,501.8,2,0.4,-102.27,14.89,Erica Scott,Corporate,West,California,2022-02-21,2022-02-22
ORD-101719,Expo Dry Erase,Office Supplies,Art,48.77,3,0.3,-0.26,19.01,Rodney Bentley,Consumer,East,Connecticut,2022-02-16,2022-02-19
ORD-101720,Advantus Ring Binder,Furniture,Furnishings,327.46,3,0.0,22.69,11.24,Donna Jones,Home Office,East,New Jersey,2022-12-24,2022-12-29
ORD-101721,Fellowes Storage Case,Office Supplies,Storage,94.51,9,0.0,28.3,18.71,Kimberly Roberts,Corporate,West,Oregon,2022-01-07,2022-01-09
ORD-101722,3M Post-it Flags,Office Supplies,Labels,112.25,8,0.1,9.31,15.48,Todd Khan,Consumer,Central,Missouri,2021-08-08,2021-08-11
ORD-101723,Steelcase Leap,Furniture,Chairs,296.62,10,0.2,-29.74,15.87,Jeremy Thomas,Home Office,West,Washington,2021-11-29,2021-12-03
ORD-101724,Sauder Bookcase,Furniture,Bookcases,263.48,9,0.1,-0.18,17.46,Jennifer Wilson,Consumer,East,Maryland,2023-02-10,2023-02-14
ORD-101725,Safco Round Table,Furniture,Tables,252.68,10,0.1,-10.8,22.15,Jessica Scott,Corporate,West,California,2022-04-12,2022-04-16
ORD-101726,HP LaserJet,Technology,Machines,389.58,10,0.0,59.2,15.4,Tommy Patterson,Corporate,Central,Minnesota,2022-08-12,2022-08-14
ORD-101727,Mead Envelopes,Office Supplies,Envelopes,23.74,2,0.3,1.96,4.86,Patrick Brown,Corporate,Central,Missouri,2023-01-30,2023-02-04
ORD-101728,AT-A-GLANCE Planner,Office Supplies,Supplies,124.84,9,0.0,25.12,21.92,Jeremy Cervantes,Consumer,East,Virginia,2021-10-21,2021-10-23
ORD-101729,Prepac Bookcase,Furniture,Bookcases,312.26,5,0.3,-62.01,14.81,Amanda Garcia,Home Office,Central,Ohio,2023-07-15,2023-07-20
ORD-101730,Sharp MX,Technology,Copiers,681.32,1,0.0,187.27,30.2,Kayla Elliott,Consumer,East,New York,2023-10-14,2023-10-19
ORD-101731,Nokia 5310,Technology,Phones,435.07,9,0.0,100.58,37.22,Travis Allen,Home Office,West,Arizona,2023-06-09,2023-06-14
ORD-101732,Navigator Paper,Office Supplies,Paper,95.61,10,0.0,14.64,13.43,Sherri Holmes,Consumer,West,Utah,2022-11-21,2022-11-25
ORD-101733,Safco Round Table,Furniture,Tables,260.58,9,0.1,6.93,8.77,Meghan Martin,Home Office,East,Maryland,2023-05-21,2023-05-27
ORD-101734,Brother Fax Machine,Technology,Machines,337.27,2,0.1,30.04,31.0,William Ball,Consumer,West,Colorado,2023-08-10,2023-08-16
ORD-101735,Staedtler Pens,Office Supplies,Art,87.08,6,0.0,18.81,24.28,David Barrett,Consumer,South,North Carolina,2021-06-13,2021-06-14
ORD-101736,Mead Envelopes,Office Supplies,Envelopes,91.67,1,0.0,15.31,6.48,William Ball,Corporate,East,Virginia,2021-03-28,2021-04-01
ORD-101737,Maco Labels,Office Supplies,Labels,67.06,8,0.0,10.45,24.79,Brian Williams,Home Office,East,New Jersey,2021-10-05,2021-10-08
ORD-101738,HP LaserJet,Technology,Machines,566.45,4,0.3,-93.62,15.96,Ryan Vasquez,Consumer,South,Alabama,2021-10-14,2021-10-20
ORD-101739,Eldon Shelf,Furniture,Furnishings,448.43,4,0.0,75.93,21.0,Alison Taylor,Home Office,Central,Wisconsin,2021-01-15,2021-01-19
ORD-101740,Sharp MX,Technology,Copiers,361.65,2,0.0,18.03,16.88,Thomas Gutierrez,Consumer,West,Oregon,2023-03-02,2023-03-07
ORD-101741,Maco Labels,Office Supplies,Labels,78.44,9,0.1,10.73,31.48,Deanna Johnson,Consumer,South,Georgia,2021-03-29,2021-04-02
ORD-101742,Safco Round Table,Furniture,Tables,188.73,5,0.0,14.01,25.8,Ashley Johnson,Consumer,West,Arizona,2023-02-14,2023-02-17
ORD-101743,Fiskars Scissors,Office Supplies,Supplies,138.97,7,0.3,1.84,6.94,James Smith,Corporate,West,Oregon,2023-04-25,2023-04-27
ORD-101744,Samsung Galaxy S22,Technology,Phones,262.07,8,0.1,5.27,19.64,Edward Clark,Consumer,South,Georgia,2023-02-04,2023-02-10
ORD-101745,Epson Scanner,Technology,Machines,357.68,4,0.1,31.95,31.6,Deborah Allen,Corporate,South,Florida,2023-11-09,2023-11-14
ORD-101746,Humanscale Chair,Furniture,Chairs,369.54,10,0.0,27.06,24.04,Eric Chandler,Consumer,South,Tennessee,2021-02-14,2021-02-18
ORD-101747,IKEA KALLAX,Furniture,Bookcases,371.38,6,0.1,43.36,34.53,Jennifer Browning,Home Office,Central,Illinois,2022-07-24,2022-07-30
ORD-101748,Brother Fax Machine,Technology,Machines,540.48,9,0.5,-120.21,35.11,Connie Rios,Home Office,East,Maryland,2021-10-06,2021-10-11
ORD-101749,Xerox Multi-Use Paper,Office Supplies,Paper,84.14,2,0.1,10.28,10.23,Michelle Smith,Corporate,Central,Texas,2023-02-25,2023-03-02
ORD-101750,Avery File Folder Labels,Office Supplies,Labels,127.78,8,0.0,24.1,12.33,Tiffany Lloyd,Consumer,West,Nevada,2023-08-21,2023-08-24
ORD-101751,Wilson Jones Binder,Office Supplies,Binders,91.45,1,0.0,20.35,8.28,Scott Gomez,Home Office,West,Arizona,2022-04-22,2022-04-26
ORD-101752,HP Office Paper,Office Supplies,Paper,73.94,2,0.2,-0.64,24.03,Carrie Sanchez,Home Office,East,Maryland,2021-09-30,2021-10-03
ORD-101753,Epson Scanner,Technology,Machines,461.68,10,0.3,-29.11,19.58,Tina Williams,Consumer,East,New York,2022-12-31,2023-01-03
ORD-101754,Lorell Glass Table,Furniture,Tables,370.03,2,0.5,-120.88,35.34,Joseph Thomas,Corporate,East,New York,2022-03-17,2022-03-19
ORD-101755,Eldon Shelf,Furniture,Furnishings,456.5,10,0.1,-10.88,17.08,Ashley Johnson,Corporate,South,Georgia,2021-10-23,2021-10-28
ORD-101756,Bush Furniture Bookcase,Furniture,Bookcases,515.44,3,0.1,-34.73,16.22,Chad Sheppard,Consumer,West,Oregon,2023-02-04,2023-02-06
ORD-101757,Eldon Shelf,Furniture,Furnishings,362.17,3,0.1,15.85,22.36,Aaron Martinez,Consumer,South,Georgia,2021-04-16,2021-04-17
ORD-101758,Hammermill Copy Paper,Office Supplies,Paper,64.54,7,0.2,5.24,6.18,Michael Hughes,Corporate,Central,Missouri,2021-12-14,2021-12-16
ORD-101759,Hammermill Copy Paper,Office Supplies,Paper,130.94,1,0.0,14.29,18.98,Meghan Martin,Consumer,Central,Michigan,2023-01-09,2023-01-11
ORD-101760,Hammermill Copy Paper,Office Supplies,Paper,106.09,4,0.3,-15.35,6.06,Adam White,Corporate,South,Georgia,2021-10-07,2021-10-10
ORD-101761,HP Wireless Mouse,Technology,Accessories,255.49,8,0.4,-14.96,25.8,Gary Anderson,Consumer,South,Alabama,2023-07-14,2023-07-16
ORD-101762,Epson Scanner,Technology,Machines,316.91,8,0.0,38.44,13.85,Bianca Melton,Consumer,Central,Wisconsin,2023-10-13,2023-10-15
ORD-101763,Epson Scanner,Technology,Machines,378.33,4,0.3,16.42,18.48,Angela Hubbard,Consumer,West,Nevada,2021-05-21,2021-05-24
ORD-101764,Xerox WorkCentre,Technology,Copiers,116.93,2,0.0,14.9,25.12,Michael Smith,Consumer,West,Oregon,2021-09-27,2021-09-29
ORD-101765,Lorell Mirror,Furniture,Furnishings,489.69,3,0.1,55.28,29.68,Allison Wells,Corporate,West,Nevada,2021-02-04,2021-02-08
ORD-101766,Quartet Calendar,Office Supplies,Supplies,86.69,9,0.0,13.7,30.94,James Smith,Consumer,East,Maryland,2022-10-09,2022-10-11
ORD-101767,Prepac Bookcase,Furniture,Bookcases,561.5,2,0.0,100.91,32.25,Jennifer Montgomery,Consumer,Central,Illinois,2021-10-02,2021-10-05
ORD-101768,Global Leather Chair,Furniture,Chairs,391.47,10,0.3,-70.71,34.72,Theresa Brown,Home Office,South,Alabama,2022-10-17,2022-10-23
ORD-101769,Advantus Ring Binder,Furniture,Furnishings,304.12,1,0.1,3.64,16.35,William Smith,Consumer,West,Nevada,2022-06-07,2022-06-10
ORD-101770,Hon 10500 Table,Furniture,Tables,349.7,8,0.0,60.34,32.85,John Burgess,Consumer,East,Connecticut,2023-07-24,2023-07-27
ORD-101771,Humanscale Chair,Furniture,Chairs,415.53,4,0.3,-80.56,37.76,Christopher Thompson,Corporate,West,Nevada,2021-09-25,2021-09-27
ORD-101772,Realspace Bookcase,Furniture,Bookcases,475.18,10,0.5,-135.11,23.58,Erika Marshall,Consumer,East,Connecticut,2022-07-25,2022-07-29
ORD-101773,Samsung Galaxy S22,Technology,Phones,519.93,3,0.3,6.93,23.1,Travis Allen,Consumer,East,Pennsylvania,2022-07-16,2022-07-19
ORD-101774,Logitech Keyboard,Technology,Accessories,232.15,7,0.0,41.37,15.52,Patrick Brown,Consumer,East,New York,2022-11-05,2022-11-06
ORD-101775,Hon 4070 Chair,Furniture,Chairs,246.23,1,0.0,5.32,33.71,Randy Terry,Consumer,East,New York,2023-04-06,2023-04-09
ORD-101776,Dixon Ticonderoga Pencils,Office Supplies,Art,101.09,10,0.2,18.76,30.54,Janet King,Consumer,West,Colorado,2021-07-09,2021-07-12
ORD-101777,Sterilite Storage Box,Office Supplies,Storage,31.12,9,0.1,4.31,30.62,Jessica Chapman,Corporate,Central,Ohio,2023-07-31,2023-08-04
ORD-101778,Brother Fax Machine,Technology,Machines,512.49,4,0.5,-109.59,15.48,Curtis Fields,Consumer,West,Nevada,2023-03-07,2023-03-10
ORD-101779,Nokia 5310,Technology,Phones,391.9,3,0.3,-48.97,36.84,William Robinson,Consumer,Central,Wisconsin,2021-07-16,2021-07-20
ORD-101780,Canon Printer,Technology,Machines,447.25,5,0.1,27.8,12.75,Samantha Hendrix,Consumer,East,New Jersey,2022-09-25,2022-09-27
ORD-101781,IKEA KALLAX,Furniture,Bookcases,47.21,3,0.2,-0.01,6.52,William West,Consumer,Central,Missouri,2022-10-21,2022-10-24
ORD-101782,Xerox Multi-Use Paper,Office Supplies,Paper,120.67,4,0.1,17.21,21.52,Joseph Rodriguez,Corporate,East,Maryland,2021-10-10,2021-10-13
ORD-101783,Canon imageRUNNER,Technology,Copiers,446.65,8,0.0,104.39,20.7,Diane Murphy,Consumer,East,Connecticut,2022-08-15,2022-08-21
ORD-101784,Staples Standard Envelopes,Office Supplies,Envelopes,97.18,6,0.5,-13.1,5.41,Caitlin Bryant,Consumer,South,North Carolina,2021-10-06,2021-10-09
ORD-101785,Staedtler Pens,Office Supplies,Art,80.48,2,0.2,10.11,25.84,Scott Gomez,Corporate,Central,Illinois,2022-08-27,2022-08-29
ORD-101786,Xerox WorkCentre,Technology,Copiers,461.33,4,0.0,87.52,23.74,Danny Dodson,Consumer,East,New York,2022-11-02,2022-11-05
ORD-101787,HP Wireless Mouse,Technology,Accessories,206.79,3,0.0,40.19,31.55,Adam White,Consumer,West,Nevada,2021-02-18,2021-02-20
ORD-101788,Motorola Edge,Technology,Phones,276.89,7,0.3,-25.45,14.6,Mary Lambert,Consumer,Central,Illinois,2023-05-25,2023-05-27
ORD-101789,Staples Standard Staples,Office Supplies,Fasteners,63.91,5,0.0,10.65,30.37,Michelle Bell,Consumer,West,Nevada,2022-06-14,2022-06-17
ORD-101790,Steelcase Leap,Furniture,Chairs,564.97,5,0.1,48.91,18.32,Frederick Moss,Corporate,South,Louisiana,2021-08-08,2021-08-12
ORD-101791,Avery Flexi-View,Office Supplies,Binders,151.45,2,0.2,-0.17,9.44,Jennifer Moyer,Consumer,South,Alabama,2022-04-27,2022-04-30
ORD-101792,Xerox WorkCentre,Technology,Copiers,421.4,6,0.4,-86.25,32.57,Dr. David Hoover,Consumer,South,Mississippi,2023-07-29,2023-08-02
ORD-101793,Nokia 5310,Technology,Phones,298.69,9,0.3,-31.63,16.25,William West,Home Office,South,Tennessee,2021-11-09,2021-11-14
ORD-101794,Staedtler Pens,Office Supplies,Art,129.67,1,0.1,15.58,30.77,John Davis,Consumer,East,Maryland,2022-08-24,2022-08-27
ORD-101795,Bush Furniture Bookcase,Furniture,Bookcases,438.21,4,0.0,57.06,20.06,Christopher Gibbs,Consumer,West,Washington,2023-11-12,2023-11-15
ORD-101796,Sanford Markers,Office Supplies,Art,163.72,5,0.2,-2.29,26.56,Matthew Compton,Consumer,West,California,2023-05-09,2023-05-14
ORD-101797,Ikea BEKANT Desk,Furniture,Tables,461.11,2,0.3,-38.12,14.95,Michelle Henderson,Corporate,South,Louisiana,2021-12-02,2021-12-05
ORD-101798,Ergon Chair,Furniture,Chairs,193.19,4,0.0,29.05,15.97,Mary Lambert,Consumer,West,Nevada,2023-10-07,2023-10-12
ORD-101799,Sanford Markers,Office Supplies,Art,100.76,1,0.5,-19.28,15.95,Matthew Wright,Home Office,Central,Minnesota,2022-08-12,2022-08-16
ORD-101800,Apple iPhone 14,Technology,Phones,278.17,5,0.0,40.07,28.81,Donald Morales,Consumer,West,California,2021-02-07,2021-02-10
ORD-101801,Apple iPhone 14,Technology,Phones,737.97,7,0.0,132.86,43.3,Jeremy Cervantes,Consumer,South,Florida,2021-06-18,2021-06-23
ORD-101802,Sterilite Storage Box,Office Supplies,Storage,115.03,2,0.1,11.56,20.17,Nathan Bradshaw,Consumer,East,Pennsylvania,2023-10-15,2023-10-17
ORD-101803,Hammermill Copy Paper,Office Supplies,Paper,65.04,2,0.0,17.83,24.56,Tiffany Lloyd,Home Office,West,Oregon,2021-04-12,2021-04-14
ORD-101804,Bush Coat Rack,Furniture,Furnishings,148.05,7,0.4,-35.64,10.16,Nicole Jimenez,Corporate,South,Florida,2023-10-14,2023-10-18
ORD-101805,Navigator Paper,Office Supplies,Paper,91.09,8,0.3,-1.31,13.7,Patrick Dixon,Corporate,Central,Illinois,2022-12-28,2023-01-01
ORD-101806,Cardinal Binder,Office Supplies,Binders,84.27,3,0.2,6.72,5.3,Brian Williams,Consumer,South,North Carolina,2023-01-17,2023-01-23
ORD-101807,AT-A-GLANCE Planner,Office Supplies,Supplies,112.17,10,0.3,1.88,24.55,Sherri Holmes,Consumer,East,Massachusetts,2021-12-07,2021-12-11
ORD-101808,Eldon Shelf,Furniture,Furnishings,191.7,3,0.4,-44.9,25.11,Karen Dawson,Corporate,East,Virginia,2023-08-17,2023-08-19
ORD-101809,Ergon Chair,Furniture,Chairs,453.37,1,0.1,29.35,23.39,April Howard,Consumer,West,Nevada,2023-02-26,2023-03-01
ORD-101810,HP LaserJet,Technology,Machines,190.34,6,0.3,-8.08,19.38,Kerry Jackson,Corporate,East,Maryland,2021-08-06,2021-08-11
ORD-101811,Epson Scanner,Technology,Machines,93.48,7,0.5,-20.35,9.25,Chad Sheppard,Corporate,West,Utah,2023-10-23,2023-10-24
ORD-101812,Sharp MX,Technology,Copiers,713.64,5,0.0,94.63,30.02,Janet King,Consumer,South,Alabama,2021-09-06,2021-09-09
ORD-101813,Kraft Envelopes,Office Supplies,Envelopes,63.3,10,0.3,1.15,28.95,Hayden Garcia,Corporate,South,Alabama,2023-03-08,2023-03-13
ORD-101814,Sanford Markers,Office Supplies,Art,40.63,5,0.3,-2.1,14.3,Jason Clark,Corporate,Central,Illinois,2023-01-17,2023-01-21
ORD-101815,Anker Charger,Technology,Accessories,505.43,3,0.0,74.95,18.83,Adam Page,Corporate,East,Virginia,2021-01-10,2021-01-13
ORD-101816,BIC Cristal Pens,Office Supplies,Art,82.45,1,0.0,21.21,7.54,Timothy Robertson,Consumer,Central,Minnesota,2021-08-19,2021-08-23
ORD-101817,HP Office Paper,Office Supplies,Paper,103.49,2,0.0,24.15,24.5,David Marshall,Consumer,West,California,2023-05-21,2023-05-25
ORD-101818,Bestar Folding Table,Furniture,Tables,269.31,2,0.0,31.91,8.85,Jeffrey Golden,Consumer,Central,Texas,2023-03-06,2023-03-10
ORD-101819,Konica Minolta,Technology,Copiers,390.2,9,0.3,-14.48,26.6,Travis Allen,Home Office,Central,Missouri,2021-08-31,2021-09-05
ORD-101820,Canon imageRUNNER,Technology,Copiers,330.49,3,0.1,30.03,11.67,Jose Hogan,Corporate,Central,Ohio,2023-05-20,2023-05-25
ORD-101821,Global Leather Chair,Furniture,Chairs,191.21,8,0.1,3.49,16.04,Taylor Barry,Consumer,West,Arizona,2023-07-09,2023-07-15
ORD-101822,Navigator Paper,Office Supplies,Paper,64.05,1,0.0,10.52,25.52,Katherine Parker,Consumer,South,Georgia,2022-06-16,2022-06-18
ORD-101823,Jiffy Mailer,Office Supplies,Envelopes,98.28,1,0.0,22.67,16.89,Charles Avila,Consumer,South,Mississippi,2023-06-11,2023-06-16
ORD-101824,Xerox WorkCentre,Technology,Copiers,535.26,9,0.5,-129.3,34.03,Crystal Williams DVM,Home Office,Central,Michigan,2021-02-25,2021-02-28
ORD-101825,Google Pixel 7,Technology,Phones,475.29,1,0.3,-15.43,36.5,Brian Williams,Home Office,Central,Ohio,2023-09-13,2023-09-17
ORD-101826,Tyvek Mailer,Office Supplies,Envelopes,104.23,3,0.0,18.63,25.89,Taylor Barry,Consumer,West,Nevada,2022-08-31,2022-09-05
ORD-101827,Hon 10500 Table,Furniture,Tables,327.92,1,0.1,12.53,21.13,James Smith,Corporate,West,Arizona,2023-03-19,2023-03-23
ORD-101828,Rubbermaid Tote,Office Supplies,Storage,90.23,6,0.0,10.44,19.61,Jessica Smith,Home Office,West,Nevada,2021-10-06,2021-10-07
ORD-101829,Mead Envelopes,Office Supplies,Envelopes,95.14,9,0.3,8.62,21.3,Lori West,Home Office,West,Washington,2023-04-02,2023-04-05
ORD-101830,Stanley Staple Gun,Office Supplies,Fasteners,78.48,1,0.2,1.85,25.63,Joel Simmons,Corporate,South,Alabama,2023-04-13,2023-04-18
ORD-101831,Ergon Chair,Furniture,Chairs,354.8,2,0.5,-100.9,18.94,Scott Gomez,Consumer,West,Nevada,2022-04-27,2022-04-30
ORD-101832,Motorola Edge,Technology,Phones,600.84,7,0.1,22.3,34.91,Taylor Howard,Corporate,West,Colorado,2023-07-10,2023-07-13
ORD-101833,IKEA KALLAX,Furniture,Bookcases,397.77,10,0.2,-12.12,11.7,Mark Hansen,Consumer,Central,Texas,2023-10-22,2023-10-26
ORD-101834,Acco Staple Remover,Office Supplies,Supplies,85.45,4,0.0,20.25,23.78,Janet King,Home Office,South,Louisiana,2023-12-16,2023-12-19
ORD-101835,Apple iPhone 14,Technology,Phones,574.71,8,0.1,82.54,17.75,Donald Morales,Consumer,East,Virginia,2021-12-26,2022-01-01
ORD-101836,Brother Fax Machine,Technology,Machines,227.12,7,0.1,32.03,13.83,Stephen Curtis,Consumer,Central,Illinois,2023-10-05,2023-10-07
ORD-101837,Sharp MX,Technology,Copiers,399.65,3,0.0,73.39,15.86,Ryan Koch,Corporate,East,Pennsylvania,2023-02-07,2023-02-09
ORD-101838,Hammermill Copy Paper,Office Supplies,Paper,92.34,8,0.3,-2.54,6.48,Leslie Lynch,Corporate,Central,Texas,2023-04-27,2023-05-04
ORD-101839,Global Leather Chair,Furniture,Chairs,453.0,1,0.4,-101.56,30.56,Joshua Bush,Home Office,East,Massachusetts,2021-02-21,2021-02-26
ORD-101840,Jabra Headset,Technology,Accessories,230.87,7,0.1,18.54,30.64,Lisa Joyce,Consumer,South,Georgia,2021-03-09,2021-03-12
ORD-101841,Konica Minolta,Technology,Copiers,438.59,10,0.0,105.9,22.51,Caitlin Bryant,Consumer,West,Arizona,2023-06-22,2023-06-24
ORD-101842,HP LaserJet,Technology,Machines,506.5,10,0.0,69.63,25.6,Michelle Bell,Corporate,Central,Illinois,2022-10-28,2022-10-31
ORD-101843,Global Leather Chair,Furniture,Chairs,608.22,1,0.0,68.87,36.02,Rachel Wright,Consumer,East,Virginia,2021-11-20,2021-11-27
ORD-101844,Deflect-o Stackable,Office Supplies,Storage,130.81,8,0.3,-3.61,20.55,Kimberly Cooper,Consumer,South,Louisiana,2023-05-30,2023-06-01
ORD-101845,Ricoh Aficio,Technology,Copiers,495.34,9,0.3,-8.93,24.65,William Harrington,Consumer,Central,Illinois,2022-09-15,2022-09-18
ORD-101846,Realspace Bookcase,Furniture,Bookcases,456.18,2,0.1,33.24,34.87,Jack Miranda,Consumer,East,Pennsylvania,2021-01-06,2021-01-09
ORD-101847,Motorola Edge,Technology,Phones,549.55,5,0.0,90.26,29.45,John Burgess,Consumer,Central,Missouri,2021-12-18,2021-12-22
ORD-101848,Anker Charger,Technology,Accessories,318.52,3,0.0,62.63,11.19,Brandon Morse,Consumer,West,Washington,2021-03-12,2021-03-16
ORD-101849,Jiffy Mailer,Office Supplies,Envelopes,119.86,6,0.0,25.03,26.89,Joseph Lopez,Corporate,East,New York,2021-11-12,2021-11-17
ORD-101850,Bush Furniture Bookcase,Furniture,Bookcases,437.82,3,0.0,75.58,18.41,Dana Williams,Corporate,West,Utah,2021-03-10,2021-03-13
ORD-101851,Motorola Edge,Technology,Phones,263.39,5,0.0,36.39,32.02,Leslie Lynch,Consumer,West,California,2021-12-01,2021-12-05
ORD-101852,Rubbermaid Cabinet,Furniture,Furnishings,293.15,8,0.1,10.37,10.89,William Clark,Consumer,West,California,2021-04-28,2021-05-01
ORD-101853,Ikea BEKANT Desk,Furniture,Tables,247.05,2,0.1,21.64,32.29,Leslie Lynch,Consumer,East,Massachusetts,2023-07-31,2023-08-03
ORD-101854,Dixon Ticonderoga Pencils,Office Supplies,Art,103.57,2,0.1,14.7,11.34,Brandon Marsh,Consumer,South,Tennessee,2022-12-02,2022-12-06
ORD-101855,Realspace Bookcase,Furniture,Bookcases,137.69,7,0.0,4.71,8.53,Gary Anderson,Corporate,Central,Texas,2023-04-01,2023-04-03
ORD-101856,Sterilite Storage Box,Office Supplies,Storage,98.99,1,0.1,3.3,9.25,Andrew Medina,Corporate,South,Mississippi,2021-10-18,2021-10-22
ORD-101857,Safco Round Table,Furniture,Tables,431.52,2,0.0,39.74,17.85,James Reed,Consumer,East,Pennsylvania,2023-12-28,2024-01-03
ORD-101858,Bush Furniture Bookcase,Furniture,Bookcases,699.17,5,0.0,150.6,39.7,Nicole Jimenez,Corporate,West,California,2022-11-11,2022-11-14
ORD-101859,Advantus Ring Binder,Furniture,Furnishings,288.23,6,0.2,-18.83,15.55,Sandra Dean,Corporate,Central,Michigan,2023-11-26,2023-12-01
ORD-101860,Anker Charger,Technology,Accessories,569.29,10,0.0,150.95,39.43,Jose Hogan,Home Office,Central,Wisconsin,2021-09-26,2021-09-28
ORD-101861,Eldon Shelf,Furniture,Furnishings,113.44,4,0.5,-44.16,29.05,Bridget Kirby,Corporate,South,Tennessee,2021-01-16,2021-01-19
ORD-101862,Fellowes Storage Case,Office Supplies,Storage,70.09,3,0.0,17.46,23.74,David Hernandez,Home Office,East,New Jersey,2021-12-15,2021-12-19
ORD-101863,HP LaserJet,Technology,Machines,489.5,9,0.0,114.29,33.71,Dana Williams,Corporate,Central,Wisconsin,2022-08-17,2022-08-23
ORD-101864,Advantus Ring Binder,Furniture,Furnishings,166.04,8,0.0,-2.62,22.1,Jared Clark,Corporate,East,Maryland,2023-06-15,2023-06-19
ORD-101865,Jiffy Mailer,Office Supplies,Envelopes,117.46,9,0.0,20.98,10.31,Carla Park,Corporate,East,Virginia,2021-12-11,2021-12-14
ORD-101866,Anker Charger,Technology,Accessories,87.04,8,0.0,16.3,15.84,James Smith,Corporate,South,Georgia,2022-12-19,2022-12-20
ORD-101867,Cardinal Binder,Office Supplies,Binders,115.38,5,0.1,15.45,10.03,Todd Khan,Home Office,West,Washington,2022-05-31,2022-06-05
ORD-101868,Deflect-o Stackable,Office Supplies,Storage,75.35,3,0.1,9.95,4.51,Rebecca Walker,Corporate,West,Utah,2021-01-24,2021-01-29
ORD-101869,Zebra Label Printer,Technology,Machines,350.71,1,0.0,39.49,16.27,Patrick Dixon,Consumer,West,Washington,2022-12-03,2022-12-08
ORD-101870,Avery File Folder Labels,Office Supplies,Labels,67.13,3,0.0,16.52,26.92,Joel Simmons,Consumer,Central,Missouri,2021-06-03,2021-06-04
ORD-101871,Eldon Shelf,Furniture,Furnishings,348.6,3,0.1,9.9,27.77,Jeremy Cervantes,Home Office,East,Massachusetts,2021-07-11,2021-07-13
ORD-101872,Eldon Shelf,Furniture,Furnishings,190.58,5,0.0,17.33,21.01,Michael Hughes,Home Office,South,Tennessee,2022-10-19,2022-10-22
ORD-101873,Hon 10500 Table,Furniture,Tables,48.75,8,0.3,-6.39,21.77,Jeffrey Golden,Consumer,West,Washington,2022-12-26,2022-12-27
ORD-101874,Jabra Headset,Technology,Accessories,638.62,5,0.2,-34.3,41.83,Adam Page,Corporate,East,New York,2022-04-02,2022-04-06
ORD-101875,Google Pixel 7,Technology,Phones,316.25,2,0.4,-39.07,14.63,Frederick Bond,Home Office,Central,Ohio,2022-09-06,2022-09-08
ORD-101876,Eldon Mobile,Office Supplies,Storage,130.09,7,0.3,-5.52,11.23,John Burgess,Home Office,Central,Michigan,2022-01-01,2022-01-04
ORD-101877,Motorola Edge,Technology,Phones,299.24,6,0.0,24.4,23.85,Brianna Warner,Consumer,South,Mississippi,2022-05-30,2022-06-03
ORD-101878,AT-A-GLANCE Planner,Office Supplies,Supplies,93.31,1,0.4,0.2,12.62,Michael Arroyo,Consumer,West,Washington,2021-02-10,2021-02-17
ORD-101879,Canon Printer,Technology,Machines,454.38,7,0.3,-27.77,33.58,Karen Charles,Consumer,South,Georgia,2022-03-25,2022-03-28
ORD-101880,Bush Coat Rack,Furniture,Furnishings,348.65,9,0.0,34.67,16.06,Andrew Salazar,Consumer,East,Pennsylvania,2023-10-24,2023-10-29
ORD-101881,Realspace Bookcase,Furniture,Bookcases,212.44,2,0.2,-4.0,33.69,Frederick Finley,Corporate,West,Washington,2021-10-08,2021-10-11
ORD-101882,Epson Scanner,Technology,Machines,446.12,2,0.0,80.69,19.44,Amy Reyes,Home Office,South,Louisiana,2021-01-07,2021-01-11
ORD-101883,Navigator Paper,Office Supplies,Paper,58.79,7,0.0,16.77,17.37,Elizabeth Landry,Corporate,West,Nevada,2022-10-20,2022-10-25
ORD-101884,Sharp MX,Technology,Copiers,516.35,7,0.2,-3.95,15.55,Mark Chapman,Consumer,Central,Ohio,2023-04-21,2023-04-25
ORD-101885,Tyvek Mailer,Office Supplies,Envelopes,122.06,7,0.3,-5.48,16.35,Jennifer Montgomery,Home Office,Central,Michigan,2023-07-14,2023-07-19
ORD-101886,Nokia 5310,Technology,Phones,284.88,1,0.4,-50.7,12.72,Cory Pitts,Corporate,Central,Missouri,2021-05-18,2021-05-21
ORD-101887,Apple iPhone 14,Technology,Phones,126.63,9,0.0,25.78,13.36,Michael Aguilar,Consumer,Central,Ohio,2023-09-01,2023-09-07
ORD-101888,Sterilite Storage Box,Office Supplies,Storage,31.4,8,0.0,4.98,15.1,Sandra Torres,Consumer,Central,Illinois,2022-04-29,2022-05-02
ORD-101889,Konica Minolta,Technology,Copiers,77.91,2,0.1,7.46,8.22,Christian Walker,Home Office,West,California,2023-11-09,2023-11-12
ORD-101890,AT-A-GLANCE Planner,Office Supplies,Supplies,85.19,9,0.1,10.54,22.17,Angel Dickerson,Consumer,Central,Missouri,2022-01-11,2022-01-14
ORD-101891,Prepac Bookcase,Furniture,Bookcases,184.89,10,0.1,-7.14,14.92,Jessica Smith,Consumer,East,Massachusetts,2023-06-02,2023-06-05
ORD-101892,Quartet Calendar,Office Supplies,Supplies,104.86,1,0.3,-4.98,22.29,Kimberly Garrett,Home Office,East,Maryland,2021-12-13,2021-12-17
ORD-101893,Xerox WorkCentre,Technology,Copiers,460.62,2,0.1,25.67,23.05,Mary Meza,Home Office,Central,Wisconsin,2021-10-10,2021-10-12
ORD-101894,Ikea BEKANT Desk,Furniture,Tables,331.73,1,0.1,28.25,35.11,Sharon Hansen,Corporate,East,Massachusetts,2023-06-26,2023-06-27
ORD-101895,Ergon Chair,Furniture,Chairs,380.34,7,0.2,-30.66,36.68,Shawn Martinez,Consumer,West,Nevada,2021-12-30,2022-01-04
ORD-101896,Google Pixel 7,Technology,Phones,451.15,10,0.0,75.78,22.96,Gregory Simmons,Consumer,East,Connecticut,2022-02-22,2022-02-27
ORD-101897,Logitech Keyboard,Technology,Accessories,411.26,2,0.0,67.33,32.15,Kayla Hooper,Consumer,West,Oregon,2022-08-21,2022-08-23
ORD-101898,Sanford Markers,Office Supplies,Art,84.74,1,0.0,19.54,31.59,Nathan Jennings,Corporate,Central,Missouri,2023-05-08,2023-05-11
ORD-101899,Avery Shipping Labels,Office Supplies,Labels,58.21,3,0.3,-4.12,22.9,Anthony Conley,Corporate,Central,Wisconsin,2023-12-23,2023-12-25
ORD-101900,Lorell Mirror,Furniture,Furnishings,143.37,4,0.2,-20.07,15.15,Michael Smith,Corporate,East,Massachusetts,2021-06-04,2021-06-07
ORD-101901,Hammermill Copy Paper,Office Supplies,Paper,51.05,3,0.4,-4.7,21.68,Kyle Washington,Home Office,South,Louisiana,2023-12-17,2023-12-21
ORD-101902,Xerox WorkCentre,Technology,Copiers,267.15,7,0.2,12.2,9.49,Karen Dawson,Consumer,East,Massachusetts,2021-07-10,2021-07-13
ORD-101903,Ergon Chair,Furniture,Chairs,314.17,9,0.0,0.49,34.82,Timothy Ford,Consumer,East,Massachusetts,2021-04-09,2021-04-12
ORD-101904,Stanley Staple Gun,Office Supplies,Fasteners,110.96,8,0.0,28.91,18.93,Kayla Hooper,Home Office,Central,Missouri,2021-12-23,2021-12-27
ORD-101905,Ricoh Aficio,Technology,Copiers,250.98,7,0.4,-29.86,26.53,Eric Chandler,Consumer,East,New York,2022-11-26,2022-12-02
ORD-101906,Konica Minolta,Technology,Copiers,272.96,9,0.0,50.47,8.91,John Burgess,Consumer,South,Georgia,2023-02-28,2023-03-05
ORD-101907,Expo Dry Erase,Office Supplies,Art,49.54,5,0.0,6.46,12.79,Mary Martin,Home Office,West,Colorado,2021-09-03,2021-09-06
ORD-101908,Epson Scanner,Technology,Machines,348.75,5,0.3,-23.08,35.1,Jack Miranda,Consumer,South,Florida,2023-02-21,2023-02-25
ORD-101909,Staples Standard Envelopes,Office Supplies,Envelopes,77.27,3,0.5,-18.48,16.93,Jeffrey Golden,Consumer,South,Alabama,2021-10-20,2021-10-23
ORD-101910,Prepac Bookcase,Furniture,Bookcases,262.01,4,0.2,-12.19,25.76,William Smith,Home Office,South,Tennessee,2022-05-25,2022-05-26
ORD-101911,Staples Standard Staples,Office Supplies,Fasteners,88.56,1,0.0,20.29,10.77,Gregory Simmons,Consumer,South,North Carolina,2023-07-09,2023-07-10
ORD-101912,Fiskars Scissors,Office Supplies,Supplies,68.56,7,0.3,2.65,11.71,William Clark,Consumer,Central,Wisconsin,2023-05-21,2023-05-24
ORD-101913,Konica Minolta,Technology,Copiers,221.81,7,0.0,45.33,12.77,Ebony Adams,Consumer,West,Arizona,2023-11-11,2023-11-15
ORD-101914,Konica Minolta,Technology,Copiers,599.1,6,0.1,74.32,30.29,Michele Moore,Corporate,South,North Carolina,2021-09-18,2021-09-21
ORD-101915,Dixon Ticonderoga Pencils,Office Supplies,Art,83.52,7,0.0,16.17,30.62,Kara Davis,Consumer,East,New Jersey,2023-09-20,2023-09-26
ORD-101916,Humanscale Chair,Furniture,Chairs,434.33,7,0.2,-56.96,27.62,Karen Charles,Consumer,South,Georgia,2021-09-21,2021-09-22
ORD-101917,Avery File Folder Labels,Office Supplies,Labels,58.96,7,0.1,7.08,16.71,Patricia Welch,Corporate,Central,Missouri,2021-11-13,2021-11-17
ORD-101918,Xerox WorkCentre,Technology,Copiers,608.02,3,0.0,120.99,40.74,Kara Davis,Consumer,Central,Illinois,2023-10-12,2023-10-15
ORD-101919,Wilson Jones Binder,Office Supplies,Binders,59.02,10,0.0,12.07,30.94,Nathan Jennings,Corporate,West,Arizona,2022-05-31,2022-06-05
ORD-101920,Motorola Edge,Technology,Phones,311.71,7,0.0,45.05,25.89,Matthew White,Corporate,Central,Illinois,2023-04-05,2023-04-06
ORD-101921,Ikea BEKANT Desk,Furniture,Tables,427.47,4,0.0,13.43,12.0,Carol Wilson,Home Office,Central,Wisconsin,2021-05-18,2021-05-24
ORD-101922,Lorell Glass Table,Furniture,Tables,503.05,7,0.2,-9.35,35.55,Jessica Scott,Consumer,South,Georgia,2023-11-24,2023-11-29
ORD-101923,BIC Cristal Pens,Office Supplies,Art,124.91,1,0.1,14.6,11.8,Daniel Long,Corporate,East,New Jersey,2023-02-25,2023-02-28
ORD-101924,Deflect-o Stackable,Office Supplies,Storage,85.2,10,0.1,5.82,29.42,Suzanne West,Home Office,East,Connecticut,2022-04-21,2022-04-22
ORD-101925,Eldon Mobile,Office Supplies,Storage,73.21,4,0.2,6.2,4.54,Dustin Patterson,Consumer,West,California,2021-03-11,2021-03-15
ORD-101926,Eldon Mobile,Office Supplies,Storage,131.47,1,0.0,21.65,27.11,Alexandria Cowan,Consumer,Central,Michigan,2023-04-17,2023-04-20
ORD-101927,Anker Charger,Technology,Accessories,351.52,10,0.0,60.61,20.96,Crystal Williams DVM,Corporate,West,California,2022-09-22,2022-09-25
ORD-101928,Bestar Folding Table,Furniture,Tables,142.51,1,0.0,18.46,8.18,Michelle Hansen MD,Home Office,East,Massachusetts,2021-01-27,2021-01-29
ORD-101929,HP LaserJet,Technology,Machines,294.16,4,0.0,50.07,9.97,Kimberly Roberts,Consumer,East,Connecticut,2022-01-03,2022-01-09
ORD-101930,Acco Binder Clips,Office Supplies,Fasteners,75.54,5,0.1,7.59,5.2,William Harrington,Corporate,South,North Carolina,2022-09-03,2022-09-07
ORD-101931,Anker Charger,Technology,Accessories,408.87,7,0.0,69.19,32.17,Debra Andrade,Corporate,East,New York,2023-12-31,2024-01-03
ORD-101932,Kraft Envelopes,Office Supplies,Envelopes,78.1,9,0.1,8.09,6.68,Rhonda Allen,Consumer,South,Louisiana,2021-05-27,2021-06-01
ORD-101933,Navigator Paper,Office Supplies,Paper,100.22,1,0.0,30.33,19.71,Gary Anderson,Corporate,East,Connecticut,2022-12-22,2022-12-25
ORD-101934,Tyvek Mailer,Office Supplies,Envelopes,94.48,6,0.0,25.49,22.88,Michael Hughes,Corporate,Central,Ohio,2021-06-11,2021-06-15
ORD-101935,Eldon Shelf,Furniture,Furnishings,143.17,1,0.2,-7.46,14.47,Hayden Garcia,Consumer,East,New Jersey,2023-03-27,2023-03-28
ORD-101936,Samsung Galaxy S22,Technology,Phones,234.42,1,0.2,-12.62,23.58,Jessica Scott,Consumer,West,Washington,2022-10-01,2022-10-03
ORD-101937,Xerox Multi-Use Paper,Office Supplies,Paper,66.34,5,0.2,7.93,23.05,Ebony Adams,Corporate,Central,Missouri,2023-03-18,2023-03-23
ORD-101938,Global Leather Chair,Furniture,Chairs,424.0,2,0.5,-122.05,21.8,Carla Chen,Consumer,South,North Carolina,2021-02-13,2021-02-17
ORD-101939,Belkin USB Hub,Technology,Accessories,164.77,1,0.4,-24.68,22.63,Alyssa Cook,Consumer,Central,Wisconsin,2023-06-15,2023-06-19
ORD-101940,Staples Copy Paper,Office Supplies,Paper,99.65,8,0.5,-17.06,6.14,Melissa Thompson,Corporate,South,Florida,2023-08-18,2023-08-21
ORD-101941,Ibico MB,Office Supplies,Binders,31.0,4,0.0,5.44,9.01,Michelle Henderson,Home Office,East,Connecticut,2021-12-11,2021-12-12
ORD-101942,Steelcase Leap,Furniture,Chairs,302.31,6,0.0,38.34,19.83,Jennifer Wilson,Consumer,Central,Minnesota,2021-10-25,2021-10-30
ORD-101943,Xerox WorkCentre,Technology,Copiers,58.62,3,0.0,10.08,10.27,Deanna Johnson,Corporate,Central,Michigan,2022-01-17,2022-01-21
ORD-101944,IKEA KALLAX,Furniture,Bookcases,327.17,9,0.2,-5.73,27.87,David Hernandez,Consumer,Central,Ohio,2023-08-22,2023-08-26
ORD-101945,Avery Flexi-View,Office Supplies,Binders,112.17,10,0.1,18.97,24.93,Melissa Jenkins,Consumer,East,New Jersey,2021-10-09,2021-10-15
ORD-101946,Deflect-o Stackable,Office Supplies,Storage,64.4,6,0.2,-2.28,19.85,Stephanie Ramirez,Consumer,West,Utah,2022-07-12,2022-07-15
ORD-101947,Expo Dry Erase,Office Supplies,Art,77.42,3,0.0,20.91,26.5,Angel Dickerson,Corporate,East,Maryland,2021-01-06,2021-01-09
ORD-101948,Sterilite Storage Box,Office Supplies,Storage,134.59,1,0.0,34.39,12.14,Jennifer Browning,Consumer,Central,Missouri,2023-07-08,2023-07-09
ORD-101949,Google Pixel 7,Technology,Phones,478.69,10,0.0,95.25,35.78,Lisa Graves,Consumer,Central,Missouri,2021-01-18,2021-01-21
ORD-101950,Xerox Multi-Use Paper,Office Supplies,Paper,72.2,10,0.0,15.41,8.71,Jennifer Ellison,Consumer,East,Pennsylvania,2021-03-31,2021-04-04
ORD-101951,Prepac Bookcase,Furniture,Bookcases,510.29,2,0.1,-13.84,35.46,Lisa Christensen,Corporate,South,Louisiana,2022-02-14,2022-02-19
ORD-101952,Sterilite Storage Box,Office Supplies,Storage,141.67,8,0.4,-16.45,23.7,Rachel Wright,Home Office,West,Utah,2023-03-15,2023-03-16
ORD-101953,Sanford Markers,Office Supplies,Art,132.41,5,0.4,-22.55,11.73,Michelle Henderson,Corporate,Central,Ohio,2022-06-12,2022-06-17
ORD-101954,Nokia 5310,Technology,Phones,503.74,4,0.0,72.12,35.73,Brian Williams,Corporate,South,North Carolina,2021-07-05,2021-07-07
ORD-101955,Advantus Ring Binder,Furniture,Furnishings,140.17,3,0.0,15.55,22.45,Donald Morales,Corporate,West,Arizona,2022-08-03,2022-08-08
ORD-101956,Global Leather Chair,Furniture,Chairs,431.14,5,0.1,-9.59,12.45,Keith Lewis,Home Office,South,Florida,2021-04-18,2021-04-21
ORD-101957,Expo Dry Erase,Office Supplies,Art,42.03,2,0.0,9.05,13.7,Ryan Vasquez,Consumer,South,Florida,2021-01-22,2021-01-25
ORD-101958,Apple iPhone 14,Technology,Phones,396.01,7,0.1,50.46,13.46,Jeffrey Golden,Corporate,South,Georgia,2021-05-26,2021-05-29
ORD-101959,Steelcase Leap,Furniture,Chairs,423.95,4,0.0,41.14,20.29,Katherine Evans,Consumer,West,Washington,2023-05-17,2023-05-19
ORD-101960,Ricoh Aficio,Technology,Copiers,706.88,8,0.1,78.61,25.76,Jonathan Baker,Consumer,Central,Texas,2023-06-25,2023-06-29
ORD-101961,Ibico MB,Office Supplies,Binders,78.91,7,0.1,4.69,16.18,James Smith,Home Office,South,Tennessee,2023-08-01,2023-08-03
ORD-101962,Safco Round Table,Furniture,Tables,278.48,8,0.0,23.16,34.35,Suzanne West,Corporate,South,North Carolina,2023-03-07,2023-03-12
ORD-101963,Belkin USB Hub,Technology,Accessories,563.65,9,0.0,114.49,37.37,Adam White,Consumer,South,Mississippi,2023-02-06,2023-02-10
ORD-101964,Zebra Label Printer,Technology,Machines,221.3,10,0.2,6.33,13.17,Edward Clark,Consumer,South,Georgia,2021-07-25,2021-07-29
ORD-101965,Fellowes Storage Case,Office Supplies,Storage,111.49,3,0.0,33.05,25.83,Jason Harrison,Consumer,Central,Illinois,2021-09-30,2021-10-03
ORD-101966,Quartet Calendar,Office Supplies,Supplies,118.4,4,0.2,11.61,24.51,Colton Lee,Consumer,West,Oregon,2023-03-20,2023-03-26
ORD-101967,Sanford Markers,Office Supplies,Art,91.92,10,0.0,22.01,23.43,Jennifer Ellison,Corporate,West,Washington,2022-04-04,2022-04-08
ORD-101968,Avery File Folder Labels,Office Supplies,Labels,129.98,8,0.2,-0.86,21.93,Rebecca Rubio,Consumer,Central,Ohio,2021-01-01,2021-01-03
ORD-101969,Fiskars Scissors,Office Supplies,Supplies,78.82,6,0.0,14.3,15.08,Leslie Lynch,Consumer,Central,Missouri,2023-12-12,2023-12-14
ORD-101970,Global Leather Chair,Furniture,Chairs,355.5,5,0.5,-84.78,15.87,Yvonne Wilson,Consumer,West,California,2023-06-26,2023-06-29
ORD-101971,Dixon Ticonderoga Pencils,Office Supplies,Art,70.9,4,0.4,-15.56,15.6,Kayla Elliott,Consumer,South,Tennessee,2021-11-13,2021-11-15
ORD-101972,Konica Minolta,Technology,Copiers,344.04,1,0.0,77.64,19.64,William West,Consumer,Central,Wisconsin,2023-11-03,2023-11-07
ORD-101973,Brother Fax Machine,Technology,Machines,496.02,1,0.2,20.54,34.28,Nathaniel Wade,Corporate,Central,Texas,2022-05-03,2022-05-06
ORD-101974,Ricoh Aficio,Technology,Copiers,365.2,8,0.3,-45.27,20.21,Donna Jones,Corporate,East,Maryland,2022-09-02,2022-09-06
ORD-101975,Prepac Bookcase,Furniture,Bookcases,371.84,1,0.3,-67.57,17.05,Deanna Johnson,Home Office,East,Virginia,2021-12-09,2021-12-12
ORD-101976,Realspace Bookcase,Furniture,Bookcases,572.09,10,0.1,27.76,22.95,Michelle Henderson,Corporate,Central,Michigan,2023-04-10,2023-04-12
ORD-101977,HP Wireless Mouse,Technology,Accessories,317.1,5,0.3,-28.72,25.49,Jerry Curtis,Corporate,South,Louisiana,2023-09-22,2023-09-26
ORD-101978,Sterilite Storage Box,Office Supplies,Storage,87.03,10,0.2,4.18,22.61,Michelle Henderson,Consumer,Central,Missouri,2021-06-08,2021-06-11
ORD-101979,Fellowes Storage Case,Office Supplies,Storage,125.74,10,0.0,28.83,15.8,Caitlin Bryant,Consumer,West,Washington,2021-10-20,2021-10-25
ORD-101980,Avery Heavy Duty Binder,Office Supplies,Binders,66.59,4,0.0,20.94,4.44,Carla Chen,Consumer,Central,Minnesota,2021-09-25,2021-09-27
ORD-101981,Bestar Folding Table,Furniture,Tables,315.92,5,0.4,-57.36,17.42,Brian Williams,Corporate,West,Utah,2021-05-30,2021-06-01
ORD-101982,Memorex Tape,Office Supplies,Supplies,70.54,9,0.2,5.51,5.97,Jennifer Cardenas,Consumer,West,Washington,2021-11-27,2021-11-30
ORD-101983,Eldon Shelf,Furniture,Furnishings,347.33,6,0.1,-25.87,22.57,Bridget Kirby,Corporate,West,Colorado,2022-08-18,2022-08-20
ORD-101984,Mead Envelopes,Office Supplies,Envelopes,154.49,10,0.3,6.88,16.53,Leslie Lynch,Consumer,South,Louisiana,2022-07-10,2022-07-13
ORD-101985,Acco Staple Remover,Office Supplies,Supplies,77.29,9,0.0,12.74,28.31,Jasmine Anderson,Home Office,West,Nevada,2022-05-10,2022-05-17
ORD-101986,Hon 4070 Chair,Furniture,Chairs,351.71,8,0.2,-19.58,21.01,Jonathan Baker,Consumer,South,North Carolina,2023-05-05,2023-05-07
ORD-101987,Fellowes Storage Case,Office Supplies,Storage,101.38,6,0.0,23.27,31.11,Alex Walker,Corporate,Central,Missouri,2022-07-23,2022-07-26
ORD-101988,Apple iPhone 14,Technology,Phones,491.0,7,0.3,6.07,35.93,Matthew Jones,Consumer,South,Alabama,2022-06-06,2022-06-09
ORD-101989,Lorell Mirror,Furniture,Furnishings,378.17,3,0.4,-103.04,33.83,Shawn Martinez,Consumer,Central,Ohio,2022-08-20,2022-08-24
ORD-101990,Rubbermaid Cabinet,Furniture,Furnishings,473.51,4,0.1,48.31,37.1,Nathan Bradshaw,Home Office,East,Pennsylvania,2022-06-17,2022-06-19
ORD-101991,Tyvek Mailer,Office Supplies,Envelopes,190.87,4,0.1,16.0,8.05,Lori Levine,Consumer,East,Maryland,2023-05-23,2023-05-24
ORD-101992,HP Wireless Mouse,Technology,Accessories,448.86,1,0.1,-1.84,31.85,Cindy Parker,Consumer,South,Florida,2022-09-03,2022-09-08
ORD-101993,Advantus Binder Clips,Office Supplies,Fasteners,107.7,10,0.3,-5.11,22.38,Aaron Martinez,Corporate,West,Oregon,2022-04-03,2022-04-04
ORD-101994,Acco Staple Remover,Office Supplies,Supplies,151.55,5,0.0,27.47,15.82,Theresa Estrada,Home Office,Central,Ohio,2023-09-02,2023-09-06
ORD-101995,Google Pixel 7,Technology,Phones,139.73,8,0.0,21.86,19.55,Kenneth Lynch,Corporate,West,Oregon,2022-07-08,2022-07-12
ORD-101996,Lorell Glass Table,Furniture,Tables,72.94,10,0.3,-7.47,25.01,Douglas Rodriguez,Consumer,Central,Wisconsin,2021-01-30,2021-02-03
ORD-101997,Xerox Multi-Use Paper,Office Supplies,Paper,23.92,4,0.5,-4.27,13.03,Crystal Johnson,Consumer,Central,Ohio,2021-04-03,2021-04-05
ORD-101998,Mead Envelopes,Office Supplies,Envelopes,23.51,8,0.0,4.8,11.9,Angel Dickerson,Home Office,Central,Minnesota,2023-12-23,2023-12-27
ORD-101999,Lorell Mirror,Furniture,Furnishings,507.21,6,0.2,-21.29,38.95,Taylor Johnson,Corporate,South,North Carolina,2021-03-25,2021-03-28
ORD-102000,Ricoh Aficio,Technology,Copiers,271.84,3,0.3,-16.73,17.08,Michelle Smith,Consumer,West,Washington,2021-08-21,2021-08-25
ORD-102001,Advantus Binder Clips,Office Supplies,Fasteners,90.58,3,0.5,-14.16,16.4,Michelle Bell,Consumer,South,Georgia,2023-12-01,2023-12-06
ORD-102002,Bush Furniture Bookcase,Furniture,Bookcases,145.98,9,0.0,18.92,28.85,Kimberly Byrd,Home Office,South,Tennessee,2023-01-09,2023-01-13
ORD-102003,Canon imageRUNNER,Technology,Copiers,42.7,6,0.0,6.34,25.78,Todd Khan,Home Office,West,Colorado,2023-06-28,2023-06-30
ORD-102004,Bush Furniture Bookcase,Furniture,Bookcases,251.41,10,0.0,33.1,24.85,Janice Webb,Consumer,South,Mississippi,2021-07-04,2021-07-07
ORD-102005,Avery File Folder Labels,Office Supplies,Labels,90.72,2,0.1,6.33,18.38,Colton Lee,Consumer,South,Louisiana,2021-02-17,2021-02-23
ORD-102006,Maco Labels,Office Supplies,Labels,58.48,6,0.3,-0.59,27.74,Mary Lambert,Corporate,East,New York,2021-02-25,2021-03-04
ORD-102007,OIC Binder Clips,Office Supplies,Fasteners,87.47,2,0.2,2.72,16.77,Adam Page,Consumer,South,Alabama,2023-07-07,2023-07-09
ORD-102008,Nokia 5310,Technology,Phones,333.07,8,0.1,44.9,19.19,Susan Lawson,Consumer,East,Virginia,2023-10-14,2023-10-17
ORD-102009,Acco Binder Clips,Office Supplies,Fasteners,73.43,4,0.1,9.96,19.33,Kerry Jackson,Consumer,South,Georgia,2021-05-13,2021-05-16
ORD-102010,Ikea BEKANT Desk,Furniture,Tables,570.39,10,0.0,16.44,17.34,Jennifer Browning,Consumer,South,Tennessee,2023-06-27,2023-06-30
ORD-102011,HP Office Paper,Office Supplies,Paper,30.74,2,0.0,7.97,18.93,Lisa Graves,Home Office,East,Connecticut,2021-08-23,2021-08-29
ORD-102012,Ibico MB,Office Supplies,Binders,68.28,1,0.4,-7.91,14.84,Eric Hood,Home Office,West,Utah,2023-12-08,2023-12-12
ORD-102013,Belkin USB Hub,Technology,Accessories,285.01,3,0.0,47.6,25.08,Theresa Estrada,Consumer,South,Mississippi,2021-03-17,2021-03-22
ORD-102014,Fellowes Storage Case,Office Supplies,Storage,141.15,1,0.1,25.42,14.68,David Barrett,Consumer,South,Florida,2022-04-19,2022-04-22
ORD-102015,Avery File Folder Labels,Office Supplies,Labels,117.59,8,0.1,8.14,25.32,Aaron Martinez,Corporate,Central,Ohio,2023-11-13,2023-11-17
ORD-102016,Avery Address Labels,Office Supplies,Labels,53.16,6,0.1,-0.1,28.5,Ronald Ramsey,Consumer,Central,Ohio,2021-12-16,2021-12-21
ORD-102017,Sharp MX,Technology,Copiers,280.5,5,0.0,63.91,18.54,Lisa Joyce,Consumer,West,Arizona,2023-01-03,2023-01-05
ORD-102018,Motorola Edge,Technology,Phones,492.71,2,0.3,-35.02,38.13,Mark Chapman,Home Office,East,New Jersey,2023-11-09,2023-11-13
ORD-102019,Xerox WorkCentre,Technology,Copiers,406.43,10,0.0,59.16,12.14,Rodney Bentley,Corporate,Central,Wisconsin,2022-10-23,2022-10-28
ORD-102020,Bush Coat Rack,Furniture,Furnishings,334.57,5,0.3,-34.03,26.64,Lisa Christensen,Home Office,East,Virginia,2023-06-16,2023-06-21
ORD-102021,Konica Minolta,Technology,Copiers,151.46,7,0.2,5.3,17.57,Lisa Christensen,Home Office,Central,Illinois,2023-01-02,2023-01-05
ORD-102022,Belkin USB Hub,Technology,Accessories,559.19,9,0.2,-0.42,37.64,Casey Liu,Consumer,Central,Michigan,2022-09-03,2022-09-08
ORD-102023,Advantus Ring Binder,Furniture,Furnishings,394.08,9,0.0,94.87,25.99,Nicole Jimenez,Consumer,West,Colorado,2022-12-29,2023-01-02
ORD-102024,Motorola Edge,Technology,Phones,393.31,4,0.0,78.53,18.97,Penny Wilson,Corporate,Central,Wisconsin,2022-03-03,2022-03-07
ORD-102025,Ibico MB,Office Supplies,Binders,66.38,4,0.1,9.89,25.85,Jessica Hill,Corporate,Central,Wisconsin,2023-02-09,2023-02-14
ORD-102026,Acco Binder Clips,Office Supplies,Fasteners,104.73,7,0.0,24.06,8.4,Ashley Johnson,Consumer,South,Mississippi,2021-02-19,2021-02-25
ORD-102027,Fiskars Scissors,Office Supplies,Supplies,57.37,6,0.0,13.21,8.51,Eric Chandler,Consumer,East,Massachusetts,2023-01-01,2023-01-05
ORD-102028,Eldon Mobile,Office Supplies,Storage,136.79,2,0.0,33.16,26.34,Theresa Brown,Home Office,East,Maryland,2021-12-06,2021-12-08
ORD-102029,Ergon Chair,Furniture,Chairs,425.44,8,0.0,37.5,31.38,Dominique Salinas,Corporate,Central,Missouri,2022-07-15,2022-07-19
ORD-102030,Staedtler Pens,Office Supplies,Art,114.0,4,0.3,-0.69,6.05,James Gomez,Corporate,South,North Carolina,2021-09-21,2021-09-25
ORD-102031,Kraft Envelopes,Office Supplies,Envelopes,59.57,9,0.4,-5.01,15.41,Thomas Gutierrez,Home Office,South,Louisiana,2021-11-07,2021-11-10
ORD-102032,Lorell Mirror,Furniture,Furnishings,191.0,3,0.5,-63.34,26.98,William Harrington,Home Office,South,Tennessee,2023-07-16,2023-07-19
ORD-102033,Xerox Multi-Use Paper,Office Supplies,Paper,96.06,5,0.2,7.19,19.62,Michelle Bell,Corporate,West,Washington,2022-05-08,2022-05-11
ORD-102034,Konica Minolta,Technology,Copiers,219.72,2,0.1,33.55,19.61,Angel Dickerson,Consumer,West,Nevada,2021-05-29,2021-06-03
ORD-102035,OIC Binder Clips,Office Supplies,Fasteners,108.3,4,0.0,20.01,28.34,Gabriel Marshall,Consumer,East,New Jersey,2021-05-28,2021-05-31
ORD-102036,Tyvek Mailer,Office Supplies,Envelopes,40.8,1,0.0,8.68,14.18,Timothy Wiggins,Home Office,Central,Texas,2021-05-09,2021-05-12
ORD-102037,Ergon Chair,Furniture,Chairs,256.49,10,0.2,-13.94,17.74,Christina Smith,Home Office,Central,Wisconsin,2023-09-30,2023-10-05
ORD-102038,Lorell Mirror,Furniture,Furnishings,266.43,1,0.0,-0.1,31.5,Susan Hamilton,Consumer,Central,Missouri,2021-11-20,2021-11-24
ORD-102039,Epson Scanner,Technology,Machines,347.86,5,0.3,-26.19,34.94,Allison Wells,Corporate,East,Maryland,2022-10-25,2022-10-26
ORD-102040,Bestar Folding Table,Furniture,Tables,386.04,4,0.5,-129.29,12.51,Debra Andrade,Consumer,West,Arizona,2022-06-08,2022-06-13
ORD-102041,Wilson Jones Binder,Office Supplies,Binders,143.72,3,0.0,17.88,8.96,James Patel,Corporate,South,North Carolina,2023-01-10,2023-01-13
ORD-102042,Bush Furniture Bookcase,Furniture,Bookcases,467.34,5,0.0,41.49,21.05,Kimberly Kelley,Home Office,East,Pennsylvania,2023-07-27,2023-07-31
ORD-102043,Sterilite Storage Box,Office Supplies,Storage,117.51,9,0.0,26.32,8.05,Jose Jones,Corporate,West,California,2022-05-15,2022-05-18
ORD-102044,HP Wireless Mouse,Technology,Accessories,592.33,5,0.0,95.15,27.84,Dean Ortiz,Consumer,East,New Jersey,2023-09-11,2023-09-17
ORD-102045,Google Pixel 7,Technology,Phones,234.22,10,0.2,21.32,24.72,Susan Hamilton,Consumer,East,Connecticut,2023-04-25,2023-04-27
ORD-102046,Xerox WorkCentre,Technology,Copiers,391.84,3,0.3,-19.17,33.03,Eric Chandler,Corporate,South,Louisiana,2022-10-18,2022-10-21
ORD-102047,Wilson Jones Binder,Office Supplies,Binders,129.51,1,0.1,11.45,7.02,Stephanie Stevenson,Corporate,Central,Texas,2022-02-10,2022-02-13
ORD-102048,Fellowes Storage Case,Office Supplies,Storage,109.06,3,0.0,20.78,25.19,Brianna Warner,Consumer,Central,Wisconsin,2022-02-04,2022-02-06
ORD-102049,Konica Minolta,Technology,Copiers,388.85,5,0.0,71.4,26.68,Katherine Evans,Consumer,South,Florida,2021-07-16,2021-07-19
ORD-102050,Deflect-o Stackable,Office Supplies,Storage,41.99,3,0.0,7.6,26.87,Patrick Brown,Home Office,West,Washington,2021-10-18,2021-10-19
ORD-102051,Avery Shipping Labels,Office Supplies,Labels,133.23,6,0.0,35.21,23.35,Jennifer Wilson,Corporate,West,Washington,2022-07-24,2022-07-25
ORD-102052,Hammermill Copy Paper,Office Supplies,Paper,88.0,5,0.0,20.43,20.31,Rodney Bentley,Consumer,East,Virginia,2021-07-15,2021-07-21
ORD-102053,HP Wireless Mouse,Technology,Accessories,362.92,4,0.2,31.87,17.12,Deanna Johnson,Corporate,South,Florida,2022-01-30,2022-02-02
ORD-102054,Safco Round Table,Furniture,Tables,285.96,10,0.1,9.03,30.13,Rebecca Rubio,Consumer,West,Arizona,2023-04-24,2023-04-28
ORD-102055,Advantus Ring Binder,Furniture,Furnishings,447.52,6,0.0,27.36,32.21,Stephen Reyes,Corporate,Central,Texas,2021-12-21,2021-12-24
ORD-102056,3M Post-it Flags,Office Supplies,Labels,139.88,6,0.1,8.88,26.71,Lisa Christensen,Corporate,Central,Texas,2023-08-28,2023-09-01
ORD-102057,Fellowes Storage Case,Office Supplies,Storage,142.15,8,0.3,-5.49,16.38,Frederick Finley,Home Office,Central,Minnesota,2022-11-17,2022-11-21
ORD-102058,Nokia 5310,Technology,Phones,371.17,8,0.3,-57.35,20.4,Frederick Finley,Consumer,South,Tennessee,2021-11-19,2021-11-22
ORD-102059,Bush Furniture Bookcase,Furniture,Bookcases,255.42,7,0.1,-8.17,16.69,Michael Smith,Corporate,Central,Michigan,2022-05-26,2022-05-29
ORD-102060,Advantus Ring Binder,Furniture,Furnishings,237.08,4,0.4,-53.79,26.83,Alexandria Cowan,Consumer,Central,Wisconsin,2022-04-23,2022-04-26
ORD-102061,Sauder Bookcase,Furniture,Bookcases,424.93,7,0.5,-123.07,31.61,Tommy Patterson,Consumer,Central,Michigan,2023-03-07,2023-03-10
ORD-102062,Zebra Label Printer,Technology,Machines,459.23,10,0.0,57.51,33.37,Sandra Torres,Corporate,Central,Minnesota,2022-04-05,2022-04-08
ORD-102063,Sharp MX,Technology,Copiers,269.08,2,0.1,51.11,17.95,Lisa Graves,Corporate,West,Arizona,2023-03-17,2023-03-21
ORD-102064,Humanscale Chair,Furniture,Chairs,221.78,4,0.0,40.54,29.21,Samantha Atkins,Consumer,West,Colorado,2022-04-05,2022-04-09
ORD-102065,Logitech Keyboard,Technology,Accessories,371.11,8,0.5,-81.6,34.83,Mary Meza,Corporate,East,New Jersey,2023-08-29,2023-08-31
ORD-102066,HP LaserJet,Technology,Machines,581.26,5,0.0,141.59,19.93,William Ball,Consumer,West,California,2021-02-09,2021-02-13
ORD-102067,Safco Round Table,Furniture,Tables,296.7,3,0.0,23.91,27.9,Deborah Allen,Consumer,Central,Missouri,2022-09-02,2022-09-07
ORD-102068,HP Wireless Mouse,Technology,Accessories,401.05,10,0.2,14.8,19.14,Trevor Martinez,Consumer,East,Massachusetts,2022-12-07,2022-12-12
ORD-102069,Hon 4070 Chair,Furniture,Chairs,416.96,5,0.1,8.43,13.73,Katherine Parker,Consumer,West,Colorado,2022-03-17,2022-03-20
ORD-102070,Eldon Mobile,Office Supplies,Storage,109.8,1,0.0,33.15,15.72,Jose Hogan,Consumer,West,Washington,2023-04-20,2023-04-23
ORD-102071,Hammermill Copy Paper,Office Supplies,Paper,102.2,10,0.0,24.08,20.84,Courtney Gardner,Corporate,South,Mississippi,2021-12-14,2021-12-17
ORD-102072,Brother Fax Machine,Technology,Machines,166.97,4,0.5,-58.7,13.73,Crystal Williams DVM,Consumer,South,Louisiana,2021-06-16,2021-06-18
ORD-102073,Advantus Binder Clips,Office Supplies,Fasteners,102.43,10,0.0,22.05,7.04,Alex Walker,Home Office,East,New York,2021-07-25,2021-07-28
ORD-102074,Xerox WorkCentre,Technology,Copiers,327.63,1,0.0,62.96,17.96,Jessica Chapman,Corporate,Central,Minnesota,2022-05-30,2022-06-05
ORD-102075,Konica Minolta,Technology,Copiers,400.34,2,0.4,-33.47,27.27,John Burgess,Home Office,East,Massachusetts,2021-11-27,2021-12-02
ORD-102076,Anker Charger,Technology,Accessories,423.78,1,0.0,60.45,16.81,Karen Dawson,Corporate,Central,Ohio,2022-05-20,2022-05-23
ORD-102077,Humanscale Chair,Furniture,Chairs,428.82,1,0.0,38.23,32.83,Christina Smith,Home Office,East,Pennsylvania,2023-05-22,2023-05-24
ORD-102078,Memorex Tape,Office Supplies,Supplies,106.85,10,0.2,3.86,30.15,Amanda Garcia,Corporate,West,Washington,2021-07-22,2021-07-27
ORD-102079,Eldon Shelf,Furniture,Furnishings,232.02,5,0.0,24.18,11.22,Adam White,Corporate,West,Arizona,2021-02-03,2021-02-10
ORD-102080,Staples Standard Envelopes,Office Supplies,Envelopes,90.41,7,0.1,14.83,18.58,Chad Sheppard,Consumer,South,Louisiana,2023-12-29,2024-01-01
ORD-102081,Avery Shipping Labels,Office Supplies,Labels,81.4,1,0.4,-15.61,18.11,Robert Harris,Corporate,East,Pennsylvania,2023-10-03,2023-10-06
ORD-102082,Bush Furniture Bookcase,Furniture,Bookcases,258.07,5,0.4,-46.53,10.22,Rachel Wright,Consumer,West,Colorado,2021-08-16,2021-08-20
ORD-102083,Sauder Bookcase,Furniture,Bookcases,274.31,7,0.0,24.05,23.28,Cory Gibson,Corporate,South,Alabama,2022-05-02,2022-05-04
ORD-102084,Expo Dry Erase,Office Supplies,Art,121.56,5,0.1,12.69,27.27,Dustin Patterson,Consumer,Central,Illinois,2022-12-07,2022-12-10
ORD-102085,Prepac Bookcase,Furniture,Bookcases,124.86,9,0.1,1.49,31.14,Michelle Henderson,Consumer,Central,Michigan,2023-08-14,2023-08-18
ORD-102086,Nokia 5310,Technology,Phones,332.53,4,0.0,43.79,30.66,Barbara Barber,Consumer,Central,Michigan,2022-03-29,2022-04-05
ORD-102087,Expo Dry Erase,Office Supplies,Art,84.39,3,0.3,0.39,14.45,Kayla Nichols,Consumer,East,Massachusetts,2022-08-30,2022-09-04
ORD-102088,Humanscale Chair,Furniture,Chairs,308.89,5,0.0,35.63,15.18,Andrew Salazar,Consumer,East,Maryland,2023-01-22,2023-01-23
ORD-102089,Rubbermaid Tote,Office Supplies,Storage,148.03,8,0.3,-5.5,8.73,John Gomez,Corporate,Central,Illinois,2023-02-14,2023-02-18
ORD-102090,Deflect-o Stackable,Office Supplies,Storage,98.91,8,0.0,19.24,8.78,Jermaine Wolf,Consumer,East,Maryland,2021-01-11,2021-01-12
ORD-102091,Apple iPhone 14,Technology,Phones,274.58,3,0.0,41.39,23.4,Kaitlin Young,Corporate,Central,Missouri,2023-08-25,2023-08-28
ORD-102092,Nokia 5310,Technology,Phones,333.4,9,0.0,66.0,36.67,Karen Dawson,Consumer,Central,Michigan,2022-01-06,2022-01-08
ORD-102093,Nokia 5310,Technology,Phones,785.85,4,0.0,113.32,39.82,Thomas Gutierrez,Corporate,Central,Michigan,2022-09-01,2022-09-02
ORD-102094,Steelcase Leap,Furniture,Chairs,260.0,3,0.0,25.18,25.56,William West,Home Office,West,Oregon,2021-08-25,2021-08-31
ORD-102095,Ricoh Aficio,Technology,Copiers,473.33,8,0.1,53.57,13.57,Raymond Guerra,Corporate,East,Maryland,2021-09-26,2021-10-02
ORD-102096,Apple iPhone 14,Technology,Phones,615.46,6,0.0,36.12,17.39,Frederick Bond,Consumer,East,New Jersey,2023-08-10,2023-08-14
ORD-102097,Motorola Edge,Technology,Phones,28.09,5,0.2,-0.13,20.54,Michael Aguilar,Corporate,Central,Michigan,2022-11-13,2022-11-18
ORD-102098,Avery Address Labels,Office Supplies,Labels,125.11,9,0.2,-2.29,31.64,Carrie Owens,Corporate,South,Georgia,2021-03-16,2021-03-18
ORD-102099,Global Leather Chair,Furniture,Chairs,70.92,5,0.4,-13.58,28.82,Sheryl Wright,Home Office,East,Pennsylvania,2022-04-11,2022-04-14
ORD-102100,HP LaserJet,Technology,Machines,448.99,10,0.1,20.42,30.82,Samantha Smith,Home Office,Central,Ohio,2023-04-05,2023-04-09
ORD-102101,Google Pixel 7,Technology,Phones,252.31,6,0.4,-47.56,22.08,Rebecca Rubio,Corporate,South,Alabama,2021-02-12,2021-02-16
ORD-102102,Google Pixel 7,Technology,Phones,427.69,8,0.3,-39.05,21.58,Carrie Sanchez,Consumer,Central,Michigan,2023-05-29,2023-05-30
ORD-102103,Lorell Mirror,Furniture,Furnishings,369.29,2,0.0,-15.78,34.66,Suzanne West,Consumer,East,Pennsylvania,2021-03-30,2021-04-01
ORD-102104,Nokia 5310,Technology,Phones,272.9,10,0.2,-9.91,25.74,Ebony Adams,Consumer,Central,Texas,2021-04-30,2021-05-02
ORD-102105,Advantus Ring Binder,Furniture,Furnishings,279.24,9,0.0,20.41,13.56,Kimberly Kelley,Home Office,Central,Missouri,2023-03-26,2023-03-29
ORD-102106,HP LaserJet,Technology,Machines,537.66,8,0.2,-39.23,22.06,Robert Harris,Consumer,East,Virginia,2021-10-16,2021-10-22
ORD-102107,Eldon Mobile,Office Supplies,Storage,91.46,8,0.0,22.67,30.66,David Barrett,Corporate,East,New Jersey,2022-11-09,2022-11-12
ORD-102108,Sterilite Storage Box,Office Supplies,Storage,149.41,1,0.0,29.27,26.59,Michael Moore,Consumer,West,Oregon,2021-02-28,2021-03-03
ORD-102109,Mead Envelopes,Office Supplies,Envelopes,100.38,2,0.0,13.03,19.53,Caitlin Bryant,Consumer,Central,Ohio,2022-03-30,2022-04-03
ORD-102110,Canon Printer,Technology,Machines,27.29,10,0.2,1.7,15.5,Cory Gibson,Consumer,West,Arizona,2021-10-13,2021-10-17
ORD-102111,Dixon Ticonderoga Pencils,Office Supplies,Art,89.82,9,0.4,-3.69,9.57,David Martinez,Consumer,East,New Jersey,2021-07-23,2021-07-26
ORD-102112,Jabra Headset,Technology,Accessories,190.26,7,0.0,39.19,10.21,David Hoffman,Consumer,South,Alabama,2021-09-02,2021-09-05
ORD-102113,Cardinal Binder,Office Supplies,Binders,149.8,6,0.0,36.1,10.08,Patricia Hammond,Consumer,West,Arizona,2022-12-28,2023-01-02
ORD-102114,Ergon Chair,Furniture,Chairs,343.19,10,0.0,34.47,26.18,Jose Jones,Consumer,West,Colorado,2023-05-07,2023-05-09
ORD-102115,Samsung Galaxy S22,Technology,Phones,158.66,3,0.3,1.23,16.34,Angela Hubbard,Consumer,Central,Michigan,2021-06-23,2021-06-27
ORD-102116,Epson Scanner,Technology,Machines,312.26,10,0.3,-10.86,13.1,Deborah Allen,Corporate,Central,Illinois,2022-07-30,2022-08-03
ORD-102117,Avery File Folder Labels,Office Supplies,Labels,39.98,8,0.4,-6.36,18.23,Sherri Holmes,Home Office,West,California,2021-01-01,2021-01-04
ORD-102118,Rubbermaid Cabinet,Furniture,Furnishings,482.21,10,0.0,39.85,33.08,Brittany Joyce,Consumer,West,Nevada,2021-06-04,2021-06-07
ORD-102119,Avery Heavy Duty Binder,Office Supplies,Binders,136.5,7,0.0,29.5,15.03,Erica Scott,Consumer,South,Tennessee,2022-02-06,2022-02-10
ORD-102120,Cardinal Binder,Office Supplies,Binders,31.06,2,0.3,0.76,21.12,Connie Rios,Corporate,East,Virginia,2023-08-23,2023-08-27
ORD-102121,Ergon Chair,Furniture,Chairs,239.21,2,0.0,32.28,24.69,Diane Murphy,Consumer,East,Pennsylvania,2023-09-04,2023-09-08
ORD-102122,Quartet Calendar,Office Supplies,Supplies,90.81,4,0.2,-1.56,8.14,Daniel Long,Consumer,West,Oregon,2023-06-24,2023-06-25
ORD-102123,Jabra Headset,Technology,Accessories,436.29,4,0.4,-13.17,13.99,Emily Copeland,Corporate,Central,Wisconsin,2022-12-30,2023-01-03
ORD-102124,Avery Address Labels,Office Supplies,Labels,105.78,8,0.3,-2.42,25.98,Hayden Garcia,Home Office,East,New York,2022-08-09,2022-08-14
ORD-102125,Bestar Folding Table,Furniture,Tables,439.04,6,0.1,13.41,28.69,Holly Smith,Consumer,East,Pennsylvania,2022-05-19,2022-05-23
ORD-102126,Sharp MX,Technology,Copiers,443.53,4,0.3,-50.82,25.29,Connie Rios,Consumer,Central,Illinois,2023-02-18,2023-02-21
ORD-102127,Staples Standard Envelopes,Office Supplies,Envelopes,97.48,1,0.3,3.1,26.65,Robert Franklin,Consumer,West,California,2022-12-03,2022-12-07
ORD-102128,Hon 10500 Table,Furniture,Tables,209.67,6,0.0,35.9,11.09,Michelle Bell,Corporate,South,Mississippi,2021-12-02,2021-12-06
ORD-102129,Bush Furniture Bookcase,Furniture,Bookcases,299.0,7,0.0,16.63,29.27,Krystal Arias,Home Office,West,Nevada,2022-01-10,2022-01-17
ORD-102130,Sharp MX,Technology,Copiers,569.62,5,0.3,-42.35,29.99,Gabriel Marshall,Consumer,Central,Minnesota,2023-08-20,2023-08-27
ORD-102131,Canon imageRUNNER,Technology,Copiers,531.52,3,0.5,-124.69,24.94,Deborah Allen,Home Office,Central,Illinois,2023-01-23,2023-01-28
ORD-102132,Global Leather Chair,Furniture,Chairs,302.82,8,0.4,-59.15,28.25,Sandra Dean,Consumer,East,Virginia,2023-02-24,2023-02-28
ORD-102133,Canon Printer,Technology,Machines,456.54,5,0.3,-72.94,14.1,Jonathan White,Corporate,South,Alabama,2022-01-03,2022-01-07
ORD-102134,Kraft Envelopes,Office Supplies,Envelopes,54.12,8,0.1,10.09,30.65,Kimberly Byrd,Corporate,West,Washington,2021-08-14,2021-08-17
ORD-102135,Bush Coat Rack,Furniture,Furnishings,294.14,2,0.3,-48.88,16.75,Jose Jones,Home Office,South,Mississippi,2021-01-13,2021-01-16
ORD-102136,Logitech Keyboard,Technology,Accessories,192.63,4,0.0,24.27,24.27,Edward Clark,Corporate,Central,Michigan,2021-04-17,2021-04-20
ORD-102137,Acco Binder Clips,Office Supplies,Fasteners,25.3,7,0.3,-0.63,15.53,Dominique Salinas,Home Office,East,Maryland,2021-11-16,2021-11-20
ORD-102138,Staedtler Pens,Office Supplies,Art,70.85,3,0.4,-10.51,26.7,Aaron Little,Consumer,South,Georgia,2023-03-21,2023-03-23
ORD-102139,Stanley Staple Gun,Office Supplies,Fasteners,87.82,9,0.0,20.92,31.56,Kelsey Martin,Consumer,Central,Texas,2021-02-25,2021-03-02
ORD-102140,Eldon Shelf,Furniture,Furnishings,561.18,8,0.2,-76.09,31.45,Randy Terry,Corporate,West,Colorado,2022-03-12,2022-03-15
ORD-102141,Stanley Staple Gun,Office Supplies,Fasteners,127.1,1,0.1,23.98,15.54,Christopher Vasquez,Home Office,Central,Michigan,2022-02-28,2022-03-03
ORD-102142,Hammermill Copy Paper,Office Supplies,Paper,65.07,2,0.4,-5.85,29.43,Donald Morales,Consumer,West,Washington,2023-05-09,2023-05-12
ORD-102143,Hammermill Copy Paper,Office Supplies,Paper,75.36,8,0.0,17.28,28.8,Jose Hogan,Consumer,East,New Jersey,2023-02-06,2023-02-07
ORD-102144,Motorola Edge,Technology,Phones,651.46,1,0.0,136.99,17.75,Michelle Henderson,Consumer,Central,Wisconsin,2021-05-03,2021-05-07
ORD-102145,Global Leather Chair,Furniture,Chairs,371.03,5,0.1,-0.56,16.29,Leslie Powell,Corporate,Central,Texas,2023-04-11,2023-04-14
ORD-102146,Global Leather Chair,Furniture,Chairs,131.91,7,0.1,1.26,14.22,Leslie Powell,Corporate,East,Connecticut,2022-09-28,2022-10-01
ORD-102147,Bush Coat Rack,Furniture,Furnishings,454.79,3,0.4,-134.78,33.43,Isaac Riley DVM,Consumer,Central,Illinois,2022-08-01,2022-08-04
ORD-102148,Maco Labels,Office Supplies,Labels,56.24,9,0.4,-5.27,15.58,Krystal Arias,Consumer,East,Massachusetts,2021-07-30,2021-08-02
ORD-102149,Konica Minolta,Technology,Copiers,252.46,4,0.2,-4.95,12.36,Matthew Jones,Corporate,South,North Carolina,2023-11-26,2023-12-03
ORD-102150,Canon Printer,Technology,Machines,342.22,5,0.0,38.23,24.4,Nathan Jennings,Consumer,Central,Minnesota,2021-05-15,2021-05-18
ORD-102151,Lorell Glass Table,Furniture,Tables,193.11,4,0.1,10.65,22.88,Samantha Hendrix,Consumer,Central,Texas,2022-12-14,2022-12-17
ORD-102152,Canon imageRUNNER,Technology,Copiers,200.82,6,0.1,4.04,8.81,Crystal Williams DVM,Home Office,East,Massachusetts,2023-11-09,2023-11-11
ORD-102153,Konica Minolta,Technology,Copiers,309.2,4,0.0,66.97,30.48,David Hoffman,Home Office,South,Alabama,2022-11-08,2022-11-12
ORD-102154,Acco Staple Remover,Office Supplies,Supplies,83.7,4,0.0,16.47,6.55,Suzanne West,Consumer,South,Mississippi,2022-11-30,2022-12-03
ORD-102155,BIC Cristal Pens,Office Supplies,Art,91.42,7,0.0,12.13,11.27,James Smith,Corporate,West,Utah,2023-01-30,2023-02-04
ORD-102156,Navigator Paper,Office Supplies,Paper,105.83,8,0.3,-0.09,11.16,Kimberly Kelley,Home Office,South,Georgia,2023-08-15,2023-08-20
ORD-102157,Quartet Calendar,Office Supplies,Supplies,76.9,5,0.0,20.79,8.0,William Robinson,Home Office,East,New York,2021-12-08,2021-12-14
ORD-102158,Avery Address Labels,Office Supplies,Labels,53.92,3,0.0,14.9,26.41,Jessica Chapman,Consumer,East,New York,2023-09-12,2023-09-16
ORD-102159,Zebra Label Printer,Technology,Machines,434.72,8,0.3,-33.4,30.37,Rachel Wright,Home Office,West,Colorado,2022-07-25,2022-07-27
ORD-102160,Xerox WorkCentre,Technology,Copiers,406.82,6,0.3,-26.59,22.01,Donna Jones,Consumer,South,Florida,2023-07-05,2023-07-12
ORD-102161,Sharp MX,Technology,Copiers,605.25,1,0.0,76.36,34.37,Frederick Finley,Consumer,West,Washington,2023-07-22,2023-07-25
ORD-102162,Staples Standard Staples,Office Supplies,Fasteners,65.6,8,0.2,7.34,30.16,Stephanie Stevenson,Corporate,South,Louisiana,2021-11-08,2021-11-10
ORD-102163,Motorola Edge,Technology,Phones,314.71,1,0.0,70.82,16.98,Tommy Patterson,Corporate,West,Arizona,2022-01-09,2022-01-11
ORD-102164,Tyvek Mailer,Office Supplies,Envelopes,144.38,1,0.2,5.76,8.48,Laurie Smith,Home Office,East,New York,2022-05-14,2022-05-17
ORD-102165,Expo Dry Erase,Office Supplies,Art,111.8,7,0.0,18.15,20.68,Christopher Vasquez,Corporate,East,New York,2021-05-22,2021-05-25
ORD-102166,Mead Envelopes,Office Supplies,Envelopes,114.15,4,0.0,26.25,18.99,Frederick Moss,Corporate,South,Mississippi,2022-03-04,2022-03-08
ORD-102167,Sanford Markers,Office Supplies,Art,105.14,2,0.3,-5.5,15.48,Kimberly Ryan,Consumer,Central,Minnesota,2022-02-28,2022-03-03
ORD-102168,Fellowes Storage Case,Office Supplies,Storage,36.85,2,0.4,-2.76,29.38,Allison Wells,Consumer,West,Utah,2023-11-01,2023-11-07
ORD-102169,Bush Furniture Bookcase,Furniture,Bookcases,62.39,5,0.3,-9.72,20.24,Cindy Parker,Consumer,West,Oregon,2021-10-12,2021-10-17
ORD-102170,Safco Round Table,Furniture,Tables,422.94,1,0.1,12.52,29.39,Charles Avila,Home Office,East,New York,2021-12-07,2021-12-14
ORD-102171,HP Office Paper,Office Supplies,Paper,152.35,5,0.0,41.33,9.91,Carla Chen,Consumer,East,Connecticut,2021-06-26,2021-06-29
ORD-102172,Xerox Multi-Use Paper,Office Supplies,Paper,69.08,7,0.1,9.77,24.97,Kayla Elliott,Home Office,West,Oregon,2021-08-23,2021-08-26
ORD-102173,Apple iPhone 14,Technology,Phones,402.42,2,0.1,8.41,25.12,Phillip Lewis,Consumer,East,Connecticut,2022-02-16,2022-02-21
ORD-102174,Global Leather Chair,Furniture,Chairs,197.15,2,0.0,14.19,30.72,Joanna Ruiz,Corporate,West,Oregon,2021-01-08,2021-01-13
ORD-102175,Logitech Keyboard,Technology,Accessories,84.2,7,0.1,8.62,11.23,Sheryl Wright,Consumer,Central,Wisconsin,2022-01-04,2022-01-08
ORD-102176,Ergon Chair,Furniture,Chairs,280.11,9,0.0,4.58,31.63,Mary Lambert,Home Office,East,Pennsylvania,2023-05-06,2023-05-09
ORD-102177,OIC Binder Clips,Office Supplies,Fasteners,102.93,2,0.5,-14.84,28.36,Michelle Bell,Consumer,East,Virginia,2022-09-13,2022-09-18
ORD-102178,Bestar Folding Table,Furniture,Tables,337.24,4,0.2,-25.7,26.45,Carrie Owens,Corporate,East,Virginia,2021-06-30,2021-07-01
ORD-102179,Motorola Edge,Technology,Phones,504.63,8,0.5,-93.86,32.9,Carrie Sanchez,Consumer,West,Colorado,2022-08-18,2022-08-25
ORD-102180,Avery Flexi-View,Office Supplies,Binders,99.84,9,0.1,9.86,15.75,Amanda Garcia,Consumer,South,Tennessee,2022-12-31,2023-01-04
ORD-102181,Hon 10500 Table,Furniture,Tables,343.19,1,0.0,54.83,27.54,Jason Pineda,Corporate,West,Nevada,2021-09-14,2021-09-18
ORD-102182,Bestar Folding Table,Furniture,Tables,238.4,9,0.0,48.85,26.65,Daniel Mccoy,Consumer,South,Tennessee,2021-11-27,2021-11-30
ORD-102183,Rubbermaid Cabinet,Furniture,Furnishings,246.92,10,0.0,25.09,15.81,Jessica Hill,Corporate,West,Washington,2022-02-03,2022-02-06
ORD-102184,Global Leather Chair,Furniture,Chairs,229.3,8,0.0,25.49,16.3,Vincent Mcdonald,Corporate,Central,Ohio,2022-05-11,2022-05-16
ORD-102185,HP Wireless Mouse,Technology,Accessories,131.24,1,0.4,-21.96,30.42,Jennifer Moyer,Corporate,Central,Wisconsin,2023-10-13,2023-10-16
ORD-102186,Rubbermaid Cabinet,Furniture,Furnishings,178.95,2,0.5,-52.47,10.33,Cory Pitts,Corporate,South,Alabama,2022-08-19,2022-08-21
ORD-102187,Ergon Chair,Furniture,Chairs,429.33,9,0.1,22.45,13.1,Gregory Simmons,Corporate,South,Florida,2022-12-23,2022-12-28
ORD-102188,Anker Charger,Technology,Accessories,30.53,9,0.4,-1.16,18.76,Daniel Abbott,Corporate,Central,Minnesota,2023-01-10,2023-01-15
ORD-102189,Global Leather Chair,Furniture,Chairs,345.43,1,0.0,21.13,29.65,Stephanie Stevenson,Consumer,East,Virginia,2023-10-04,2023-10-07
ORD-102190,Xerox WorkCentre,Technology,Copiers,435.14,7,0.2,12.54,27.92,Jennifer Ellison,Consumer,South,North Carolina,2021-11-04,2021-11-07
ORD-102191,Jabra Headset,Technology,Accessories,303.3,1,0.0,57.6,33.0,Jason Harrison,Consumer,West,Utah,2021-11-02,2021-11-09
ORD-102192,Ikea BEKANT Desk,Furniture,Tables,237.1,7,0.2,-19.02,19.18,Danny Dodson,Consumer,West,Utah,2021-01-28,2021-02-02
ORD-102193,Bush Furniture Bookcase,Furniture,Bookcases,227.65,1,0.2,-29.97,16.37,Frederick Bond,Corporate,South,Mississippi,2022-06-16,2022-06-20
ORD-102194,OIC Binder Clips,Office Supplies,Fasteners,94.67,5,0.0,23.6,15.16,Tina Williams,Corporate,Central,Michigan,2021-07-08,2021-07-13
ORD-102195,IKEA KALLAX,Furniture,Bookcases,371.79,5,0.0,52.42,22.02,Dean Ortiz,Consumer,Central,Texas,2023-10-07,2023-10-12
ORD-102196,3M Post-it Flags,Office Supplies,Labels,100.38,6,0.2,3.35,30.51,Brandon Marsh,Consumer,West,Utah,2023-05-08,2023-05-11
ORD-102197,Maco Labels,Office Supplies,Labels,116.87,4,0.0,17.78,28.58,Meghan Martin,Consumer,South,Mississippi,2021-11-24,2021-11-29
ORD-102198,Ergon Chair,Furniture,Chairs,201.92,10,0.1,-5.7,24.77,Jacqueline Fisher,Consumer,Central,Texas,2023-08-02,2023-08-05
ORD-102199,Eldon Mobile,Office Supplies,Storage,124.56,1,0.3,3.38,26.83,Carmen Fowler,Corporate,Central,Missouri,2022-05-31,2022-06-03
ORD-102200,Ergon Chair,Furniture,Chairs,368.48,3,0.2,-2.36,10.59,David Martinez,Consumer,West,Arizona,2022-10-16,2022-10-21
ORD-102201,HP Wireless Mouse,Technology,Accessories,269.31,8,0.4,-33.01,31.19,April Howard,Consumer,East,Maryland,2023-07-27,2023-07-29
ORD-102202,Kraft Envelopes,Office Supplies,Envelopes,85.99,7,0.0,22.56,19.82,Dr. Darren Mcneil,Home Office,West,Arizona,2022-10-07,2022-10-10
ORD-102203,Logitech Keyboard,Technology,Accessories,391.56,9,0.0,62.94,16.49,Cory Gibson,Consumer,Central,Ohio,2022-12-21,2022-12-23
ORD-102204,Sharp MX,Technology,Copiers,496.55,4,0.3,-8.04,29.68,Carrie Sanchez,Corporate,Central,Missouri,2022-04-10,2022-04-15
ORD-102205,Avery Heavy Duty Binder,Office Supplies,Binders,68.61,1,0.0,14.88,27.83,Bridget Kirby,Corporate,West,Washington,2022-11-09,2022-11-11
ORD-102206,Staples Standard Staples,Office Supplies,Fasteners,56.13,6,0.0,5.34,5.5,Michael Arroyo,Corporate,South,Mississippi,2023-04-02,2023-04-05
ORD-102207,IKEA KALLAX,Furniture,Bookcases,334.06,7,0.5,-90.05,31.23,Adam Page,Home Office,Central,Ohio,2023-01-15,2023-01-18
ORD-102208,Humanscale Chair,Furniture,Chairs,341.45,4,0.2,-53.77,28.69,Meghan Martin,Home Office,Central,Ohio,2021-06-15,2021-06-19
ORD-102209,Google Pixel 7,Technology,Phones,353.86,7,0.0,24.45,32.85,Michele Hess,Consumer,South,Georgia,2023-05-06,2023-05-08
ORD-102210,Tyvek Mailer,Office Supplies,Envelopes,133.83,3,0.3,-9.94,6.45,Jermaine Wolf,Consumer,West,Utah,2021-06-27,2021-07-01
ORD-102211,Lorell Mirror,Furniture,Furnishings,460.65,7,0.1,31.0,14.48,William Smith,Corporate,West,California,2022-06-12,2022-06-16
ORD-102212,Avery Shipping Labels,Office Supplies,Labels,61.18,1,0.0,9.99,5.1,Alex Walker,Consumer,Central,Illinois,2023-06-03,2023-06-06
ORD-102213,Dixon Ticonderoga Pencils,Office Supplies,Art,101.21,3,0.5,-22.49,10.84,Jermaine Wolf,Consumer,South,Tennessee,2022-11-07,2022-11-11
ORD-102214,Steelcase Leap,Furniture,Chairs,322.3,3,0.0,24.45,19.42,Kimberly Byrd,Home Office,Central,Missouri,2022-04-15,2022-04-20
ORD-102215,Lorell Glass Table,Furniture,Tables,96.26,4,0.0,-1.11,17.65,James Reed,Corporate,West,Utah,2022-05-12,2022-05-15
ORD-102216,Hon 4070 Chair,Furniture,Chairs,337.2,5,0.0,24.25,12.04,Theresa Brown,Corporate,Central,Ohio,2023-01-30,2023-02-02
ORD-102217,Brother Fax Machine,Technology,Machines,321.51,10,0.1,43.34,12.64,Wanda Yang,Corporate,East,New York,2022-02-20,2022-02-24
ORD-102218,Humanscale Chair,Furniture,Chairs,450.81,2,0.4,-105.32,17.78,Carla Chen,Home Office,West,Nevada,2021-08-08,2021-08-11
ORD-102219,Staedtler Pens,Office Supplies,Art,79.1,8,0.0,19.38,21.28,Taylor Sims,Consumer,East,Maryland,2021-11-28,2021-12-02
ORD-102220,Bush Coat Rack,Furniture,Furnishings,147.17,8,0.1,4.59,19.01,Kayla Elliott,Consumer,East,Virginia,2021-11-17,2021-11-19
ORD-102221,Lorell Mirror,Furniture,Furnishings,376.23,10,0.2,-9.78,33.22,Dennis Mason,Corporate,East,Massachusetts,2021-02-25,2021-02-28
ORD-102222,Epson Scanner,Technology,Machines,100.12,1,0.0,14.21,22.45,Joel Simmons,Consumer,Central,Illinois,2021-06-15,2021-06-18
ORD-102223,Global Leather Chair,Furniture,Chairs,204.61,3,0.1,5.11,20.67,Adam Johnson,Consumer,Central,Wisconsin,2023-12-03,2023-12-06
ORD-102224,Motorola Edge,Technology,Phones,486.92,5,0.1,85.13,31.36,Jessica Smith,Corporate,East,Connecticut,2023-07-16,2023-07-21
ORD-102225,Belkin USB Hub,Technology,Accessories,330.81,2,0.4,-54.54,32.03,Crystal Johnson,Corporate,South,Alabama,2022-12-14,2022-12-17
ORD-102226,Canon Printer,Technology,Machines,593.95,2,0.1,68.2,19.19,William Smith,Consumer,West,Washington,2021-09-28,2021-10-01
ORD-102227,Safco Round Table,Furniture,Tables,462.12,4,0.2,-21.06,14.32,Kerry Jackson,Consumer,West,Washington,2021-01-06,2021-01-08
ORD-102228,Rubbermaid Tote,Office Supplies,Storage,52.97,10,0.2,-0.35,22.43,Jessica Hill,Consumer,South,Mississippi,2023-03-04,2023-03-08
ORD-102229,Staples Copy Paper,Office Supplies,Paper,40.35,3,0.0,10.21,4.43,Crystal Williams DVM,Consumer,Central,Wisconsin,2023-09-08,2023-09-15
ORD-102230,Avery Heavy Duty Binder,Office Supplies,Binders,128.04,4,0.0,40.01,15.42,Donna Jones,Consumer,South,Florida,2021-09-23,2021-09-25
ORD-102231,Kraft Envelopes,Office Supplies,Envelopes,116.98,6,0.0,32.54,8.31,Jeremy Cervantes,Consumer,West,Washington,2021-02-26,2021-03-03
ORD-102232,Acco Binder Clips,Office Supplies,Fasteners,71.44,3,0.2,0.16,13.72,Christian Walker,Consumer,Central,Ohio,2021-06-14,2021-06-18
ORD-102233,Quartet Calendar,Office Supplies,Supplies,117.2,2,0.2,9.48,23.59,Joshua Bush,Consumer,South,Florida,2023-03-09,2023-03-14
ORD-102234,Canon imageRUNNER,Technology,Copiers,427.19,7,0.4,-51.53,23.44,Barbara Barber,Consumer,Central,Michigan,2023-10-22,2023-10-25
ORD-102235,Advantus Ring Binder,Furniture,Furnishings,348.78,8,0.2,1.46,32.2,Kara Davis,Consumer,South,Florida,2022-03-25,2022-03-31
ORD-102236,Zebra Label Printer,Technology,Machines,617.2,7,0.0,127.89,26.8,Michael Hughes,Consumer,East,New Jersey,2021-04-06,2021-04-08
ORD-102237,Avery Heavy Duty Binder,Office Supplies,Binders,117.07,3,0.2,10.03,8.1,Rebecca Rubio,Corporate,South,Tennessee,2022-03-24,2022-03-25
ORD-102238,Sharp MX,Technology,Copiers,336.21,5,0.1,46.34,32.45,Emily Copeland,Home Office,South,Georgia,2022-01-16,2022-01-19
ORD-102239,Bush Coat Rack,Furniture,Furnishings,142.66,9,0.3,-12.45,12.1,Stephen Curtis,Consumer,South,Florida,2023-03-07,2023-03-10
ORD-102240,Jabra Headset,Technology,Accessories,218.88,10,0.5,-45.03,27.54,Karen Charles,Home Office,West,Colorado,2021-02-27,2021-03-02
ORD-102241,Cardinal Binder,Office Supplies,Binders,62.96,5,0.0,15.59,28.77,Erika Marshall,Consumer,South,Florida,2021-10-24,2021-10-29
ORD-102242,Staedtler Pens,Office Supplies,Art,88.91,3,0.1,5.36,12.36,Kimberly Cooper,Corporate,East,New York,2021-04-13,2021-04-16
ORD-102243,Google Pixel 7,Technology,Phones,477.31,6,0.2,-4.25,26.74,Vincent Mcdonald,Consumer,South,Louisiana,2021-09-12,2021-09-16
ORD-102244,Fiskars Scissors,Office Supplies,Supplies,118.2,3,0.4,-11.81,9.0,David Barrett,Corporate,South,Alabama,2023-12-03,2023-12-07
ORD-102245,Ricoh Aficio,Technology,Copiers,473.27,9,0.2,-13.19,30.36,Patrick Hardin,Corporate,South,North Carolina,2023-10-02,2023-10-04
ORD-102246,Realspace Bookcase,Furniture,Bookcases,239.28,2,0.0,18.44,20.23,Alyssa Cook,Home Office,West,California,2021-01-20,2021-01-23
ORD-102247,Hon 10500 Table,Furniture,Tables,412.8,4,0.1,42.88,26.39,Robert Foster,Corporate,East,Massachusetts,2023-01-21,2023-01-26
ORD-102248,Avery Shipping Labels,Office Supplies,Labels,64.23,1,0.0,17.59,9.88,Rhonda Allen,Corporate,East,Massachusetts,2021-05-26,2021-05-28
ORD-102249,Rubbermaid Cabinet,Furniture,Furnishings,49.64,2,0.0,2.0,25.66,Kimberly Cooper,Corporate,West,Utah,2021-01-27,2021-01-30
ORD-102250,Logitech Keyboard,Technology,Accessories,256.6,5,0.1,8.31,28.5,Laurie Smith,Home Office,South,Alabama,2022-02-03,2022-02-06
ORD-102251,Xerox Multi-Use Paper,Office Supplies,Paper,39.33,5,0.0,9.46,24.75,Carmen Fowler,Consumer,South,Louisiana,2021-04-03,2021-04-06
ORD-102252,Avery Shipping Labels,Office Supplies,Labels,83.15,4,0.2,6.57,8.82,Joanna Ruiz,Consumer,East,Pennsylvania,2023-10-29,2023-11-01
ORD-102253,Avery Flexi-View,Office Supplies,Binders,112.1,6,0.1,17.18,28.95,Cory Gibson,Home Office,Central,Illinois,2022-10-22,2022-10-27
ORD-102254,Sanford Markers,Office Supplies,Art,111.05,2,0.2,6.28,15.89,Isaac Riley DVM,Consumer,West,Colorado,2022-06-05,2022-06-10
ORD-102255,HP Wireless Mouse,Technology,Accessories,220.08,7,0.0,51.25,8.83,Meghan Martin,Consumer,Central,Ohio,2022-06-19,2022-06-22
ORD-102256,AT-A-GLANCE Planner,Office Supplies,Supplies,71.15,10,0.0,12.32,20.28,Douglas Rodriguez,Corporate,South,Alabama,2022-05-12,2022-05-13
ORD-102257,Acco Staple Remover,Office Supplies,Supplies,84.31,2,0.1,7.96,21.86,Joel Simmons,Consumer,Central,Wisconsin,2022-09-19,2022-09-22
ORD-102258,Avery Flexi-View,Office Supplies,Binders,76.64,4,0.5,-12.48,17.24,Jessica Smith,Consumer,South,Alabama,2022-01-21,2022-01-24
ORD-102259,Ikea BEKANT Desk,Furniture,Tables,351.8,1,0.2,-36.9,14.9,Andrew Salazar,Consumer,South,Louisiana,2023-05-29,2023-06-01
ORD-102260,Advantus Binder Clips,Office Supplies,Fasteners,74.39,4,0.0,20.36,10.82,Robert Foster,Home Office,West,Utah,2021-09-29,2021-10-03
ORD-102261,Motorola Edge,Technology,Phones,489.42,5,0.0,138.87,39.39,Connie Rios,Consumer,Central,Ohio,2022-10-03,2022-10-06
ORD-102262,Canon Printer,Technology,Machines,598.82,2,0.2,46.24,28.87,Jeffrey Golden,Consumer,Central,Michigan,2021-03-05,2021-03-07
ORD-102263,Sauder Bookcase,Furniture,Bookcases,143.46,4,0.2,-3.13,22.61,Michelle Hansen MD,Consumer,Central,Illinois,2021-05-14,2021-05-21
ORD-102264,IKEA KALLAX,Furniture,Bookcases,303.63,10,0.0,22.0,33.62,Deborah Warren,Home Office,West,Oregon,2021-05-14,2021-05-19
ORD-102265,Apple iPhone 14,Technology,Phones,436.88,3,0.2,29.38,27.77,Frederick Finley,Consumer,West,Oregon,2022-01-02,2022-01-05
ORD-102266,Maco Labels,Office Supplies,Labels,106.03,7,0.1,10.19,26.06,Stephen Reyes,Consumer,South,Louisiana,2021-12-26,2021-12-27
ORD-102267,Ergon Chair,Furniture,Chairs,399.1,4,0.2,-36.67,11.42,Jerry Curtis,Home Office,Central,Illinois,2022-12-12,2022-12-15
ORD-102268,Bush Furniture Bookcase,Furniture,Bookcases,336.0,9,0.2,-25.26,17.01,Joel Simmons,Consumer,Central,Illinois,2022-04-18,2022-04-23
ORD-102269,Belkin USB Hub,Technology,Accessories,374.98,9,0.0,81.86,34.87,Leslie Powell,Consumer,Central,Texas,2022-01-27,2022-01-30
ORD-102270,IKEA KALLAX,Furniture,Bookcases,185.18,3,0.0,36.53,23.45,Jason Harrison,Consumer,West,Oregon,2022-06-06,2022-06-10
ORD-102271,Rubbermaid Cabinet,Furniture,Furnishings,91.47,10,0.3,-15.54,9.23,Jennifer Ellison,Home Office,West,Oregon,2021-10-01,2021-10-05
ORD-102272,OIC Binder Clips,Office Supplies,Fasteners,101.85,5,0.0,25.38,13.75,Mary Meza,Corporate,East,Pennsylvania,2023-12-08,2023-12-13
ORD-102273,Sauder Bookcase,Furniture,Bookcases,297.94,9,0.0,28.94,9.97,Kerry Jackson,Consumer,Central,Michigan,2021-07-16,2021-07-21
ORD-102274,Advantus Ring Binder,Furniture,Furnishings,359.27,7,0.1,3.03,21.89,Barbara Barber,Corporate,Central,Ohio,2022-11-28,2022-12-01
ORD-102275,OIC Binder Clips,Office Supplies,Fasteners,134.58,1,0.4,-7.81,29.09,Tommy Patterson,Corporate,East,Massachusetts,2023-07-11,2023-07-15
ORD-102276,HP LaserJet,Technology,Machines,549.65,9,0.0,72.38,39.68,Jamie Pierce,Consumer,South,Florida,2023-06-07,2023-06-11
ORD-102277,Realspace Bookcase,Furniture,Bookcases,300.47,2,0.1,1.5,22.65,Carla Chen,Consumer,South,Louisiana,2023-07-07,2023-07-09
ORD-102278,IKEA KALLAX,Furniture,Bookcases,189.33,6,0.2,-7.95,24.06,Allison Wells,Consumer,West,Washington,2021-02-10,2021-02-14
ORD-102279,IKEA KALLAX,Furniture,Bookcases,245.48,7,0.3,-26.32,23.48,Jacqueline Fisher,Consumer,East,Maryland,2023-06-10,2023-06-14
ORD-102280,Safco Round Table,Furniture,Tables,181.58,8,0.3,-9.81,21.13,Carol Wilson,Corporate,West,Utah,2022-04-15,2022-04-18
ORD-102281,Wilson Jones Binder,Office Supplies,Binders,61.32,4,0.1,9.26,27.75,Adam Johnson,Consumer,East,Virginia,2021-12-10,2021-12-15
ORD-102282,Ricoh Aficio,Technology,Copiers,536.7,9,0.2,-4.58,29.2,Stephanie Ramirez,Consumer,East,Maryland,2023-10-02,2023-10-05
ORD-102283,Rubbermaid Tote,Office Supplies,Storage,117.28,2,0.0,18.59,7.49,Kayla Hooper,Consumer,Central,Minnesota,2023-04-14,2023-04-19
ORD-102284,Sauder Bookcase,Furniture,Bookcases,484.25,6,0.0,48.77,36.13,Taylor Sims,Corporate,West,California,2021-10-17,2021-10-20
ORD-102285,Eldon Shelf,Furniture,Furnishings,238.43,1,0.4,-56.02,27.95,Robert Allen,Consumer,West,Nevada,2023-09-30,2023-10-03
ORD-102286,Avery Shipping Labels,Office Supplies,Labels,115.89,4,0.0,22.11,19.82,Kenneth Lynch,Corporate,Central,Michigan,2022-03-18,2022-03-21
ORD-102287,Eldon Shelf,Furniture,Furnishings,220.08,8,0.4,-50.86,30.03,Jennifer Wilson,Home Office,South,Louisiana,2021-11-05,2021-11-07
ORD-102288,Quartet Calendar,Office Supplies,Supplies,52.34,7,0.0,16.28,14.64,Jeremy Thomas,Corporate,South,Georgia,2023-07-04,2023-07-07
ORD-102289,Lorell Mirror,Furniture,Furnishings,242.03,10,0.0,34.27,15.59,Jose Jones,Consumer,Central,Missouri,2022-10-04,2022-10-08
ORD-102290,Staples Standard Envelopes,Office Supplies,Envelopes,96.7,5,0.4,-14.43,28.4,Taylor Johnson,Consumer,Central,Missouri,2022-05-06,2022-05-12
ORD-102291,Rubbermaid Cabinet,Furniture,Furnishings,309.29,8,0.1,18.31,18.76,Jennifer Ellison,Home Office,East,New Jersey,2022-05-07,2022-05-10
ORD-102292,Sauder Bookcase,Furniture,Bookcases,287.41,4,0.0,45.89,24.63,Allison Wells,Corporate,East,New Jersey,2022-09-24,2022-09-28
ORD-102293,Canon Printer,Technology,Machines,573.44,3,0.0,129.57,22.31,Dr. Kevin Martin,Consumer,South,North Carolina,2021-03-08,2021-03-12
ORD-102294,Realspace Bookcase,Furniture,Bookcases,254.84,4,0.3,-49.44,11.61,Daniel Abbott,Consumer,Central,Texas,2022-06-24,2022-06-27
ORD-102295,Apple iPhone 14,Technology,Phones,311.83,2,0.0,59.19,29.1,Cory Pitts,Consumer,Central,Michigan,2023-04-23,2023-04-26
ORD-102296,Tyvek Mailer,Office Supplies,Envelopes,107.47,10,0.1,3.38,15.93,William Robinson,Corporate,East,New York,2022-09-23,2022-09-27
ORD-102297,Motorola Edge,Technology,Phones,408.7,7,0.1,44.1,19.6,Michael Nelson,Home Office,West,Colorado,2022-10-06,2022-10-13
ORD-102298,Ergon Chair,Furniture,Chairs,276.69,5,0.2,1.26,28.33,William Harrington,Consumer,South,Alabama,2022-09-20,2022-09-23
ORD-102299,Eldon Mobile,Office Supplies,Storage,103.5,3,0.0,29.55,14.33,Samantha Smith,Corporate,West,Colorado,2023-04-23,2023-04-26
ORD-102300,Wilson Jones Binder,Office Supplies,Binders,83.09,1,0.2,8.88,20.17,Lisa Christensen,Consumer,West,Colorado,2023-02-07,2023-02-08
ORD-102301,HP Office Paper,Office Supplies,Paper,142.32,10,0.1,29.26,10.56,James Gomez,Consumer,Central,Missouri,2022-01-16,2022-01-19
ORD-102302,Samsung Galaxy S22,Technology,Phones,235.26,5,0.1,20.54,19.88,John Burgess,Consumer,East,Connecticut,2021-11-15,2021-11-17
ORD-102303,Steelcase Leap,Furniture,Chairs,268.58,3,0.0,33.43,16.45,Carla Chen,Corporate,South,Louisiana,2022-05-14,2022-05-17
ORD-102304,HP LaserJet,Technology,Machines,519.82,4,0.3,-52.99,26.38,Rhonda Allen,Consumer,Central,Ohio,2022-09-12,2022-09-17
ORD-102305,Deflect-o Stackable,Office Supplies,Storage,92.17,5,0.0,10.97,7.28,Vincent Mcdonald,Home Office,Central,Missouri,2022-04-08,2022-04-13
ORD-102306,Logitech Keyboard,Technology,Accessories,640.71,5,0.4,-106.11,42.02,Stephanie Stevenson,Corporate,West,Oregon,2022-02-21,2022-02-27
ORD-102307,HP Wireless Mouse,Technology,Accessories,418.94,8,0.1,35.41,20.23,Brittany Joyce,Consumer,Central,Wisconsin,2022-10-14,2022-10-18
ORD-102308,Global Leather Chair,Furniture,Chairs,447.52,2,0.0,-18.74,21.27,Patrick Brown,Consumer,South,North Carolina,2021-04-29,2021-05-04
ORD-102309,Nokia 5310,Technology,Phones,407.34,2,0.1,38.58,30.49,Cory Pitts,Corporate,West,Oregon,2021-12-31,2022-01-03
ORD-102310,Wilson Jones Binder,Office Supplies,Binders,75.48,5,0.4,-1.03,7.29,Danny Dodson,Consumer,South,Georgia,2021-03-26,2021-03-30
ORD-102311,Avery Address Labels,Office Supplies,Labels,61.61,3,0.1,11.0,9.45,Meghan Martin,Consumer,East,Pennsylvania,2023-01-28,2023-02-01
ORD-102312,Xerox WorkCentre,Technology,Copiers,467.0,6,0.0,113.52,13.8,Carmen Fowler,Consumer,West,Washington,2021-07-05,2021-07-12
ORD-102313,Motorola Edge,Technology,Phones,303.25,2,0.2,-5.05,11.76,Patricia Hammond,Consumer,Central,Illinois,2021-05-09,2021-05-12
ORD-102314,Fellowes Storage Case,Office Supplies,Storage,125.07,8,0.1,20.17,28.17,Jonathan Baker,Corporate,Central,Wisconsin,2021-04-08,2021-04-12
ORD-102315,Jiffy Mailer,Office Supplies,Envelopes,40.56,10,0.1,4.58,7.63,Cory Gibson,Corporate,East,Virginia,2023-06-05,2023-06-08
ORD-102316,Canon Printer,Technology,Machines,471.82,7,0.5,-84.04,22.71,Nicole Jimenez,Consumer,East,New York,2022-07-01,2022-07-04
ORD-102317,Dixon Ticonderoga Pencils,Office Supplies,Art,68.26,7,0.1,-0.39,15.64,Samantha West,Home Office,Central,Texas,2021-07-11,2021-07-12
ORD-102318,Google Pixel 7,Technology,Phones,493.72,10,0.1,19.25,23.17,Christina Smith,Consumer,Central,Wisconsin,2023-10-29,2023-11-04
ORD-102319,Zebra Label Printer,Technology,Machines,87.23,10,0.0,3.35,22.62,Karen Charles,Consumer,East,Maryland,2021-10-27,2021-10-28
ORD-102320,Memorex Tape,Office Supplies,Supplies,116.05,8,0.4,-10.86,12.54,Susan Hamilton,Consumer,West,Washington,2022-12-22,2022-12-25
ORD-102321,Staples Standard Staples,Office Supplies,Fasteners,82.78,2,0.0,23.96,9.68,Michelle Hansen MD,Consumer,South,Florida,2022-11-27,2022-12-01
ORD-102322,Xerox Multi-Use Paper,Office Supplies,Paper,110.39,5,0.1,24.38,9.89,Crystal Johnson,Home Office,South,Florida,2021-04-02,2021-04-05
ORD-102323,IKEA KALLAX,Furniture,Bookcases,142.87,10,0.5,-43.11,6.98,Ebony Adams,Consumer,South,North Carolina,2022-01-08,2022-01-11
ORD-102324,Zebra Label Printer,Technology,Machines,151.33,2,0.4,-22.92,14.92,Jeffery Rogers,Consumer,South,Louisiana,2021-02-17,2021-02-20
ORD-102325,Sharp MX,Technology,Copiers,370.22,7,0.2,19.0,35.01,Dennis Mason,Home Office,South,Louisiana,2022-12-27,2022-12-30
ORD-102326,Humanscale Chair,Furniture,Chairs,315.47,2,0.5,-84.81,30.89,Jennifer Ellison,Home Office,West,Washington,2022-05-02,2022-05-04
ORD-102327,Zebra Label Printer,Technology,Machines,522.55,10,0.2,66.75,19.24,Robert Harris,Corporate,Central,Wisconsin,2022-02-01,2022-02-05
ORD-102328,HP LaserJet,Technology,Machines,359.55,10,0.0,47.8,12.17,Carla Park,Consumer,Central,Wisconsin,2021-02-04,2021-02-07
ORD-102329,HP Office Paper,Office Supplies,Paper,97.87,4,0.1,9.78,28.79,Jason Harrison,Consumer,West,Oregon,2021-09-07,2021-09-10
ORD-102330,Staples Standard Envelopes,Office Supplies,Envelopes,137.42,1,0.3,-4.69,12.66,Alex Walker,Corporate,West,Colorado,2023-04-18,2023-04-21
ORD-102331,Rubbermaid Cabinet,Furniture,Furnishings,242.13,6,0.3,-39.6,33.2,Rhonda Allen,Corporate,South,Louisiana,2023-11-12,2023-11-17
ORD-102332,HP Wireless Mouse,Technology,Accessories,524.95,4,0.0,90.35,23.58,Jennifer Cardenas,Corporate,East,Virginia,2022-01-16,2022-01-21
ORD-102333,Realspace Bookcase,Furniture,Bookcases,233.0,8,0.4,-31.86,24.92,Mary Meza,Home Office,Central,Wisconsin,2021-03-27,2021-03-30
ORD-102334,Acco Binder Clips,Office Supplies,Fasteners,62.6,10,0.0,13.88,19.77,Lisa Joyce,Home Office,West,Nevada,2023-10-26,2023-10-27
ORD-102335,Logitech Keyboard,Technology,Accessories,514.37,10,0.2,-31.67,38.23,Laurie Smith,Home Office,South,North Carolina,2022-11-17,2022-11-19
ORD-102336,Advantus Binder Clips,Office Supplies,Fasteners,105.37,7,0.2,0.76,31.64,Jennifer Cardenas,Corporate,East,Maryland,2023-09-28,2023-10-01
ORD-102337,Hon 4070 Chair,Furniture,Chairs,408.73,5,0.2,-44.2,20.78,Erika Marshall,Consumer,South,Tennessee,2021-11-17,2021-11-20
ORD-102338,Rubbermaid Cabinet,Furniture,Furnishings,393.13,10,0.1,29.6,36.12,Brian Williams,Consumer,East,Connecticut,2022-10-14,2022-10-16
ORD-102339,Anker Charger,Technology,Accessories,547.83,4,0.3,-25.99,16.27,Nicole Gomez,Home Office,West,California,2021-01-17,2021-01-23
ORD-102340,Dixon Ticonderoga Pencils,Office Supplies,Art,82.6,9,0.3,-4.03,10.46,Lisa Joyce,Consumer,Central,Texas,2022-11-02,2022-11-06
ORD-102341,Ergon Chair,Furniture,Chairs,486.52,2,0.3,-85.13,36.34,Jasmine Anderson,Corporate,Central,Michigan,2021-12-09,2021-12-12
ORD-102342,3M Post-it Flags,Office Supplies,Labels,56.81,4,0.1,9.84,10.67,Cindy Parker,Home Office,East,New York,2021-03-10,2021-03-13
ORD-102343,Memorex Tape,Office Supplies,Supplies,64.52,1,0.0,11.13,20.11,Cheryl Banks,Consumer,Central,Ohio,2023-12-16,2023-12-19
ORD-102344,Fiskars Scissors,Office Supplies,Supplies,43.8,3,0.0,8.58,12.86,Tina Williams,Corporate,South,Louisiana,2023-03-16,2023-03-17
ORD-102345,Stanley Staple Gun,Office Supplies,Fasteners,87.35,9,0.3,-0.69,14.17,Shawn Martinez,Corporate,East,New York,2022-02-27,2022-03-02
ORD-102346,Staedtler Pens,Office Supplies,Art,120.44,6,0.5,-18.51,24.92,Nathaniel Wade,Consumer,Central,Wisconsin,2023-06-30,2023-07-04
ORD-102347,Quartet Calendar,Office Supplies,Supplies,83.89,2,0.4,-9.22,15.11,Keith Lewis,Consumer,Central,Missouri,2022-03-22,2022-03-26
ORD-102348,Tyvek Mailer,Office Supplies,Envelopes,106.33,7,0.0,30.16,20.28,Frederick Bond,Corporate,South,Louisiana,2023-05-04,2023-05-07
ORD-102349,Ibico MB,Office Supplies,Binders,94.04,8,0.0,18.48,6.73,Janet King,Corporate,East,Connecticut,2021-02-15,2021-02-20
ORD-102350,BIC Cristal Pens,Office Supplies,Art,58.23,10,0.1,3.94,18.2,Michael Nelson,Consumer,West,Colorado,2022-07-22,2022-07-25
ORD-102351,Fiskars Scissors,Office Supplies,Supplies,111.32,6,0.1,18.8,6.22,Jerome Walker,Consumer,South,Tennessee,2022-05-16,2022-05-20
ORD-102352,Bush Furniture Bookcase,Furniture,Bookcases,379.28,9,0.1,5.15,23.89,Matthew Compton,Home Office,Central,Texas,2021-02-08,2021-02-11
ORD-102353,Dixon Ticonderoga Pencils,Office Supplies,Art,135.02,8,0.1,15.63,31.34,Anthony Conley,Corporate,East,Virginia,2022-11-20,2022-11-25
ORD-102354,Anker Charger,Technology,Accessories,562.84,1,0.0,100.22,39.9,Mark Chapman,Consumer,South,Tennessee,2022-05-09,2022-05-12
ORD-102355,Stanley Staple Gun,Office Supplies,Fasteners,70.53,9,0.1,11.96,9.08,Elizabeth Landry,Corporate,Central,Texas,2022-06-01,2022-06-04
ORD-102356,Rubbermaid Cabinet,Furniture,Furnishings,359.16,5,0.0,42.33,24.6,Dominique Salinas,Consumer,East,Pennsylvania,2023-01-19,2023-01-22
ORD-102357,Staples Standard Envelopes,Office Supplies,Envelopes,92.6,6,0.0,20.2,5.33,Krystal Arias,Consumer,West,Utah,2023-02-06,2023-02-09
ORD-102358,Rubbermaid Cabinet,Furniture,Furnishings,596.6,3,0.3,-48.2,39.5,Crystal Johnson,Consumer,East,Maryland,2022-12-06,2022-12-09
ORD-102359,Jabra Headset,Technology,Accessories,525.65,8,0.0,97.56,14.01,Taylor Hall,Consumer,West,Washington,2022-06-22,2022-06-26
ORD-102360,Memorex Tape,Office Supplies,Supplies,122.23,4,0.5,-18.84,8.81,Eric Hood,Home Office,Central,Wisconsin,2021-07-28,2021-07-31
ORD-102361,Ergon Chair,Furniture,Chairs,313.14,7,0.0,26.56,21.72,Samantha Smith,Home Office,West,Nevada,2022-12-17,2022-12-21
ORD-102362,Hon 4070 Chair,Furniture,Chairs,300.29,1,0.3,-89.64,20.84,Antonio Yates,Corporate,South,North Carolina,2022-01-27,2022-01-31
ORD-102363,Prepac Bookcase,Furniture,Bookcases,335.27,9,0.0,25.34,28.06,Ryan Koch,Corporate,East,Massachusetts,2021-03-14,2021-03-20
ORD-102364,HP LaserJet,Technology,Machines,664.83,7,0.1,67.13,34.57,Trevor Martinez,Corporate,West,Colorado,2023-03-26,2023-04-01
ORD-102365,Acco Staple Remover,Office Supplies,Supplies,51.95,10,0.1,7.14,17.24,Jennifer Cardenas,Corporate,Central,Wisconsin,2022-12-24,2022-12-31
ORD-102366,Safco Round Table,Furniture,Tables,184.47,2,0.3,-21.46,23.22,Karen Charles,Consumer,East,Pennsylvania,2023-07-20,2023-07-22
ORD-102367,Ricoh Aficio,Technology,Copiers,456.55,7,0.1,67.52,30.29,April Howard,Corporate,West,Nevada,2021-06-02,2021-06-05
ORD-102368,Deflect-o Stackable,Office Supplies,Storage,64.69,4,0.2,3.99,27.36,Jennifer Ellison,Consumer,East,Maryland,2022-04-06,2022-04-09
ORD-102369,3M Post-it Flags,Office Supplies,Labels,46.32,7,0.3,0.7,17.8,Shawn Martinez,Consumer,South,Mississippi,2021-01-23,2021-01-27
ORD-102370,Rubbermaid Tote,Office Supplies,Storage,106.6,2,0.0,26.09,18.81,Mary Martin,Corporate,South,Mississippi,2022-12-03,2022-12-05
ORD-102371,Avery Heavy Duty Binder,Office Supplies,Binders,90.05,3,0.0,21.68,21.72,Stephanie Stevenson,Consumer,West,Colorado,2023-12-08,2023-12-11
ORD-102372,Xerox WorkCentre,Technology,Copiers,666.69,10,0.3,-49.5,20.3,Lisa Graves,Consumer,East,Connecticut,2021-12-07,2021-12-10
ORD-102373,Fellowes Storage Case,Office Supplies,Storage,94.44,7,0.4,-14.57,23.79,Christopher Gibbs,Corporate,South,North Carolina,2022-11-14,2022-11-19
ORD-102374,Acco Binder Clips,Office Supplies,Fasteners,62.22,6,0.0,13.99,14.56,Patricia Hammond,Corporate,East,New York,2022-01-06,2022-01-09
ORD-102375,Staples Standard Envelopes,Office Supplies,Envelopes,125.33,2,0.2,5.91,11.35,Jessica Scott,Corporate,East,Pennsylvania,2023-07-11,2023-07-13
ORD-102376,OIC Binder Clips,Office Supplies,Fasteners,82.45,3,0.0,16.46,6.66,Christopher Vasquez,Consumer,East,New Jersey,2023-05-29,2023-06-02
ORD-102377,Canon Printer,Technology,Machines,324.44,9,0.0,63.18,20.0,Carla Park,Consumer,East,New York,2023-12-06,2023-12-09
ORD-102378,Rubbermaid Cabinet,Furniture,Furnishings,130.33,1,0.5,-30.75,23.46,Matthew Molina,Consumer,South,Tennessee,2022-02-05,2022-02-06
ORD-102379,Maco Labels,Office Supplies,Labels,68.71,1,0.1,12.1,22.04,Jose Jones,Corporate,South,Georgia,2023-09-17,2023-09-20
ORD-102380,Google Pixel 7,Technology,Phones,206.8,9,0.0,44.14,8.47,Kara Davis,Consumer,West,California,2021-05-15,2021-05-19
ORD-102381,Ikea BEKANT Desk,Furniture,Tables,390.63,5,0.2,-15.93,32.3,Dr. David Hoover,Corporate,West,Utah,2022-09-06,2022-09-08
ORD-102382,Ergon Chair,Furniture,Chairs,190.67,10,0.2,-9.06,17.26,Lisa Christensen,Consumer,East,Massachusetts,2022-06-10,2022-06-14
ORD-102383,Eldon Shelf,Furniture,Furnishings,168.03,10,0.1,1.24,7.79,Melissa Newton,Consumer,West,Oregon,2022-05-28,2022-06-02
ORD-102384,Global Leather Chair,Furniture,Chairs,433.53,8,0.5,-112.79,24.15,Michael Hughes,Consumer,South,Alabama,2021-05-22,2021-05-26
ORD-102385,Ikea BEKANT Desk,Furniture,Tables,311.82,6,0.5,-108.74,20.08,Joseph Rodriguez,Home Office,West,Colorado,2021-12-25,2021-12-27
ORD-102386,Nokia 5310,Technology,Phones,513.29,1,0.0,92.89,36.03,Daniel Mccoy,Corporate,South,North Carolina,2021-01-08,2021-01-10
ORD-102387,Avery Shipping Labels,Office Supplies,Labels,15.75,1,0.1,2.82,15.43,Jessica Chapman,Corporate,Central,Texas,2022-04-20,2022-04-22
ORD-102388,IKEA KALLAX,Furniture,Bookcases,307.09,2,0.0,49.17,13.54,Karen Charles,Consumer,South,Alabama,2022-10-31,2022-11-05
ORD-102389,Cardinal Binder,Office Supplies,Binders,54.95,6,0.1,-1.03,21.24,Rebecca Lewis,Consumer,West,Washington,2021-06-16,2021-06-19
ORD-102390,Anker Charger,Technology,Accessories,454.65,2,0.3,-20.65,30.97,Alex Walker,Consumer,South,Florida,2023-09-15,2023-09-19
ORD-102391,Eldon Shelf,Furniture,Furnishings,107.12,1,0.0,5.47,31.15,Christina Smith,Consumer,Central,Illinois,2022-01-29,2022-01-30
ORD-102392,Brother Fax Machine,Technology,Machines,850.83,2,0.3,-64.05,32.26,Adam Page,Consumer,West,Nevada,2022-06-03,2022-06-07
ORD-102393,Sterilite Storage Box,Office Supplies,Storage,113.39,6,0.4,-15.03,22.98,Joseph Thomas,Consumer,East,Massachusetts,2023-04-07,2023-04-10
ORD-102394,Avery Address Labels,Office Supplies,Labels,23.11,4,0.0,4.89,19.13,April Howard,Consumer,South,Mississippi,2023-07-21,2023-07-25
ORD-102395,Fiskars Scissors,Office Supplies,Supplies,81.5,2,0.3,-3.26,12.79,Janice Webb,Home Office,South,North Carolina,2023-05-11,2023-05-15
ORD-102396,OIC Binder Clips,Office Supplies,Fasteners,86.33,6,0.0,20.13,27.85,Deborah Warren,Consumer,West,Utah,2022-07-30,2022-08-04
ORD-102397,HP LaserJet,Technology,Machines,385.98,2,0.0,45.08,23.79,Brittany Joyce,Consumer,Central,Missouri,2022-08-16,2022-08-18
ORD-102398,Jiffy Mailer,Office Supplies,Envelopes,105.56,9,0.1,4.49,17.42,Timothy Ford,Consumer,Central,Michigan,2023-08-27,2023-08-30
ORD-102399,Prepac Bookcase,Furniture,Bookcases,63.96,4,0.1,3.64,20.72,Timothy Robertson,Home Office,Central,Ohio,2021-12-07,2021-12-10
ORD-102400,Realspace Bookcase,Furniture,Bookcases,370.84,7,0.0,36.02,24.44,Michael Arroyo,Consumer,East,Virginia,2022-06-13,2022-06-19
ORD-102401,Lorell Mirror,Furniture,Furnishings,142.55,1,0.3,-25.0,11.39,Sherri Holmes,Corporate,South,Tennessee,2023-04-20,2023-04-25
ORD-102402,Sharp MX,Technology,Copiers,367.96,2,0.2,-22.0,12.66,Sheryl Wright,Home Office,West,Colorado,2023-04-13,2023-04-15
ORD-102403,Cardinal Binder,Office Supplies,Binders,66.35,7,0.1,11.45,28.65,John Burgess,Consumer,South,Georgia,2023-06-16,2023-06-21
ORD-102404,Belkin USB Hub,Technology,Accessories,638.37,5,0.0,101.52,16.38,Brandon Marsh,Consumer,East,Virginia,2021-12-10,2021-12-13
ORD-102405,Eldon Mobile,Office Supplies,Storage,114.21,7,0.2,-4.08,22.95,Eric Chandler,Consumer,Central,Wisconsin,2023-04-02,2023-04-07
ORD-102406,Rubbermaid Cabinet,Furniture,Furnishings,389.13,9,0.0,23.27,23.81,Jeremy Thomas,Consumer,West,Arizona,2022-01-26,2022-01-29
ORD-102407,IKEA KALLAX,Furniture,Bookcases,346.88,4,0.0,30.39,35.91,Janice Webb,Corporate,Central,Ohio,2021-04-10,2021-04-11
ORD-102408,Epson Scanner,Technology,Machines,621.27,6,0.0,84.67,27.42,Brandon Morse,Corporate,Central,Texas,2023-12-02,2023-12-07
ORD-102409,Humanscale Chair,Furniture,Chairs,385.31,9,0.0,33.15,29.03,Joshua Bush,Corporate,South,Alabama,2022-09-12,2022-09-19
ORD-102410,Bestar Folding Table,Furniture,Tables,291.0,1,0.4,-66.7,11.33,Crystal Williams DVM,Home Office,East,Pennsylvania,2021-03-28,2021-03-31
ORD-102411,Avery Shipping Labels,Office Supplies,Labels,62.94,9,0.3,-1.3,8.56,Jacqueline Yang,Home Office,West,Arizona,2022-10-30,2022-11-03
ORD-102412,Wilson Jones Binder,Office Supplies,Binders,88.0,7,0.0,20.42,26.83,Samantha Hernandez,Consumer,West,Utah,2023-11-30,2023-12-03
ORD-102413,IKEA KALLAX,Furniture,Bookcases,320.14,3,0.1,19.18,23.08,Joshua Butler,Consumer,East,Massachusetts,2023-08-29,2023-09-04
ORD-102414,Global Leather Chair,Furniture,Chairs,420.82,3,0.4,-114.69,15.39,Robert Harris,Consumer,South,North Carolina,2023-08-23,2023-08-24
ORD-102415,Hammermill Copy Paper,Office Supplies,Paper,117.8,2,0.0,18.93,19.66,Christopher Gibbs,Consumer,South,North Carolina,2021-11-23,2021-11-27
ORD-102416,HP Office Paper,Office Supplies,Paper,108.81,6,0.2,9.9,5.66,Matthew White,Consumer,South,Tennessee,2021-10-09,2021-10-13
ORD-102417,Rubbermaid Cabinet,Furniture,Furnishings,80.64,7,0.0,8.44,19.05,Brandon Marsh,Home Office,Central,Texas,2021-07-20,2021-07-23
ORD-102418,Bestar Folding Table,Furniture,Tables,253.78,8,0.0,15.75,14.5,Dr. Kevin Martin,Home Office,East,Connecticut,2022-12-01,2022-12-04
ORD-102419,Staples Copy Paper,Office Supplies,Paper,133.23,6,0.1,14.3,21.71,Adam Page,Consumer,East,Virginia,2022-03-19,2022-03-22
ORD-102420,Prepac Bookcase,Furniture,Bookcases,213.23,1,0.0,22.13,8.46,Taylor Johnson,Corporate,Central,Minnesota,2022-04-15,2022-04-17
ORD-102421,Advantus Ring Binder,Furniture,Furnishings,392.27,10,0.0,36.45,14.06,Melissa Jenkins,Consumer,East,Connecticut,2021-08-07,2021-08-11
ORD-102422,Dixon Ticonderoga Pencils,Office Supplies,Art,127.32,8,0.3,0.83,27.99,Jacqueline Yang,Consumer,West,Colorado,2021-11-13,2021-11-17
ORD-102423,Lorell Glass Table,Furniture,Tables,48.61,6,0.3,-8.09,6.06,Samantha Smith,Corporate,East,New Jersey,2022-02-09,2022-02-14
ORD-102424,Wilson Jones Binder,Office Supplies,Binders,72.02,6,0.3,0.29,16.85,Matthew White,Home Office,West,California,2022-03-09,2022-03-14
ORD-102425,BIC Cristal Pens,Office Supplies,Art,13.99,3,0.0,4.86,12.62,Robert Foster,Consumer,South,Mississippi,2021-08-15,2021-08-22
ORD-102426,Global Leather Chair,Furniture,Chairs,373.72,8,0.0,40.15,35.42,Debra Andrade,Corporate,Central,Wisconsin,2021-06-13,2021-06-17
ORD-102427,Safco Round Table,Furniture,Tables,451.79,6,0.3,-10.31,28.85,James Patel,Corporate,Central,Texas,2023-06-09,2023-06-13
ORD-102428,Ricoh Aficio,Technology,Copiers,549.32,5,0.0,124.94,27.99,Randy Terry,Consumer,South,Florida,2023-08-06,2023-08-10
ORD-102429,Xerox Multi-Use Paper,Office Supplies,Paper,94.18,3,0.0,20.05,20.58,Mary Fernandez,Corporate,Central,Minnesota,2021-03-30,2021-04-04
ORD-102430,Navigator Paper,Office Supplies,Paper,74.77,6,0.1,7.38,17.4,Scott Gomez,Corporate,Central,Illinois,2023-05-08,2023-05-14
ORD-102431,Canon imageRUNNER,Technology,Copiers,300.08,1,0.0,33.75,30.11,Shawn Martinez,Consumer,West,Oregon,2021-09-19,2021-09-22
ORD-102432,Advantus Binder Clips,Office Supplies,Fasteners,87.57,4,0.0,11.89,23.94,Matthew White,Consumer,East,Maryland,2022-04-18,2022-04-20
ORD-102433,Canon Printer,Technology,Machines,440.55,7,0.1,43.25,33.09,Laurie Smith,Home Office,Central,Michigan,2023-08-01,2023-08-03
ORD-102434,Lorell Glass Table,Furniture,Tables,327.63,5,0.1,-2.0,17.82,Jeremy Cervantes,Home Office,West,Washington,2021-01-24,2021-01-28
ORD-102435,Mead Envelopes,Office Supplies,Envelopes,188.46,8,0.3,9.05,8.99,Crystal Williams DVM,Consumer,South,Louisiana,2021-11-20,2021-11-24
ORD-102436,Bestar Folding Table,Furniture,Tables,160.65,8,0.2,-7.77,12.59,Taylor Hall,Home Office,South,Mississippi,2022-12-24,2022-12-27
ORD-102437,Staedtler Pens,Office Supplies,Art,70.54,7,0.0,11.94,16.65,Adam Johnson,Consumer,East,Connecticut,2022-10-27,2022-10-28
ORD-102438,Staples Standard Staples,Office Supplies,Fasteners,47.12,6,0.0,11.38,29.28,James Wong,Consumer,South,Alabama,2021-05-19,2021-05-24
ORD-102439,Sharp MX,Technology,Copiers,300.98,7,0.1,44.66,18.84,Brett Hanson,Consumer,South,Alabama,2022-08-05,2022-08-07
ORD-102440,Anker Charger,Technology,Accessories,569.01,5,0.0,141.51,20.1,Kayla Hooper,Corporate,West,Colorado,2022-07-03,2022-07-09
ORD-102441,Staedtler Pens,Office Supplies,Art,62.72,8,0.0,15.29,26.59,Ronald Ingram,Corporate,South,Alabama,2022-01-11,2022-01-16
ORD-102442,Google Pixel 7,Technology,Phones,511.19,1,0.0,79.89,19.43,Allison Wells,Consumer,West,Oregon,2023-11-13,2023-11-15
ORD-102443,Zebra Label Printer,Technology,Machines,286.52,6,0.0,74.63,30.84,Jessica Hill,Corporate,Central,Illinois,2022-09-28,2022-09-30
ORD-102444,Motorola Edge,Technology,Phones,446.4,3,0.0,94.55,34.04,Stephanie Ramirez,Consumer,East,Massachusetts,2021-11-19,2021-11-21
ORD-102445,IKEA KALLAX,Furniture,Bookcases,211.35,1,0.0,8.25,11.34,Frederick Finley,Home Office,South,Florida,2023-09-26,2023-09-30
ORD-102446,Hon 4070 Chair,Furniture,Chairs,241.67,3,0.0,22.67,21.62,Todd Khan,Home Office,West,Oregon,2022-09-05,2022-09-11
ORD-102447,Ibico MB,Office Supplies,Binders,55.94,1,0.0,12.28,24.18,Karen Charles,Consumer,East,Virginia,2021-03-14,2021-03-20
ORD-102448,Nokia 5310,Technology,Phones,139.84,6,0.0,17.34,31.43,Carrie Owens,Consumer,South,Florida,2022-09-28,2022-10-02
ORD-102449,Anker Charger,Technology,Accessories,517.35,2,0.2,25.97,16.97,Lori West,Consumer,South,Georgia,2023-03-15,2023-03-18
ORD-102450,Tyvek Mailer,Office Supplies,Envelopes,77.46,8,0.1,6.9,6.52,William Harrington,Consumer,West,Oregon,2021-06-02,2021-06-06
ORD-102451,Sharp MX,Technology,Copiers,245.62,8,0.4,-38.97,16.18,Joshua Bush,Corporate,Central,Wisconsin,2021-03-27,2021-03-30
ORD-102452,Ergon Chair,Furniture,Chairs,387.34,7,0.2,-5.26,33.69,Patrick Dixon,Consumer,East,New York,2022-03-18,2022-03-22
ORD-102453,Ergon Chair,Furniture,Chairs,250.42,2,0.0,10.6,14.57,Michael Hughes,Consumer,West,California,2022-03-20,2022-03-24
ORD-102454,AT-A-GLANCE Planner,Office Supplies,Supplies,98.57,7,0.4,-13.92,6.21,Ryan Vasquez,Corporate,Central,Illinois,2023-12-08,2023-12-10
ORD-102455,Fellowes Storage Case,Office Supplies,Storage,73.42,7,0.1,15.14,18.62,Kaitlin Young,Corporate,South,Mississippi,2022-12-19,2022-12-23
ORD-102456,Canon imageRUNNER,Technology,Copiers,542.34,2,0.2,15.13,39.33,Connie Rios,Corporate,East,Maryland,2021-01-25,2021-01-28
ORD-102457,Acco Staple Remover,Office Supplies,Supplies,49.3,9,0.0,11.37,23.55,Matthew White,Consumer,Central,Michigan,2022-08-18,2022-08-21
ORD-102458,Sharp MX,Technology,Copiers,580.03,10,0.0,93.51,31.92,Trevor Martinez,Corporate,South,Alabama,2021-02-28,2021-03-06
ORD-102459,Maco Labels,Office Supplies,Labels,133.24,5,0.1,27.27,31.15,Crystal Williams DVM,Consumer,South,Florida,2022-12-11,2022-12-18
ORD-102460,Fiskars Scissors,Office Supplies,Supplies,143.24,2,0.0,33.7,14.08,Travis Allen,Corporate,East,Virginia,2023-02-16,2023-02-20
ORD-102461,Tyvek Mailer,Office Supplies,Envelopes,108.8,9,0.0,31.63,22.07,Adam White,Consumer,West,Oregon,2023-06-02,2023-06-03
ORD-102462,Hammermill Copy Paper,Office Supplies,Paper,104.32,7,0.0,20.34,26.44,Dennis Mason,Corporate,West,Oregon,2023-06-18,2023-06-21
ORD-102463,Acco Staple Remover,Office Supplies,Supplies,75.65,8,0.2,5.44,17.5,Kenneth Lynch,Consumer,East,Maryland,2022-05-07,2022-05-12
ORD-102464,HP LaserJet,Technology,Machines,203.51,3,0.0,35.17,8.62,Leslie Powell,Consumer,South,Louisiana,2021-11-26,2021-12-01
ORD-102465,Canon Printer,Technology,Machines,585.45,9,0.5,-192.94,34.15,John Burgess,Consumer,East,New Jersey,2023-02-07,2023-02-13
ORD-102466,Advantus Ring Binder,Furniture,Furnishings,494.14,7,0.0,77.14,18.34,Curtis Fields,Consumer,South,Georgia,2022-03-04,2022-03-08
ORD-102467,Apple iPhone 14,Technology,Phones,336.44,6,0.0,69.7,18.02,Erika Marshall,Consumer,East,Connecticut,2022-08-01,2022-08-04
ORD-102468,Sauder Bookcase,Furniture,Bookcases,310.38,6,0.5,-74.03,20.37,Sheila Logan,Corporate,South,Alabama,2022-04-08,2022-04-15
ORD-102469,3M Post-it Flags,Office Supplies,Labels,121.45,3,0.0,18.22,9.62,Kenneth Lynch,Corporate,East,Connecticut,2023-03-05,2023-03-07
ORD-102470,Belkin USB Hub,Technology,Accessories,503.96,1,0.0,85.53,33.16,Theresa Brown,Consumer,West,California,2022-11-02,2022-11-06
ORD-102471,Cardinal Binder,Office Supplies,Binders,92.65,10,0.2,2.19,27.16,Patrick Brown,Corporate,Central,Illinois,2023-07-14,2023-07-19
ORD-102472,Staedtler Pens,Office Supplies,Art,145.94,7,0.0,39.7,20.56,Kayla Nichols,Consumer,East,New Jersey,2021-07-29,2021-08-04
ORD-102473,Jabra Headset,Technology,Accessories,291.64,10,0.1,9.7,30.42,Jeremiah Smith,Consumer,Central,Missouri,2021-08-24,2021-08-29
ORD-102474,Sharp MX,Technology,Copiers,348.29,5,0.0,70.26,10.37,Michelle Henderson,Corporate,Central,Missouri,2023-05-03,2023-05-05
ORD-102475,Anker Charger,Technology,Accessories,448.43,8,0.0,108.81,14.04,Hayden Garcia,Corporate,South,Georgia,2021-11-24,2021-11-29
ORD-102476,Ibico MB,Office Supplies,Binders,115.28,10,0.3,3.28,30.15,Jerome Walker,Consumer,East,Maryland,2023-01-22,2023-01-23
ORD-102477,Xerox WorkCentre,Technology,Copiers,462.3,2,0.4,-96.84,27.58,Michael Aguilar,Consumer,South,Florida,2021-09-06,2021-09-10
ORD-102478,BIC Cristal Pens,Office Supplies,Art,83.74,5,0.2,9.46,15.72,Edward Clark,Corporate,South,Louisiana,2021-09-12,2021-09-17
ORD-102479,3M Post-it Flags,Office Supplies,Labels,88.35,9,0.0,21.66,30.25,Diane Murphy,Consumer,East,New Jersey,2022-03-09,2022-03-12
ORD-102480,Kraft Envelopes,Office Supplies,Envelopes,79.8,8,0.4,-12.09,22.65,Thomas Gutierrez,Consumer,West,Washington,2021-08-01,2021-08-04
ORD-102481,Zebra Label Printer,Technology,Machines,390.26,7,0.1,45.06,18.79,Jennifer Wilson,Corporate,East,Connecticut,2022-09-27,2022-09-30
ORD-102482,Samsung Galaxy S22,Technology,Phones,305.09,7,0.0,51.32,21.89,Beth Baker,Home Office,East,New Jersey,2023-10-28,2023-10-31
ORD-102483,AT-A-GLANCE Planner,Office Supplies,Supplies,59.94,1,0.0,16.54,27.36,Leslie Lynch,Consumer,Central,Missouri,2021-11-09,2021-11-12
ORD-102484,Memorex Tape,Office Supplies,Supplies,80.58,7,0.2,10.69,31.58,Brandon Marsh,Corporate,West,Washington,2023-07-11,2023-07-14
ORD-102485,Fellowes Storage Case,Office Supplies,Storage,138.92,4,0.0,30.0,26.27,Angel Dickerson,Home Office,East,New York,2022-08-15,2022-08-17
ORD-102486,HP Office Paper,Office Supplies,Paper,57.73,2,0.0,6.68,18.57,Jeffery Rogers,Consumer,South,Tennessee,2023-07-13,2023-07-16
ORD-102487,Samsung Galaxy S22,Technology,Phones,174.47,5,0.0,19.42,14.07,Dr. David Hoover,Consumer,Central,Texas,2023-04-12,2023-04-16
ORD-102488,Prepac Bookcase,Furniture,Bookcases,475.42,9,0.1,12.26,26.25,Stephen Reyes,Corporate,South,Mississippi,2022-08-19,2022-08-25
ORD-102489,Jabra Headset,Technology,Accessories,472.34,8,0.0,32.58,14.39,Janet King,Home Office,East,New York,2023-11-25,2023-11-27
ORD-102490,Maco Labels,Office Supplies,Labels,51.67,4,0.3,1.26,29.26,James Patel,Home Office,Central,Minnesota,2023-09-23,2023-09-29
ORD-102491,Google Pixel 7,Technology,Phones,455.88,1,0.5,-103.65,19.62,Mary Meza,Corporate,East,Connecticut,2023-06-29,2023-07-03
ORD-102492,Epson Scanner,Technology,Machines,500.37,8,0.0,130.99,19.28,Mary Meza,Consumer,East,Virginia,2021-02-18,2021-02-20
ORD-102493,Rubbermaid Cabinet,Furniture,Furnishings,283.47,8,0.3,-38.7,9.39,Laura Martin,Consumer,Central,Texas,2023-11-29,2023-12-02
ORD-102494,Hon 4070 Chair,Furniture,Chairs,333.11,10,0.0,73.15,26.58,Trevor Martinez,Corporate,Central,Minnesota,2022-03-09,2022-03-13
ORD-102495,Ergon Chair,Furniture,Chairs,58.08,2,0.5,-15.44,10.01,Phillip Lewis,Home Office,South,Louisiana,2022-12-14,2022-12-17
ORD-102496,BIC Cristal Pens,Office Supplies,Art,86.33,9,0.3,0.72,27.56,Stephanie Stevenson,Corporate,South,Louisiana,2022-09-14,2022-09-19
ORD-102497,Avery Shipping Labels,Office Supplies,Labels,68.96,9,0.1,9.49,6.88,Dr. David Hoover,Consumer,West,Utah,2023-02-10,2023-02-15
ORD-102498,Stanley Staple Gun,Office Supplies,Fasteners,112.77,10,0.0,42.36,30.56,Crystal Williams DVM,Consumer,West,Utah,2021-06-10,2021-06-17
ORD-102499,Humanscale Chair,Furniture,Chairs,406.96,2,0.4,-106.79,14.42,Sandra Dean,Consumer,West,Utah,2023-06-01,2023-06-02
ORD-102500,Safco Round Table,Furniture,Tables,259.15,10,0.1,-0.69,24.27,Allison Wells,Consumer,Central,Michigan,2021-10-07,2021-10-10
ORD-102501,Epson Scanner,Technology,Machines,122.7,10,0.2,0.43,12.22,Lisa Christensen,Home Office,South,Florida,2021-02-01,2021-02-03
ORD-102502,Ibico MB,Office Supplies,Binders,113.45,3,0.0,17.73,8.67,Stephen Reyes,Home Office,South,Tennessee,2021-09-28,2021-10-01
ORD-102503,Expo Dry Erase,Office Supplies,Art,123.55,2,0.2,10.43,25.72,Jennifer Wright,Consumer,East,New York,2021-04-23,2021-04-26
ORD-102504,Eldon Shelf,Furniture,Furnishings,221.89,10,0.2,-14.88,9.65,Kelsey Martin,Corporate,South,Georgia,2021-06-20,2021-06-25
ORD-102505,Belkin USB Hub,Technology,Accessories,665.73,10,0.0,144.25,34.69,Matthew Molina,Home Office,Central,Wisconsin,2021-06-29,2021-07-04
ORD-102506,Logitech Keyboard,Technology,Accessories,411.41,2,0.1,36.25,35.23,Jeremy Cervantes,Corporate,East,New Jersey,2023-04-10,2023-04-13
ORD-102507,Ricoh Aficio,Technology,Copiers,422.26,3,0.5,-103.7,32.29,Joseph Rodriguez,Consumer,Central,Wisconsin,2023-08-13,2023-08-19
ORD-102508,Staples Copy Paper,Office Supplies,Paper,22.65,5,0.0,7.3,13.83,Jared Clark,Consumer,West,Utah,2023-12-23,2023-12-27
ORD-102509,Ricoh Aficio,Technology,Copiers,434.85,7,0.1,52.14,20.25,Samantha Hendrix,Corporate,East,Maryland,2022-04-03,2022-04-08
ORD-102510,Sauder Bookcase,Furniture,Bookcases,303.05,2,0.2,-29.32,28.88,Sharon Hansen,Consumer,West,Washington,2021-05-16,2021-05-19
ORD-102511,Jabra Headset,Technology,Accessories,380.25,8,0.1,7.62,26.94,James Gomez,Consumer,South,Florida,2022-01-03,2022-01-10
ORD-102512,Anker Charger,Technology,Accessories,774.33,5,0.0,91.58,32.53,Jonathan White,Consumer,West,Arizona,2022-10-20,2022-10-25
ORD-102513,Eldon Mobile,Office Supplies,Storage,56.98,2,0.0,11.28,30.36,Thomas Gutierrez,Consumer,South,Alabama,2022-05-24,2022-05-29
ORD-102514,Motorola Edge,Technology,Phones,616.09,6,0.2,12.77,31.36,Cindy Parker,Consumer,South,Tennessee,2022-03-29,2022-03-30
ORD-102515,Expo Dry Erase,Office Supplies,Art,50.44,10,0.0,14.26,8.11,Carmen Fowler,Consumer,South,Alabama,2021-04-25,2021-04-30
ORD-102516,Acco Staple Remover,Office Supplies,Supplies,113.39,7,0.2,9.86,11.11,Jared Clark,Consumer,East,Massachusetts,2022-06-30,2022-07-06
ORD-102517,Samsung Galaxy S22,Technology,Phones,524.52,8,0.1,115.25,19.63,Courtney Gardner,Corporate,Central,Ohio,2022-01-25,2022-01-28
ORD-102518,Avery Shipping Labels,Office Supplies,Labels,159.92,6,0.0,29.69,32.16,David Barrett,Home Office,Central,Michigan,2023-07-22,2023-07-29
ORD-102519,Hon 4070 Chair,Furniture,Chairs,504.87,8,0.0,60.16,32.28,Michael Hughes,Corporate,East,Massachusetts,2021-10-27,2021-10-30
ORD-102520,Lorell Mirror,Furniture,Furnishings,369.89,5,0.2,-53.49,14.73,Theresa Estrada,Consumer,East,New York,2023-05-22,2023-05-24
ORD-102521,Motorola Edge,Technology,Phones,382.74,3,0.1,22.72,15.14,Gary Anderson,Consumer,South,Georgia,2022-03-02,2022-03-03
ORD-102522,Advantus Ring Binder,Furniture,Furnishings,409.37,9,0.1,30.11,13.43,Christian Walker,Consumer,West,Utah,2022-06-02,2022-06-09
ORD-102523,IKEA KALLAX,Furniture,Bookcases,61.06,3,0.0,6.04,20.89,Christian Walker,Consumer,Central,Texas,2023-06-23,2023-06-26
ORD-102524,Ricoh Aficio,Technology,Copiers,589.5,8,0.2,6.29,26.4,Kaitlin Young,Corporate,East,Massachusetts,2021-02-16,2021-02-20
ORD-102525,Lorell Glass Table,Furniture,Tables,397.49,1,0.5,-112.27,34.84,Kayla Hooper,Consumer,Central,Ohio,2022-03-05,2022-03-09
ORD-102526,Staples Standard Staples,Office Supplies,Fasteners,100.93,1,0.0,20.84,16.31,Allison Wells,Home Office,West,Nevada,2021-03-08,2021-03-12
ORD-102527,Samsung Galaxy S22,Technology,Phones,215.35,5,0.2,-7.77,30.99,Nathan Jennings,Corporate,West,California,2023-07-15,2023-07-17
ORD-102528,Lorell Glass Table,Furniture,Tables,395.12,9,0.0,39.9,27.27,Charles Avila,Corporate,East,Massachusetts,2022-07-17,2022-07-19
ORD-102529,Konica Minolta,Technology,Copiers,387.84,1,0.0,61.59,33.93,Melanie Hall,Corporate,South,Mississippi,2023-05-02,2023-05-06
ORD-102530,Avery Heavy Duty Binder,Office Supplies,Binders,80.23,10,0.1,15.43,5.43,Mary Martin,Consumer,South,Florida,2022-06-05,2022-06-08
ORD-102531,Hammermill Copy Paper,Office Supplies,Paper,79.27,7,0.0,12.12,20.25,Eric Hood,Corporate,Central,Wisconsin,2022-08-12,2022-08-15
ORD-102532,Nokia 5310,Technology,Phones,528.98,1,0.0,89.8,14.07,Jason Pineda,Consumer,West,Oregon,2023-04-26,2023-05-01
ORD-102533,Sterilite Storage Box,Office Supplies,Storage,91.0,6,0.0,27.33,23.67,Penny Wilson,Consumer,West,California,2023-04-16,2023-04-20
ORD-102534,HP Office Paper,Office Supplies,Paper,89.34,4,0.0,20.95,12.1,Ashley Johnston,Corporate,West,Nevada,2021-11-30,2021-12-02
ORD-102535,OIC Binder Clips,Office Supplies,Fasteners,52.27,10,0.0,10.93,24.88,James Patel,Home Office,South,Georgia,2021-04-28,2021-05-04
ORD-102536,Safco Round Table,Furniture,Tables,383.14,8,0.1,-22.13,25.33,Daniel Abbott,Corporate,Central,Minnesota,2021-06-28,2021-06-30
ORD-102537,Ricoh Aficio,Technology,Copiers,442.14,9,0.4,-59.67,25.55,Jason Pineda,Consumer,East,Pennsylvania,2021-12-29,2022-01-01
ORD-102538,Steelcase Leap,Furniture,Chairs,314.95,6,0.5,-78.15,18.17,Michelle Bell,Corporate,West,Washington,2023-08-23,2023-08-25
ORD-102539,Ikea BEKANT Desk,Furniture,Tables,350.13,7,0.1,32.88,22.02,Taylor Barry,Corporate,Central,Wisconsin,2022-08-28,2022-09-01
ORD-102540,Sharp MX,Technology,Copiers,251.03,8,0.1,26.81,11.88,Rebecca Lewis,Corporate,West,California,2021-06-30,2021-07-02
ORD-102541,Avery Heavy Duty Binder,Office Supplies,Binders,92.7,9,0.1,8.02,29.47,Carmen Fowler,Corporate,South,Florida,2022-05-28,2022-05-31
ORD-102542,Brother Fax Machine,Technology,Machines,563.01,7,0.2,76.7,30.33,Nathan Bradshaw,Corporate,West,California,2021-03-21,2021-03-26
ORD-102543,3M Post-it Flags,Office Supplies,Labels,89.46,3,0.2,7.63,21.95,Carol Wilson,Corporate,South,Tennessee,2023-02-09,2023-02-11
ORD-102544,Staples Copy Paper,Office Supplies,Paper,92.7,4,0.2,2.25,20.3,Thomas Gutierrez,Home Office,Central,Michigan,2023-11-24,2023-11-28
ORD-102545,Expo Dry Erase,Office Supplies,Art,31.74,7,0.4,-4.29,28.27,Laurie Smith,Home Office,East,Maryland,2023-09-09,2023-09-13
ORD-102546,Staples Standard Envelopes,Office Supplies,Envelopes,45.46,10,0.1,10.24,17.75,Jason Harrison,Corporate,Central,Wisconsin,2022-03-28,2022-03-31
ORD-102547,Avery Shipping Labels,Office Supplies,Labels,86.32,10,0.0,17.5,4.84,Mark Chapman,Corporate,South,Tennessee,2021-08-03,2021-08-07
ORD-102548,Epson Scanner,Technology,Machines,552.26,5,0.0,68.43,37.0,Kelsey Martin,Corporate,Central,Michigan,2022-05-01,2022-05-04
ORD-102549,Hon 10500 Table,Furniture,Tables,217.98,5,0.2,-12.34,15.4,Jessica Dodson,Corporate,West,Nevada,2021-03-30,2021-04-02
ORD-102550,Avery Flexi-View,Office Supplies,Binders,122.92,6,0.1,20.29,30.29,Stephanie Ramirez,Corporate,East,Virginia,2023-07-15,2023-07-20
ORD-102551,Humanscale Chair,Furniture,Chairs,339.8,8,0.1,8.12,15.82,Meghan Martin,Corporate,South,North Carolina,2022-03-05,2022-03-11
ORD-102552,Avery Flexi-View,Office Supplies,Binders,102.81,5,0.2,7.21,18.25,Kayla Elliott,Consumer,South,Alabama,2023-10-15,2023-10-18
ORD-102553,Humanscale Chair,Furniture,Chairs,186.4,6,0.2,-10.75,24.06,Dana Williams,Consumer,South,Tennessee,2022-03-08,2022-03-10
ORD-102554,Bush Coat Rack,Furniture,Furnishings,181.16,6,0.0,18.85,13.0,William Robinson,Consumer,West,Washington,2021-01-06,2021-01-09
ORD-102555,Bush Furniture Bookcase,Furniture,Bookcases,252.32,4,0.0,57.27,35.04,Christina Hoffman,Corporate,Central,Wisconsin,2022-01-23,2022-01-26
ORD-102556,Fellowes Storage Case,Office Supplies,Storage,88.72,6,0.3,-8.0,12.46,Meghan Martin,Consumer,West,Washington,2021-10-11,2021-10-17
ORD-102557,Global Leather Chair,Furniture,Chairs,293.9,8,0.0,37.02,20.32,Crystal Williams DVM,Consumer,West,Washington,2023-07-12,2023-07-14
ORD-102558,IKEA KALLAX,Furniture,Bookcases,510.8,3,0.0,36.03,24.31,Ronald Ramsey,Corporate,Central,Ohio,2022-11-07,2022-11-12
ORD-102559,Epson Scanner,Technology,Machines,156.81,7,0.0,34.63,10.46,Debra Andrade,Consumer,Central,Minnesota,2023-08-22,2023-08-25
ORD-102560,Hon 10500 Table,Furniture,Tables,144.33,8,0.2,-11.81,8.68,Antonio Yates,Consumer,East,Virginia,2022-05-26,2022-06-01
ORD-102561,Logitech Keyboard,Technology,Accessories,368.78,9,0.2,6.09,17.08,Scott Gomez,Consumer,Central,Michigan,2021-11-12,2021-11-14
ORD-102562,IKEA KALLAX,Furniture,Bookcases,392.7,4,0.2,-36.99,22.43,Jason Clark,Consumer,Central,Illinois,2021-01-09,2021-01-15
ORD-102563,Staples Standard Staples,Office Supplies,Fasteners,81.24,4,0.1,11.32,20.84,Jacqueline Fisher,Consumer,West,Colorado,2023-10-21,2023-10-24
ORD-102564,Ergon Chair,Furniture,Chairs,327.95,7,0.1,8.16,29.02,Hayden Garcia,Corporate,West,Colorado,2022-06-23,2022-06-27
ORD-102565,Global Leather Chair,Furniture,Chairs,362.32,6,0.4,-64.42,28.51,Sheryl Wright,Consumer,West,Washington,2021-10-19,2021-10-25
ORD-102566,Staples Copy Paper,Office Supplies,Paper,102.56,6,0.2,8.48,9.71,Aaron Little,Home Office,South,Florida,2023-04-01,2023-04-03
ORD-102567,Acco Binder Clips,Office Supplies,Fasteners,39.37,3,0.4,-3.84,14.11,Tiffany Lloyd,Consumer,East,Massachusetts,2021-04-25,2021-04-28
ORD-102568,Belkin USB Hub,Technology,Accessories,486.72,7,0.3,-11.46,29.19,Sharon Hansen,Corporate,East,Maryland,2021-06-01,2021-06-05
ORD-102569,Humanscale Chair,Furniture,Chairs,226.92,1,0.3,-39.25,31.78,Cheryl Banks,Consumer,East,Pennsylvania,2021-08-19,2021-08-20
ORD-102570,Lorell Mirror,Furniture,Furnishings,241.11,6,0.0,30.58,22.93,Anthony Conley,Consumer,Central,Texas,2021-09-15,2021-09-20
ORD-102571,Advantus Ring Binder,Furniture,Furnishings,434.07,3,0.2,-34.89,25.68,Daniel Long,Consumer,West,California,2023-10-03,2023-10-07
ORD-102572,Expo Dry Erase,Office Supplies,Art,119.05,6,0.1,17.4,14.13,Scott Gomez,Consumer,East,New Jersey,2021-02-22,2021-02-28
ORD-102573,Xerox WorkCentre,Technology,Copiers,390.11,3,0.2,3.68,17.74,Joseph Smith,Home Office,South,Mississippi,2022-07-09,2022-07-12
ORD-102574,Bush Coat Rack,Furniture,Furnishings,399.59,9,0.4,-81.4,18.04,Tina Williams,Consumer,South,Louisiana,2022-12-03,2022-12-05
ORD-102575,OIC Binder Clips,Office Supplies,Fasteners,162.83,7,0.0,28.88,30.69,Anthony Conley,Consumer,Central,Michigan,2023-06-24,2023-06-25
ORD-102576,Lorell Glass Table,Furniture,Tables,372.17,10,0.0,27.37,31.95,Brett Hanson,Consumer,Central,Texas,2023-11-19,2023-11-23
ORD-102577,Avery Flexi-View,Office Supplies,Binders,62.18,6,0.0,13.65,17.55,William Harrington,Consumer,Central,Illinois,2021-10-28,2021-11-02
ORD-102578,Konica Minolta,Technology,Copiers,431.98,7,0.0,140.79,24.38,Barbara Barber,Consumer,East,Virginia,2023-11-23,2023-11-29
ORD-102579,Logitech Keyboard,Technology,Accessories,380.54,3,0.1,16.55,20.36,Elizabeth Landry,Corporate,West,Utah,2023-01-24,2023-01-28
ORD-102580,Xerox WorkCentre,Technology,Copiers,453.68,5,0.1,-1.69,26.18,Theresa Estrada,Corporate,East,Connecticut,2023-02-04,2023-02-08
ORD-102581,Nokia 5310,Technology,Phones,395.29,6,0.0,71.47,23.85,Leslie Powell,Home Office,South,Tennessee,2021-01-06,2021-01-12
ORD-102582,Canon Printer,Technology,Machines,537.14,10,0.0,122.83,25.69,Steven Davis,Consumer,Central,Texas,2021-07-31,2021-08-04
ORD-102583,Zebra Label Printer,Technology,Machines,329.43,2,0.0,56.82,31.96,Aaron Little,Consumer,East,Maryland,2023-02-16,2023-02-19
ORD-102584,Humanscale Chair,Furniture,Chairs,218.07,6,0.0,9.51,16.76,Aaron Martinez,Corporate,Central,Illinois,2021-01-02,2021-01-04
ORD-102585,HP Wireless Mouse,Technology,Accessories,459.58,10,0.4,-93.61,24.9,Danny Dodson,Consumer,West,California,2022-08-15,2022-08-19
ORD-102586,Bush Furniture Bookcase,Furniture,Bookcases,260.24,5,0.0,13.07,28.73,Michael Moore,Corporate,South,North Carolina,2023-08-28,2023-08-31
ORD-102587,Staples Standard Staples,Office Supplies,Fasteners,107.59,2,0.0,33.36,24.56,Patrick Dixon,Consumer,East,New Jersey,2022-12-11,2022-12-13
ORD-102588,Kraft Envelopes,Office Supplies,Envelopes,48.35,8,0.3,-5.45,25.46,Brandon Marsh,Consumer,West,Washington,2023-06-22,2023-06-25
ORD-102589,Quartet Calendar,Office Supplies,Supplies,86.0,1,0.3,-1.65,13.37,Timothy Wiggins,Corporate,East,Maryland,2023-03-21,2023-03-25
ORD-102590,Fiskars Scissors,Office Supplies,Supplies,97.0,10,0.2,3.66,18.88,Rebecca Rubio,Consumer,East,Virginia,2023-10-14,2023-10-19
ORD-102591,Ergon Chair,Furniture,Chairs,285.92,9,0.1,10.97,16.37,Douglas Rodriguez,Home Office,East,Pennsylvania,2021-06-11,2021-06-14
ORD-102592,IKEA KALLAX,Furniture,Bookcases,434.85,7,0.0,0.98,18.67,Melissa Thompson,Corporate,East,Connecticut,2021-04-03,2021-04-07
ORD-102593,Avery Heavy Duty Binder,Office Supplies,Binders,78.19,9,0.0,18.04,23.27,David Hernandez,Corporate,East,New York,2022-05-14,2022-05-17
ORD-102594,Sharp MX,Technology,Copiers,263.12,2,0.0,70.14,30.58,Gabriel Marshall,Consumer,Central,Minnesota,2021-05-26,2021-06-01
ORD-102595,Staples Copy Paper,Office Supplies,Paper,69.67,1,0.4,-7.11,5.47,Patricia Hammond,Consumer,West,Colorado,2023-04-24,2023-04-26
ORD-102596,Staples Standard Staples,Office Supplies,Fasteners,107.79,3,0.0,20.53,28.15,Tina Williams,Home Office,Central,Minnesota,2021-11-16,2021-11-18
ORD-102597,Sharp MX,Technology,Copiers,114.55,5,0.1,9.0,23.73,Dr. Darren Mcneil,Corporate,East,Maryland,2022-08-31,2022-09-04
ORD-102598,Bush Furniture Bookcase,Furniture,Bookcases,433.53,9,0.4,-102.68,30.09,Crystal Williams DVM,Home Office,West,Nevada,2022-07-28,2022-07-31
ORD-102599,Advantus Ring Binder,Furniture,Furnishings,208.43,6,0.3,-19.53,23.95,Michael Smith,Corporate,South,North Carolina,2022-01-05,2022-01-07
ORD-102600,Eldon Mobile,Office Supplies,Storage,79.42,8,0.4,-9.97,13.52,Kara Davis,Home Office,South,Alabama,2022-01-06,2022-01-09
ORD-102601,Ricoh Aficio,Technology,Copiers,433.91,10,0.4,-44.03,15.36,Thomas Gutierrez,Consumer,East,Pennsylvania,2022-07-25,2022-07-28
ORD-102602,HP Office Paper,Office Supplies,Paper,166.21,2,0.5,-23.04,22.02,Cindy Parker,Corporate,South,Georgia,2022-03-13,2022-03-16
ORD-102603,Apple iPhone 14,Technology,Phones,595.57,5,0.3,-50.8,27.83,Jeremy Cervantes,Consumer,West,Utah,2022-05-30,2022-06-02
ORD-102604,Tyvek Mailer,Office Supplies,Envelopes,57.17,9,0.3,-0.97,7.82,Jacqueline Fisher,Home Office,East,New York,2022-05-12,2022-05-15
ORD-102605,Google Pixel 7,Technology,Phones,427.15,9,0.0,53.85,20.08,Kelsey Martin,Consumer,East,Maryland,2021-09-28,2021-10-02
ORD-102606,Jabra Headset,Technology,Accessories,381.95,8,0.5,-76.4,15.4,Chad Sheppard,Consumer,Central,Texas,2022-04-21,2022-04-23
ORD-102607,Safco Round Table,Furniture,Tables,353.25,7,0.0,44.23,11.76,Ryan Vasquez,Home Office,Central,Michigan,2023-10-05,2023-10-07
ORD-102608,Google Pixel 7,Technology,Phones,456.55,1,0.4,-75.49,23.37,Jessica Scott,Home Office,West,Arizona,2021-08-04,2021-08-06
ORD-102609,HP LaserJet,Technology,Machines,327.78,6,0.2,-13.09,17.56,Matthew Compton,Consumer,South,Tennessee,2022-10-16,2022-10-20
ORD-102610,Anker Charger,Technology,Accessories,695.56,9,0.0,125.67,32.68,Michelle Smith,Home Office,West,California,2023-12-07,2023-12-13
ORD-102611,Eldon Mobile,Office Supplies,Storage,82.8,9,0.5,-18.75,16.78,Wanda Yang,Corporate,Central,Texas,2022-10-10,2022-10-15
ORD-102612,Samsung Galaxy S22,Technology,Phones,879.71,8,0.0,111.14,40.4,Theresa Estrada,Corporate,West,Utah,2021-03-15,2021-03-18
ORD-102613,Samsung Galaxy S22,Technology,Phones,341.38,3,0.3,-13.38,34.92,Andrew Salazar,Corporate,South,Tennessee,2021-12-10,2021-12-13
ORD-102614,Brother Fax Machine,Technology,Machines,506.03,1,0.2,34.36,17.16,Kenneth Lynch,Corporate,South,Georgia,2023-09-12,2023-09-16
ORD-102615,Safco Round Table,Furniture,Tables,526.91,7,0.0,66.03,28.04,Brandon Morse,Home Office,South,Florida,2023-11-02,2023-11-09
ORD-102616,Tyvek Mailer,Office Supplies,Envelopes,56.21,4,0.5,-10.84,7.61,Danny Dodson,Home Office,West,Oregon,2022-03-31,2022-04-03
ORD-102617,Hammermill Copy Paper,Office Supplies,Paper,99.85,6,0.2,16.32,17.68,Brian Williams,Consumer,Central,Ohio,2023-07-17,2023-07-20
ORD-102618,Avery File Folder Labels,Office Supplies,Labels,45.27,1,0.0,12.68,8.31,Edward Murphy,Consumer,West,Arizona,2021-05-05,2021-05-11
ORD-102619,BIC Cristal Pens,Office Supplies,Art,95.76,9,0.2,9.76,26.24,Robert Foster,Consumer,Central,Ohio,2022-06-06,2022-06-07
ORD-102620,Memorex Tape,Office Supplies,Supplies,86.74,9,0.1,8.49,30.5,Patricia Welch,Consumer,Central,Illinois,2022-04-02,2022-04-09
ORD-102621,Realspace Bookcase,Furniture,Bookcases,400.1,7,0.2,-10.91,19.02,Jessica Dodson,Corporate,South,Georgia,2023-01-07,2023-01-12
ORD-102622,OIC Binder Clips,Office Supplies,Fasteners,121.11,3,0.2,7.19,7.33,Christina Hoffman,Consumer,South,Louisiana,2022-07-25,2022-07-29
ORD-102623,Mead Envelopes,Office Supplies,Envelopes,70.81,7,0.4,-12.6,10.87,Jack Miranda,Consumer,South,Louisiana,2021-11-30,2021-12-03
ORD-102624,Bush Furniture Bookcase,Furniture,Bookcases,408.32,1,0.2,-15.85,27.22,Sheila Logan,Consumer,South,North Carolina,2022-06-21,2022-06-27
ORD-102625,Samsung Galaxy S22,Technology,Phones,255.47,4,0.2,-1.77,21.73,Brittany Joyce,Corporate,West,Arizona,2022-02-27,2022-03-01
ORD-102626,Bestar Folding Table,Furniture,Tables,253.99,6,0.4,-74.71,22.88,Anthony Conley,Corporate,Central,Michigan,2021-07-06,2021-07-11
ORD-102627,Wilson Jones Binder,Office Supplies,Binders,63.83,6,0.1,5.32,4.85,James Patel,Consumer,West,Washington,2021-06-05,2021-06-06
ORD-102628,Eldon Shelf,Furniture,Furnishings,260.5,10,0.0,16.43,27.02,Lori West,Consumer,Central,Michigan,2023-07-11,2023-07-14
ORD-102629,Prepac Bookcase,Furniture,Bookcases,114.76,6,0.4,-13.64,11.77,Jessica Dodson,Consumer,Central,Ohio,2022-08-29,2022-09-01
ORD-102630,Avery Flexi-View,Office Supplies,Binders,130.08,2,0.1,13.14,22.46,Theresa Brown,Corporate,East,New Jersey,2023-03-04,2023-03-06
ORD-102631,Brother Fax Machine,Technology,Machines,453.59,9,0.0,91.11,32.57,Brian Williams,Home Office,East,Massachusetts,2021-11-25,2021-11-29
ORD-102632,Nokia 5310,Technology,Phones,600.57,8,0.0,83.52,23.0,Jose Jones,Consumer,West,California,2023-03-19,2023-03-23
ORD-102633,Jabra Headset,Technology,Accessories,584.74,8,0.0,89.23,28.54,Elizabeth Landry,Corporate,South,Mississippi,2021-11-02,2021-11-04
ORD-102634,Brother Fax Machine,Technology,Machines,196.26,5,0.4,-20.37,14.64,Carla Park,Home Office,West,Colorado,2021-10-17,2021-10-20
ORD-102635,Rubbermaid Tote,Office Supplies,Storage,131.3,10,0.0,45.88,10.38,Jennifer Ellison,Home Office,Central,Wisconsin,2021-12-21,2021-12-25
ORD-102636,Staples Standard Envelopes,Office Supplies,Envelopes,51.61,10,0.0,13.16,4.76,Stephen Reyes,Corporate,Central,Michigan,2021-07-01,2021-07-06
ORD-102637,Belkin USB Hub,Technology,Accessories,344.43,2,0.1,47.93,25.94,Kimberly Kelley,Consumer,West,Oregon,2023-09-07,2023-09-11
ORD-102638,Safco Round Table,Furniture,Tables,133.54,10,0.3,-27.13,22.5,Chad Sheppard,Consumer,Central,Michigan,2021-08-22,2021-08-25
ORD-102639,Eldon Shelf,Furniture,Furnishings,216.9,2,0.3,-29.51,11.41,Christopher Thompson,Consumer,West,Nevada,2021-12-27,2022-01-01
ORD-102640,Avery Shipping Labels,Office Supplies,Labels,69.49,10,0.3,0.9,19.52,Alexandria Cowan,Consumer,East,Pennsylvania,2021-12-05,2021-12-09
ORD-102641,Navigator Paper,Office Supplies,Paper,122.86,5,0.3,1.23,9.72,Sheila Logan,Consumer,East,Connecticut,2021-11-30,2021-12-04
ORD-102642,Nokia 5310,Technology,Phones,669.01,6,0.0,134.33,31.54,Dana Williams,Corporate,West,California,2021-08-28,2021-09-02
ORD-102643,Maco Labels,Office Supplies,Labels,51.06,2,0.4,-1.63,6.32,James Smith,Consumer,South,Tennessee,2022-02-28,2022-03-02
ORD-102644,Ibico MB,Office Supplies,Binders,70.64,5,0.0,18.76,26.37,Vincent Mcdonald,Corporate,East,Connecticut,2022-03-22,2022-03-26
ORD-102645,Sanford Markers,Office Supplies,Art,140.36,10,0.0,34.08,6.56,Elizabeth Landry,Home Office,West,Oregon,2021-03-03,2021-03-05
ORD-102646,Quartet Calendar,Office Supplies,Supplies,42.12,8,0.0,7.33,22.83,Tina Williams,Home Office,Central,Illinois,2023-10-07,2023-10-09
ORD-102647,Dixon Ticonderoga Pencils,Office Supplies,Art,132.33,2,0.0,27.99,28.2,Allison Wells,Consumer,East,Virginia,2023-01-04,2023-01-08
ORD-102648,Hon 4070 Chair,Furniture,Chairs,319.55,1,0.5,-83.74,29.9,Joseph Smith,Corporate,East,New Jersey,2023-10-16,2023-10-22
ORD-102649,Konica Minolta,Technology,Copiers,521.41,7,0.4,-65.73,36.72,Lisa Joyce,Consumer,South,Florida,2023-02-16,2023-02-21
ORD-102650,Dixon Ticonderoga Pencils,Office Supplies,Art,83.32,8,0.0,17.03,23.06,Samantha Atkins,Consumer,West,Colorado,2023-03-24,2023-03-27
ORD-102651,Memorex Tape,Office Supplies,Supplies,117.45,4,0.0,29.09,11.19,Erica Scott,Consumer,Central,Wisconsin,2023-12-07,2023-12-12
ORD-102652,Fellowes Storage Case,Office Supplies,Storage,81.77,9,0.1,15.87,21.46,Jerry Curtis,Consumer,South,North Carolina,2022-03-18,2022-03-23
ORD-102653,Ergon Chair,Furniture,Chairs,294.52,9,0.3,-53.77,12.71,James Wong,Consumer,South,Georgia,2021-12-17,2021-12-20
ORD-102654,IKEA KALLAX,Furniture,Bookcases,218.92,10,0.5,-76.39,28.48,Melissa Newton,Consumer,Central,Missouri,2023-02-05,2023-02-09
ORD-102655,Bestar Folding Table,Furniture,Tables,277.31,9,0.2,0.47,13.82,Jessica Smith,Corporate,South,Tennessee,2022-03-16,2022-03-22
ORD-102656,Apple iPhone 14,Technology,Phones,281.18,8,0.0,53.26,17.03,Ashley Johnson,Consumer,Central,Wisconsin,2022-01-30,2022-02-01
ORD-102657,Konica Minolta,Technology,Copiers,304.93,2,0.0,50.92,19.91,Travis Allen,Consumer,Central,Illinois,2023-05-13,2023-05-18
ORD-102658,Lorell Glass Table,Furniture,Tables,128.8,5,0.0,11.46,13.73,William Ball,Consumer,South,Tennessee,2021-08-05,2021-08-08
ORD-102659,Acco Binder Clips,Office Supplies,Fasteners,83.8,2,0.2,7.29,23.88,Michael Duran,Consumer,East,New Jersey,2023-11-17,2023-11-19
ORD-102660,Xerox WorkCentre,Technology,Copiers,445.72,4,0.4,-89.11,13.97,Antonio Yates,Consumer,East,New Jersey,2023-02-16,2023-02-21
ORD-102661,Steelcase Leap,Furniture,Chairs,440.1,7,0.5,-127.4,36.37,Michael Smith,Corporate,Central,Ohio,2023-11-24,2023-11-28
ORD-102662,Hon 10500 Table,Furniture,Tables,333.81,8,0.1,6.52,36.37,Lisa Christensen,Home Office,Central,Missouri,2021-12-26,2021-12-30
ORD-102663,Acco Binder Clips,Office Supplies,Fasteners,73.43,7,0.3,-0.67,5.24,Beth Baker,Home Office,Central,Ohio,2021-02-25,2021-02-27
ORD-102664,Ibico MB,Office Supplies,Binders,105.22,8,0.3,-11.29,30.93,Daniel Long,Home Office,South,Louisiana,2022-04-18,2022-04-25
ORD-102665,Bush Furniture Bookcase,Furniture,Bookcases,245.35,4,0.0,21.41,22.23,Sheryl Wright,Home Office,East,Maryland,2023-12-07,2023-12-10
ORD-102666,Tyvek Mailer,Office Supplies,Envelopes,98.2,1,0.3,3.9,21.29,Adam Page,Corporate,East,Virginia,2023-01-23,2023-01-27
ORD-102667,Kraft Envelopes,Office Supplies,Envelopes,65.3,1,0.0,12.74,26.34,Adam Page,Consumer,East,New York,2021-06-24,2021-06-27
ORD-102668,Konica Minolta,Technology,Copiers,327.99,8,0.4,-59.06,18.49,Danny Dodson,Corporate,East,New York,2022-05-31,2022-06-04
ORD-102669,HP Wireless Mouse,Technology,Accessories,354.45,7,0.1,49.11,18.02,Dr. David Hoover,Consumer,Central,Ohio,2022-11-18,2022-11-23
ORD-102670,Fiskars Scissors,Office Supplies,Supplies,56.28,9,0.0,13.59,4.45,Carla Park,Consumer,South,Georgia,2021-06-23,2021-06-30
ORD-102671,Avery Flexi-View,Office Supplies,Binders,35.54,5,0.2,1.13,12.32,Deborah Allen,Consumer,West,Oregon,2023-04-30,2023-05-06
ORD-102672,Rubbermaid Tote,Office Supplies,Storage,79.46,9,0.2,11.42,23.99,Joanna Ruiz,Consumer,West,Utah,2022-01-13,2022-01-16
ORD-102673,Bush Coat Rack,Furniture,Furnishings,277.02,6,0.1,-24.95,34.25,Patrick Dixon,Corporate,East,Pennsylvania,2021-04-05,2021-04-07
ORD-102674,HP LaserJet,Technology,Machines,90.18,3,0.2,1.96,28.86,Frederick Bond,Corporate,Central,Illinois,2022-05-06,2022-05-07
ORD-102675,Lorell Glass Table,Furniture,Tables,383.65,9,0.3,-46.51,29.92,Carla Park,Consumer,West,Colorado,2022-05-18,2022-05-21
ORD-102676,Global Leather Chair,Furniture,Chairs,330.11,7,0.0,52.19,21.92,James Wong,Consumer,East,Pennsylvania,2023-04-11,2023-04-15
ORD-102677,Logitech Keyboard,Technology,Accessories,323.67,10,0.0,72.74,34.65,Michelle Smith,Corporate,South,Florida,2023-08-26,2023-08-28
ORD-102678,Humanscale Chair,Furniture,Chairs,114.16,5,0.0,6.25,24.52,Barbara Barber,Consumer,East,New York,2021-01-05,2021-01-08
ORD-102679,Avery Address Labels,Office Supplies,Labels,32.17,5,0.4,-3.66,16.86,Danny Dodson,Home Office,South,North Carolina,2021-06-17,2021-06-23
ORD-102680,Staples Standard Envelopes,Office Supplies,Envelopes,88.52,5,0.1,12.9,27.42,Kimberly Roberts,Home Office,West,Nevada,2023-11-24,2023-11-30
ORD-102681,Samsung Galaxy S22,Technology,Phones,419.9,3,0.0,56.11,28.94,Patrick Hardin,Consumer,Central,Texas,2023-10-12,2023-10-15
ORD-102682,Jabra Headset,Technology,Accessories,379.56,10,0.1,9.54,21.55,William Smith,Home Office,South,Alabama,2021-03-05,2021-03-09
ORD-102683,Lorell Glass Table,Furniture,Tables,473.59,8,0.0,40.17,20.77,Raymond Guerra,Corporate,West,Utah,2021-02-09,2021-02-11
ORD-102684,Apple iPhone 14,Technology,Phones,331.78,1,0.3,6.45,29.87,Christian Walker,Home Office,West,Colorado,2023-12-21,2023-12-23
ORD-102685,AT-A-GLANCE Planner,Office Supplies,Supplies,50.25,7,0.3,-3.83,29.36,Cheryl Banks,Corporate,East,Connecticut,2021-02-13,2021-02-16
ORD-102686,Ergon Chair,Furniture,Chairs,178.45,7,0.1,2.96,14.79,Karen Dawson,Corporate,West,Oregon,2022-04-06,2022-04-08
ORD-102687,Staedtler Pens,Office Supplies,Art,103.81,5,0.2,10.07,12.34,Tiffany Lloyd,Consumer,South,North Carolina,2023-06-21,2023-06-26
ORD-102688,Lorell Mirror,Furniture,Furnishings,618.64,10,0.1,-57.21,28.93,Adam White,Corporate,South,North Carolina,2022-11-28,2022-12-01
ORD-102689,Sharp MX,Technology,Copiers,507.4,4,0.0,77.2,33.8,Rebecca Walker,Home Office,Central,Illinois,2023-07-04,2023-07-11
ORD-102690,Hon 10500 Table,Furniture,Tables,239.63,5,0.0,16.54,33.52,Kelly May,Consumer,West,California,2021-11-02,2021-11-04
ORD-102691,Nokia 5310,Technology,Phones,264.6,1,0.2,27.58,14.42,Adam Page,Corporate,East,Massachusetts,2023-01-31,2023-02-06
ORD-102692,Safco Round Table,Furniture,Tables,411.08,2,0.0,41.58,30.34,David Marshall,Corporate,South,Tennessee,2021-06-27,2021-06-30
ORD-102693,Hammermill Copy Paper,Office Supplies,Paper,133.23,7,0.2,-2.08,26.38,Susan Lawson,Home Office,Central,Missouri,2022-02-14,2022-02-17
ORD-102694,Bestar Folding Table,Furniture,Tables,150.32,7,0.0,-1.34,31.56,Beth Baker,Consumer,Central,Texas,2022-03-04,2022-03-06
ORD-102695,Jabra Headset,Technology,Accessories,298.09,4,0.0,56.07,15.25,Deborah Allen,Consumer,West,Washington,2023-12-01,2023-12-04
ORD-102696,Hammermill Copy Paper,Office Supplies,Paper,93.29,1,0.0,21.22,16.9,Michele Hess,Corporate,Central,Texas,2022-04-15,2022-04-19
ORD-102697,Logitech Keyboard,Technology,Accessories,184.23,2,0.0,40.56,24.12,Ebony Adams,Consumer,West,Arizona,2022-07-02,2022-07-04
ORD-102698,Nokia 5310,Technology,Phones,448.34,8,0.4,-46.33,27.39,Melissa Newton,Home Office,Central,Missouri,2021-01-26,2021-01-29
ORD-102699,Fellowes Storage Case,Office Supplies,Storage,29.43,5,0.2,2.22,22.25,Gregory Simmons,Corporate,Central,Missouri,2023-03-01,2023-03-05
ORD-102700,Maco Labels,Office Supplies,Labels,51.99,4,0.2,2.09,21.03,Kimberly Garrett,Consumer,West,Nevada,2021-07-16,2021-07-19
ORD-102701,Eldon Mobile,Office Supplies,Storage,107.1,9,0.5,-18.79,10.9,Jennifer Montgomery,Consumer,Central,Minnesota,2023-07-12,2023-07-14
ORD-102702,Bush Coat Rack,Furniture,Furnishings,207.82,1,0.0,20.85,9.71,Samantha Smith,Consumer,West,Colorado,2021-03-19,2021-03-22
ORD-102703,Rubbermaid Cabinet,Furniture,Furnishings,126.22,3,0.0,19.88,16.22,Antonio Yates,Consumer,Central,Missouri,2023-11-11,2023-11-14
ORD-102704,Sterilite Storage Box,Office Supplies,Storage,83.43,8,0.1,16.35,7.2,Rebecca Rubio,Consumer,South,Louisiana,2023-06-09,2023-06-14
ORD-102705,Advantus Ring Binder,Furniture,Furnishings,246.82,1,0.0,18.22,16.98,Adam White,Corporate,West,Arizona,2022-09-02,2022-09-07
ORD-102706,Bestar Folding Table,Furniture,Tables,218.3,4,0.4,-38.46,19.29,Barbara Barber,Consumer,East,New Jersey,2022-09-28,2022-09-30
ORD-102707,Avery Shipping Labels,Office Supplies,Labels,67.3,1,0.0,16.98,19.54,Frederick Bond,Consumer,Central,Minnesota,2022-02-26,2022-03-02
ORD-102708,Zebra Label Printer,Technology,Machines,348.81,9,0.1,0.42,10.82,David Hernandez,Consumer,Central,Texas,2022-10-19,2022-10-24
ORD-102709,Jabra Headset,Technology,Accessories,318.75,3,0.0,38.58,19.92,Caitlin Bryant,Corporate,West,Nevada,2021-11-03,2021-11-07
ORD-102710,Dixon Ticonderoga Pencils,Office Supplies,Art,91.08,5,0.1,7.33,20.98,Michael Moore,Home Office,West,Oregon,2023-08-03,2023-08-06
ORD-102711,Ergon Chair,Furniture,Chairs,421.12,9,0.1,6.5,22.12,Taylor Hall,Corporate,East,New York,2021-05-14,2021-05-17
ORD-102712,Jabra Headset,Technology,Accessories,381.58,9,0.4,-40.91,27.59,Edward Murphy,Home Office,Central,Ohio,2021-02-16,2021-02-20
ORD-102713,IKEA KALLAX,Furniture,Bookcases,425.67,10,0.2,-25.97,27.7,David Hernandez,Home Office,East,Massachusetts,2022-02-09,2022-02-13
ORD-102714,Prepac Bookcase,Furniture,Bookcases,217.46,4,0.2,-32.34,18.65,Travis Allen,Consumer,East,New York,2023-10-13,2023-10-15
ORD-102715,Bestar Folding Table,Furniture,Tables,227.67,6,0.0,15.74,33.02,David Hernandez,Corporate,South,Mississippi,2022-09-07,2022-09-10
ORD-102716,Sauder Bookcase,Furniture,Bookcases,322.85,8,0.1,0.89,25.48,Ashley Johnston,Corporate,West,Nevada,2021-03-03,2021-03-07
ORD-102717,Safco Round Table,Furniture,Tables,392.55,9,0.0,27.22,16.64,Kayla Nichols,Corporate,Central,Illinois,2023-10-27,2023-10-30
ORD-102718,Xerox Multi-Use Paper,Office Supplies,Paper,88.17,10,0.3,3.46,15.29,Cory Pitts,Corporate,West,California,2021-03-25,2021-03-28
ORD-102719,BIC Cristal Pens,Office Supplies,Art,100.94,6,0.0,21.9,15.97,Lisa Christensen,Corporate,West,Oregon,2023-03-17,2023-03-22
ORD-102720,Motorola Edge,Technology,Phones,313.69,8,0.0,46.53,23.34,Rhonda Carter,Home Office,South,Florida,2022-11-07,2022-11-09
ORD-102721,Eldon Mobile,Office Supplies,Storage,62.78,10,0.3,-2.95,9.98,James Smith,Consumer,Central,Michigan,2021-04-03,2021-04-06
ORD-102722,Sharp MX,Technology,Copiers,530.91,7,0.0,89.67,18.41,Jennifer Wright,Corporate,East,Maryland,2023-04-05,2023-04-08
ORD-102723,Fellowes Storage Case,Office Supplies,Storage,46.81,2,0.2,6.95,28.32,Taylor Sims,Corporate,Central,Minnesota,2022-11-24,2022-11-25
ORD-102724,Wilson Jones Binder,Office Supplies,Binders,100.24,9,0.1,6.98,24.31,Jennifer Montgomery,Consumer,West,Washington,2021-04-01,2021-04-02
ORD-102725,Jiffy Mailer,Office Supplies,Envelopes,75.86,10,0.0,17.11,27.59,Rhonda Allen,Home Office,East,Virginia,2023-04-02,2023-04-03
ORD-102726,Apple iPhone 14,Technology,Phones,682.73,8,0.0,85.06,31.29,Beth Baker,Consumer,West,Utah,2022-01-31,2022-02-05
ORD-102727,Ergon Chair,Furniture,Chairs,427.12,2,0.0,72.6,22.37,Deborah Allen,Corporate,Central,Minnesota,2023-02-07,2023-02-11
ORD-102728,Ergon Chair,Furniture,Chairs,234.56,10,0.1,1.44,19.52,Caitlin Bryant,Home Office,East,Maryland,2023-02-05,2023-02-06
ORD-102729,Avery Flexi-View,Office Supplies,Binders,56.84,10,0.4,-6.26,20.27,Drew Salazar,Consumer,East,Connecticut,2023-10-25,2023-10-28
ORD-102730,Kraft Envelopes,Office Supplies,Envelopes,88.83,2,0.0,22.47,20.73,Mary Meza,Consumer,South,Louisiana,2022-02-22,2022-02-26
ORD-102731,Anker Charger,Technology,Accessories,584.43,10,0.4,-103.68,37.9,Ronald Ramsey,Home Office,Central,Texas,2022-03-02,2022-03-07
ORD-102732,Jabra Headset,Technology,Accessories,95.23,9,0.0,17.04,9.08,Michelle Smith,Consumer,East,Massachusetts,2022-06-28,2022-06-29
ORD-102733,Xerox WorkCentre,Technology,Copiers,456.97,7,0.3,-21.72,32.14,Daniel Abbott,Home Office,East,Maryland,2023-07-09,2023-07-12
ORD-102734,Eldon Mobile,Office Supplies,Storage,79.55,2,0.0,18.0,7.77,Travis Allen,Consumer,Central,Illinois,2021-03-09,2021-03-13
ORD-102735,Avery Heavy Duty Binder,Office Supplies,Binders,138.49,10,0.3,-0.13,30.78,Brandon Marsh,Corporate,West,Utah,2023-06-03,2023-06-04
ORD-102736,Bush Coat Rack,Furniture,Furnishings,265.2,4,0.0,19.89,15.99,Daniel Long,Consumer,West,California,2022-02-05,2022-02-07
ORD-102737,Hon 4070 Chair,Furniture,Chairs,289.62,9,0.0,52.66,16.57,Randy Terry,Consumer,South,Louisiana,2022-11-30,2022-12-04
ORD-102738,Logitech Keyboard,Technology,Accessories,380.67,2,0.1,37.69,18.01,Patrick Brown,Consumer,West,Utah,2021-03-05,2021-03-08
ORD-102739,HP Office Paper,Office Supplies,Paper,74.57,1,0.4,-3.36,23.43,Jason Clark,Corporate,Central,Wisconsin,2021-07-31,2021-08-06
ORD-102740,Anker Charger,Technology,Accessories,723.57,10,0.4,-85.0,18.28,Lisa Joyce,Consumer,South,Alabama,2023-10-21,2023-10-27
ORD-102741,Mead Envelopes,Office Supplies,Envelopes,92.65,5,0.0,20.55,16.52,Janet King,Home Office,East,Massachusetts,2023-04-08,2023-04-09
ORD-102742,Mead Envelopes,Office Supplies,Envelopes,13.7,2,0.0,3.52,21.23,Robert Franklin,Consumer,East,Massachusetts,2022-03-28,2022-04-01
ORD-102743,Lorell Mirror,Furniture,Furnishings,326.1,5,0.1,13.51,29.85,Rodney Bentley,Home Office,West,Oregon,2021-02-02,2021-02-05
ORD-102744,Avery Address Labels,Office Supplies,Labels,67.23,8,0.0,13.5,30.82,Theresa Brown,Home Office,East,Massachusetts,2021-06-25,2021-06-30
ORD-102745,Eldon Mobile,Office Supplies,Storage,76.85,7,0.0,20.83,26.32,Christopher Vasquez,Home Office,Central,Minnesota,2023-04-01,2023-04-03
ORD-102746,Rubbermaid Tote,Office Supplies,Storage,77.88,5,0.1,19.01,8.0,Nathan Jennings,Consumer,South,Tennessee,2023-03-06,2023-03-08
ORD-102747,Lorell Mirror,Furniture,Furnishings,361.7,3,0.3,-73.71,30.38,Kenneth Lynch,Consumer,East,New York,2023-03-31,2023-04-05
ORD-102748,Zebra Label Printer,Technology,Machines,389.43,6,0.0,57.41,15.63,Robert Allen,Consumer,West,Washington,2022-08-28,2022-08-29
ORD-102749,Eldon Shelf,Furniture,Furnishings,46.67,10,0.0,8.4,14.48,Michelle Smith,Consumer,East,Connecticut,2022-02-20,2022-02-23
ORD-102750,Motorola Edge,Technology,Phones,522.5,6,0.0,107.98,15.82,April Howard,Corporate,West,California,2021-05-09,2021-05-12
ORD-102751,Eldon Shelf,Furniture,Furnishings,329.85,5,0.2,-42.58,16.14,Brandon Marsh,Home Office,Central,Minnesota,2021-09-01,2021-09-05
ORD-102752,Navigator Paper,Office Supplies,Paper,74.52,5,0.4,-4.32,28.5,Deborah Allen,Home Office,East,Pennsylvania,2021-09-17,2021-09-21
ORD-102753,Advantus Binder Clips,Office Supplies,Fasteners,56.36,8,0.1,0.76,11.29,Jessica Hill,Consumer,Central,Missouri,2022-04-09,2022-04-13
ORD-102754,AT-A-GLANCE Planner,Office Supplies,Supplies,82.73,3,0.0,17.61,7.75,Susan Hamilton,Home Office,West,Colorado,2022-02-08,2022-02-12
ORD-102755,Sharp MX,Technology,Copiers,431.69,1,0.3,-10.18,26.94,John Davis,Consumer,East,Connecticut,2023-12-24,2023-12-26
ORD-102756,Ricoh Aficio,Technology,Copiers,512.02,4,0.2,16.87,23.0,Donna Jones,Corporate,South,Alabama,2021-11-05,2021-11-10
ORD-102757,Brother Fax Machine,Technology,Machines,601.29,9,0.1,14.46,29.42,James Smith,Corporate,South,Georgia,2023-08-28,2023-08-31
ORD-102758,BIC Cristal Pens,Office Supplies,Art,106.15,6,0.0,26.68,8.28,Christopher Thompson,Corporate,Central,Ohio,2022-02-05,2022-02-09
ORD-102759,Staedtler Pens,Office Supplies,Art,50.33,5,0.0,7.29,10.23,Stephanie Ramirez,Consumer,East,New Jersey,2023-08-13,2023-08-19
ORD-102760,Sanford Markers,Office Supplies,Art,66.13,7,0.4,-8.8,23.45,Donna Jones,Consumer,Central,Michigan,2023-12-16,2023-12-18
ORD-102761,Rubbermaid Cabinet,Furniture,Furnishings,400.41,8,0.0,27.74,28.97,William Robinson,Corporate,Central,Wisconsin,2023-12-27,2023-12-29
ORD-102762,Global Leather Chair,Furniture,Chairs,207.24,2,0.0,14.39,27.4,Nathan Jennings,Consumer,South,Alabama,2021-04-24,2021-04-28
ORD-102763,Google Pixel 7,Technology,Phones,588.98,5,0.3,-34.95,21.89,Jessica Chapman,Home Office,Central,Wisconsin,2021-10-07,2021-10-10
ORD-102764,Xerox WorkCentre,Technology,Copiers,381.32,5,0.0,66.54,23.08,Christina Smith,Consumer,Central,Ohio,2021-01-08,2021-01-12
ORD-102765,Xerox WorkCentre,Technology,Copiers,616.73,4,0.3,-60.11,39.29,April Howard,Home Office,East,Maryland,2022-07-10,2022-07-16
ORD-102766,Eldon Shelf,Furniture,Furnishings,467.86,5,0.0,51.71,20.5,Jessica Smith,Corporate,East,New York,2023-07-13,2023-07-15
ORD-102767,Mead Envelopes,Office Supplies,Envelopes,84.87,9,0.1,22.49,27.32,Brian Williams,Consumer,South,Louisiana,2023-10-14,2023-10-17
ORD-102768,Logitech Keyboard,Technology,Accessories,241.1,10,0.0,39.13,20.14,Casey Liu,Corporate,Central,Minnesota,2023-09-03,2023-09-07
ORD-102769,Prepac Bookcase,Furniture,Bookcases,162.11,3,0.0,23.93,29.76,Kaitlin Young,Consumer,East,Pennsylvania,2022-03-26,2022-03-30
ORD-102770,Xerox WorkCentre,Technology,Copiers,680.27,5,0.2,70.41,40.32,Brittany Joyce,Consumer,Central,Michigan,2022-10-21,2022-10-24
ORD-102771,Rubbermaid Cabinet,Furniture,Furnishings,456.87,5,0.0,41.17,12.62,Carrie Owens,Corporate,South,Tennessee,2023-12-12,2023-12-15
ORD-102772,Tyvek Mailer,Office Supplies,Envelopes,78.31,7,0.5,-20.64,8.33,Alison Taylor,Corporate,East,New York,2023-04-05,2023-04-08
ORD-102773,Sanford Markers,Office Supplies,Art,155.15,9,0.0,37.77,21.1,Emily Copeland,Home Office,West,Utah,2021-11-13,2021-11-15
ORD-102774,Brother Fax Machine,Technology,Machines,331.29,6,0.2,28.62,36.58,James Smith,Home Office,West,Washington,2022-06-20,2022-06-25
ORD-102775,Staples Copy Paper,Office Supplies,Paper,58.87,5,0.1,9.44,30.87,John Burgess,Home Office,South,Louisiana,2023-06-02,2023-06-06
ORD-102776,Brother Fax Machine,Technology,Machines,382.38,10,0.4,-41.32,25.83,Michael Nelson,Home Office,Central,Minnesota,2021-07-13,2021-07-15
ORD-102777,Fellowes Storage Case,Office Supplies,Storage,87.97,2,0.0,12.97,15.26,Daniel Abbott,Home Office,East,Pennsylvania,2021-08-19,2021-08-25
ORD-102778,Memorex Tape,Office Supplies,Supplies,92.42,7,0.0,25.18,30.49,Joseph Lopez,Corporate,Central,Minnesota,2022-04-27,2022-04-30
ORD-102779,Prepac Bookcase,Furniture,Bookcases,306.49,6,0.1,18.01,16.1,Stephen Curtis,Corporate,Central,Ohio,2021-07-14,2021-07-16
ORD-102780,Ikea BEKANT Desk,Furniture,Tables,184.54,7,0.0,18.21,20.1,Joshua Butler,Home Office,West,Utah,2021-05-31,2021-06-04
ORD-102781,Lorell Mirror,Furniture,Furnishings,235.06,9,0.1,13.48,13.33,Raymond Guerra,Corporate,South,North Carolina,2023-09-29,2023-10-02
ORD-102782,Nokia 5310,Technology,Phones,415.04,1,0.5,-76.99,28.91,Theresa Estrada,Corporate,Central,Texas,2022-09-25,2022-09-27
ORD-102783,Dixon Ticonderoga Pencils,Office Supplies,Art,124.81,7,0.0,31.77,28.88,Eric Hood,Corporate,West,Arizona,2022-09-02,2022-09-04
ORD-102784,Motorola Edge,Technology,Phones,453.7,5,0.0,59.02,17.44,Gregory Simmons,Home Office,Central,Minnesota,2021-03-09,2021-03-11
ORD-102785,Motorola Edge,Technology,Phones,409.55,7,0.0,62.8,36.4,Kara Davis,Consumer,East,New York,2022-05-30,2022-06-02
ORD-102786,HP Office Paper,Office Supplies,Paper,78.99,4,0.1,9.58,29.48,Crystal Williams DVM,Home Office,East,New Jersey,2022-05-28,2022-06-02
ORD-102787,Deflect-o Stackable,Office Supplies,Storage,58.64,10,0.2,-2.22,7.36,Jeffery Rogers,Consumer,West,Nevada,2023-02-21,2023-02-24
ORD-102788,Rubbermaid Cabinet,Furniture,Furnishings,229.82,9,0.3,-29.95,22.92,Dustin Patterson,Consumer,West,Colorado,2022-01-07,2022-01-12
ORD-102789,Mead Envelopes,Office Supplies,Envelopes,46.86,6,0.4,-4.65,15.92,Dustin Patterson,Corporate,South,Florida,2023-06-18,2023-06-25
ORD-102790,Memorex Tape,Office Supplies,Supplies,150.81,10,0.0,40.89,32.07,Gregory Simmons,Corporate,East,New York,2022-02-05,2022-02-07
ORD-102791,Sterilite Storage Box,Office Supplies,Storage,142.59,9,0.2,11.34,29.27,Gary Anderson,Consumer,South,Alabama,2023-10-20,2023-10-23
ORD-102792,HP LaserJet,Technology,Machines,596.8,7,0.5,-152.9,27.86,William Robinson,Home Office,South,Georgia,2023-05-11,2023-05-16
ORD-102793,Maco Labels,Office Supplies,Labels,69.38,3,0.0,5.76,8.45,Mark Chapman,Home Office,Central,Ohio,2022-08-24,2022-08-29
ORD-102794,Mead Envelopes,Office Supplies,Envelopes,127.96,6,0.1,27.77,23.27,Mary Martin,Home Office,South,Mississippi,2023-03-22,2023-03-27
ORD-102795,Zebra Label Printer,Technology,Machines,321.49,5,0.3,-23.37,33.92,Samantha Hendrix,Consumer,East,New Jersey,2023-03-05,2023-03-08
ORD-102796,BIC Cristal Pens,Office Supplies,Art,65.88,8,0.0,15.75,21.8,William West,Consumer,East,Virginia,2022-10-17,2022-10-21
ORD-102797,Fellowes Storage Case,Office Supplies,Storage,126.0,1,0.0,16.74,27.25,Cindy Parker,Corporate,West,Colorado,2022-07-13,2022-07-17
ORD-102798,Staples Copy Paper,Office Supplies,Paper,103.1,4,0.2,4.76,15.1,Jamie Pierce,Consumer,East,New Jersey,2022-12-17,2022-12-20
ORD-102799,Samsung Galaxy S22,Technology,Phones,428.14,1,0.2,18.39,19.03,Kara Davis,Consumer,South,Alabama,2023-04-06,2023-04-10
ORD-102800,Steelcase Leap,Furniture,Chairs,287.42,4,0.0,27.25,35.46,Patricia Jones,Consumer,East,New Jersey,2021-03-01,2021-03-04
ORD-102801,Global Leather Chair,Furniture,Chairs,284.33,8,0.2,-3.27,20.35,Patricia Hammond,Corporate,South,North Carolina,2022-06-12,2022-06-17
ORD-102802,Fiskars Scissors,Office Supplies,Supplies,103.4,7,0.2,7.34,11.75,Yvonne Wilson,Corporate,South,North Carolina,2022-02-18,2022-02-23
ORD-102803,Ricoh Aficio,Technology,Copiers,206.65,10,0.0,33.29,29.16,Anthony Conley,Corporate,East,New Jersey,2021-10-07,2021-10-13
ORD-102804,Konica Minolta,Technology,Copiers,553.79,10,0.0,100.73,24.65,Jose Hogan,Home Office,East,Massachusetts,2021-04-20,2021-04-25
ORD-102805,AT-A-GLANCE Planner,Office Supplies,Supplies,111.11,1,0.1,25.37,12.34,Phillip Lewis,Corporate,South,Georgia,2023-11-27,2023-11-30
ORD-102806,IKEA KALLAX,Furniture,Bookcases,434.63,1,0.4,-93.59,36.3,Janice Webb,Corporate,South,Alabama,2022-03-17,2022-03-22
ORD-102807,Xerox WorkCentre,Technology,Copiers,328.24,7,0.3,-61.6,11.2,Ronald Ingram,Corporate,South,Mississippi,2022-01-11,2022-01-14
ORD-102808,Cardinal Binder,Office Supplies,Binders,84.61,2,0.3,-3.07,20.08,Ebony Adams,Home Office,West,Washington,2021-06-24,2021-06-28
ORD-102809,Prepac Bookcase,Furniture,Bookcases,356.84,4,0.1,4.39,35.39,Allison Wells,Consumer,Central,Wisconsin,2021-09-18,2021-09-20
ORD-102810,Staples Copy Paper,Office Supplies,Paper,79.75,6,0.0,10.45,5.4,Randy Terry,Consumer,East,Virginia,2023-07-03,2023-07-04
ORD-102811,Bush Coat Rack,Furniture,Furnishings,197.2,8,0.1,8.64,14.2,Taylor Hall,Corporate,West,Utah,2023-05-26,2023-05-29
ORD-102812,Zebra Label Printer,Technology,Machines,684.55,5,0.2,10.35,16.89,Laurie Smith,Home Office,West,Nevada,2022-02-06,2022-02-11
ORD-102813,Acco Staple Remover,Office Supplies,Supplies,100.49,8,0.1,18.85,27.13,Brittany Joyce,Consumer,East,Connecticut,2022-08-20,2022-08-25
ORD-102814,Staples Standard Staples,Office Supplies,Fasteners,64.05,6,0.2,5.02,17.85,Patrick Brown,Consumer,East,Massachusetts,2022-05-17,2022-05-22
ORD-102815,Navigator Paper,Office Supplies,Paper,66.3,4,0.5,-9.07,30.56,Timothy Robertson,Corporate,Central,Wisconsin,2022-07-01,2022-07-07
ORD-102816,Sterilite Storage Box,Office Supplies,Storage,94.84,2,0.2,7.11,9.19,Anthony Conley,Consumer,Central,Texas,2021-03-10,2021-03-13
ORD-102817,Deflect-o Stackable,Office Supplies,Storage,64.96,4,0.0,16.59,30.34,Gabriel Marshall,Consumer,West,Washington,2021-03-19,2021-03-24
ORD-102818,Logitech Keyboard,Technology,Accessories,743.55,6,0.0,96.37,39.33,Brittany Joyce,Corporate,South,Alabama,2022-12-24,2022-12-27
ORD-102819,Avery File Folder Labels,Office Supplies,Labels,79.13,4,0.0,18.32,30.95,Carmen Fowler,Consumer,East,New York,2021-05-04,2021-05-09
ORD-102820,Logitech Keyboard,Technology,Accessories,535.82,9,0.0,81.46,38.25,Katherine Parker,Consumer,West,Colorado,2022-10-31,2022-11-01
ORD-102821,Nokia 5310,Technology,Phones,63.28,5,0.1,10.63,23.4,Dennis Mason,Home Office,West,California,2022-09-09,2022-09-13
ORD-102822,Bush Coat Rack,Furniture,Furnishings,401.26,3,0.0,5.16,30.38,Jennifer Cardenas,Corporate,South,Georgia,2022-03-22,2022-03-28
ORD-102823,Kraft Envelopes,Office Supplies,Envelopes,70.56,9,0.4,-1.52,16.2,Timothy Best,Consumer,West,Nevada,2022-11-02,2022-11-05
ORD-102824,Ergon Chair,Furniture,Chairs,483.74,8,0.2,-6.32,33.57,Dustin Patterson,Home Office,Central,Texas,2022-07-17,2022-07-22
ORD-102825,HP LaserJet,Technology,Machines,381.82,2,0.1,39.77,30.29,John Gomez,Consumer,East,Pennsylvania,2023-12-14,2023-12-18
ORD-102826,Konica Minolta,Technology,Copiers,389.05,5,0.1,60.85,18.39,John Davis,Corporate,East,Maryland,2022-11-04,2022-11-09
ORD-102827,Navigator Paper,Office Supplies,Paper,61.97,5,0.0,11.14,29.01,Jason Clark,Consumer,West,Colorado,2021-08-24,2021-08-29
ORD-102828,Jiffy Mailer,Office Supplies,Envelopes,122.33,6,0.3,-2.72,19.17,Susan Lawson,Corporate,Central,Minnesota,2021-02-24,2021-02-27
ORD-102829,Bestar Folding Table,Furniture,Tables,475.42,8,0.3,-82.52,24.71,James Smith,Corporate,South,Tennessee,2021-06-09,2021-06-14
ORD-102830,Anker Charger,Technology,Accessories,401.24,9,0.1,21.62,34.02,Kayla Elliott,Consumer,Central,Wisconsin,2023-10-15,2023-10-21
ORD-102831,Hon 4070 Chair,Furniture,Chairs,310.88,6,0.1,-16.76,16.89,Rebecca Lewis,Corporate,South,Florida,2022-05-24,2022-05-27
ORD-102832,Fiskars Scissors,Office Supplies,Supplies,74.4,10,0.0,11.03,15.88,James Patel,Consumer,East,Massachusetts,2022-09-28,2022-10-02
ORD-102833,Safco Round Table,Furniture,Tables,393.27,8,0.0,53.42,30.69,Lori West,Corporate,East,Pennsylvania,2023-09-28,2023-09-30
ORD-102834,Belkin USB Hub,Technology,Accessories,133.16,6,0.0,32.85,7.36,Jared Clark,Corporate,South,Georgia,2021-02-12,2021-02-15
ORD-102835,3M Post-it Flags,Office Supplies,Labels,169.92,1,0.0,37.77,32.33,Jasmine Anderson,Home Office,East,Massachusetts,2022-08-03,2022-08-08
ORD-102836,Jiffy Mailer,Office Supplies,Envelopes,69.48,3,0.5,-2.69,15.84,Donna Jones,Consumer,Central,Missouri,2022-11-20,2022-11-24
ORD-102837,Quartet Calendar,Office Supplies,Supplies,47.79,1,0.0,10.56,25.65,Carmen Fowler,Consumer,South,Alabama,2022-03-16,2022-03-19
ORD-102838,Steelcase Leap,Furniture,Chairs,331.55,6,0.2,2.41,24.73,Donald Morales,Consumer,West,California,2021-07-07,2021-07-08
ORD-102839,AT-A-GLANCE Planner,Office Supplies,Supplies,101.51,1,0.3,-4.56,21.66,Katherine Parker,Consumer,West,Washington,2021-11-21,2021-11-23
ORD-102840,Sterilite Storage Box,Office Supplies,Storage,59.56,1,0.0,12.09,25.52,Adam White,Corporate,Central,Wisconsin,2022-05-12,2022-05-17
ORD-102841,Brother Fax Machine,Technology,Machines,248.89,1,0.0,45.4,27.1,Patrick Dixon,Consumer,West,California,2022-02-08,2022-02-12
ORD-102842,Rubbermaid Tote,Office Supplies,Storage,71.95,4,0.1,4.7,21.62,Eric Chandler,Consumer,South,Alabama,2022-05-02,2022-05-06
ORD-102843,Ibico MB,Office Supplies,Binders,130.16,9,0.0,25.4,26.01,Alison Taylor,Consumer,West,Arizona,2023-11-29,2023-12-01
ORD-102844,Brother Fax Machine,Technology,Machines,207.1,2,0.0,35.54,12.17,John Gomez,Consumer,East,Connecticut,2023-07-17,2023-07-20
ORD-102845,Hon 10500 Table,Furniture,Tables,318.2,8,0.2,-46.88,14.61,Jonathan White,Home Office,Central,Ohio,2023-04-09,2023-04-12
ORD-102846,Lorell Mirror,Furniture,Furnishings,349.8,9,0.0,16.67,28.71,Brianna Warner,Corporate,West,Nevada,2021-12-07,2021-12-12
ORD-102847,Stanley Staple Gun,Office Supplies,Fasteners,144.75,2,0.0,35.64,31.54,Joshua Bush,Consumer,West,Oregon,2023-08-30,2023-09-02
ORD-102848,Brother Fax Machine,Technology,Machines,346.02,7,0.0,49.39,13.81,Holly Smith,Consumer,East,Virginia,2023-02-26,2023-03-03
ORD-102849,Sharp MX,Technology,Copiers,393.21,7,0.0,82.83,36.65,Jacqueline Yang,Corporate,East,Virginia,2022-07-26,2022-07-27
ORD-102850,Avery Heavy Duty Binder,Office Supplies,Binders,89.18,4,0.2,4.38,22.33,Angela Hubbard,Consumer,West,Utah,2023-03-07,2023-03-10
ORD-102851,Bestar Folding Table,Furniture,Tables,317.0,8,0.2,-28.59,30.23,Brandon Marsh,Consumer,East,Pennsylvania,2021-10-07,2021-10-10
ORD-102852,Cardinal Binder,Office Supplies,Binders,79.02,6,0.1,2.82,11.18,Matthew Jones,Home Office,South,Tennessee,2021-04-20,2021-04-27
ORD-102853,Rubbermaid Cabinet,Furniture,Furnishings,426.85,8,0.1,14.91,26.7,Samantha Smith,Consumer,South,Louisiana,2022-06-28,2022-07-03
ORD-102854,Global Leather Chair,Furniture,Chairs,217.19,5,0.2,7.59,32.74,David Johnson,Corporate,South,Louisiana,2021-01-05,2021-01-07
ORD-102855,Bestar Folding Table,Furniture,Tables,320.44,5,0.5,-112.73,19.0,James Reed,Consumer,South,Florida,2022-06-25,2022-06-28
ORD-102856,Motorola Edge,Technology,Phones,547.08,7,0.1,65.6,26.25,Rebecca Taylor,Home Office,West,California,2022-05-30,2022-06-04
ORD-102857,Anker Charger,Technology,Accessories,473.13,9,0.0,75.09,37.95,Cory Pitts,Corporate,East,Maryland,2021-07-24,2021-07-29
ORD-102858,Global Leather Chair,Furniture,Chairs,364.06,6,0.0,31.64,12.65,Steven Davis,Home Office,West,Oregon,2021-02-14,2021-02-19
ORD-102859,Staedtler Pens,Office Supplies,Art,107.79,3,0.3,-12.42,23.29,Frederick Moss,Consumer,South,Tennessee,2022-06-23,2022-06-30
ORD-102860,HP Wireless Mouse,Technology,Accessories,340.58,10,0.5,-45.6,29.7,Rhonda Carter,Consumer,East,New York,2021-04-08,2021-04-13
ORD-102861,Lorell Glass Table,Furniture,Tables,217.95,5,0.1,-2.22,28.06,Taylor Johnson,Consumer,East,Connecticut,2023-10-03,2023-10-04
ORD-102862,Jabra Headset,Technology,Accessories,338.33,2,0.5,-94.98,31.41,Mary Lambert,Consumer,East,Maryland,2023-01-12,2023-01-16
ORD-102863,Avery Address Labels,Office Supplies,Labels,19.34,8,0.2,0.94,23.42,Kimberly Roberts,Consumer,Central,Missouri,2022-03-18,2022-03-21
ORD-102864,Apple iPhone 14,Technology,Phones,431.74,10,0.1,42.04,20.79,Kerry Jackson,Consumer,West,Washington,2023-01-21,2023-01-23
ORD-102865,Canon imageRUNNER,Technology,Copiers,386.82,10,0.0,70.46,18.35,Jessica Chapman,Consumer,West,California,2022-02-16,2022-02-21
ORD-102866,Realspace Bookcase,Furniture,Bookcases,432.74,2,0.4,-99.32,37.79,Barbara Barber,Consumer,East,Pennsylvania,2021-06-28,2021-06-30
ORD-102867,Safco Round Table,Furniture,Tables,241.11,7,0.1,1.43,11.57,Timothy Ford,Consumer,South,North Carolina,2022-11-27,2022-12-01
ORD-102868,Eldon Shelf,Furniture,Furnishings,379.52,1,0.0,64.75,36.51,Bianca Melton,Corporate,West,Nevada,2021-04-21,2021-04-25
ORD-102869,Motorola Edge,Technology,Phones,309.5,2,0.2,7.72,11.66,Ryan Koch,Corporate,South,Florida,2023-06-14,2023-06-18
ORD-102870,Avery File Folder Labels,Office Supplies,Labels,100.83,10,0.3,-7.02,25.54,Timothy Best,Corporate,West,Oregon,2023-02-24,2023-02-27
ORD-102871,Stanley Staple Gun,Office Supplies,Fasteners,90.65,2,0.4,-15.71,16.12,Jonathan Baker,Corporate,Central,Wisconsin,2022-04-19,2022-04-20
ORD-102872,Staples Standard Staples,Office Supplies,Fasteners,33.39,4,0.0,7.96,11.0,Jeremy Cervantes,Consumer,West,Utah,2023-08-27,2023-09-01
ORD-102873,IKEA KALLAX,Furniture,Bookcases,263.94,5,0.0,29.06,29.2,Jeremiah Smith,Consumer,East,Connecticut,2023-03-22,2023-03-26
ORD-102874,Steelcase Leap,Furniture,Chairs,307.85,5,0.0,15.76,19.01,Nathan Jennings,Corporate,East,New York,2021-05-13,2021-05-16
ORD-102875,Ikea BEKANT Desk,Furniture,Tables,304.57,5,0.0,11.68,28.01,David Marshall,Corporate,Central,Michigan,2022-05-23,2022-05-26
ORD-102876,Advantus Binder Clips,Office Supplies,Fasteners,134.51,8,0.4,-22.57,6.58,Carrie Sanchez,Home Office,South,Mississippi,2021-04-19,2021-04-20
ORD-102877,Realspace Bookcase,Furniture,Bookcases,286.51,10,0.0,13.72,32.99,Janice Webb,Home Office,East,New York,2021-10-28,2021-10-30
ORD-102878,Memorex Tape,Office Supplies,Supplies,108.25,6,0.0,22.02,8.09,Jessica Scott,Home Office,South,Louisiana,2022-04-04,2022-04-09
ORD-102879,Prepac Bookcase,Furniture,Bookcases,247.76,10,0.0,35.35,28.57,Jennifer Browning,Home Office,East,Massachusetts,2023-02-15,2023-02-19
ORD-102880,Mead Envelopes,Office Supplies,Envelopes,90.94,4,0.0,22.36,22.38,Steven Davis,Consumer,East,Virginia,2021-05-22,2021-05-29
ORD-102881,Fellowes Storage Case,Office Supplies,Storage,58.6,5,0.0,8.78,13.63,Jonathan White,Corporate,South,Florida,2023-09-27,2023-10-01
ORD-102882,BIC Cristal Pens,Office Supplies,Art,93.43,8,0.3,-3.36,31.61,Lori Levine,Consumer,West,Utah,2022-08-30,2022-09-05
ORD-102883,Logitech Keyboard,Technology,Accessories,510.23,7,0.0,89.8,38.63,Taylor Howard,Home Office,South,Alabama,2023-01-26,2023-01-27
ORD-102884,Hon 10500 Table,Furniture,Tables,334.61,2,0.0,6.3,21.47,Katherine Parker,Consumer,East,Virginia,2022-01-09,2022-01-12
ORD-102885,Jabra Headset,Technology,Accessories,712.15,10,0.0,122.34,32.25,Joanna Ruiz,Corporate,East,Connecticut,2021-02-10,2021-02-14
ORD-102886,Expo Dry Erase,Office Supplies,Art,112.32,6,0.4,-15.93,26.91,Timothy Robertson,Consumer,South,Louisiana,2023-08-16,2023-08-17
ORD-102887,Memorex Tape,Office Supplies,Supplies,99.86,3,0.2,-0.51,18.67,David Martinez,Corporate,East,New Jersey,2023-12-09,2023-12-12
ORD-102888,Rubbermaid Cabinet,Furniture,Furnishings,364.25,4,0.2,-28.34,36.25,Alison Taylor,Home Office,South,Florida,2021-07-25,2021-07-27
ORD-102889,Ibico MB,Office Supplies,Binders,90.93,4,0.0,23.18,11.3,Kevin Wagner,Consumer,West,Washington,2023-01-12,2023-01-15
ORD-102890,BIC Cristal Pens,Office Supplies,Art,50.56,7,0.1,5.35,11.18,James Reed,Consumer,East,New York,2023-07-31,2023-08-05
ORD-102891,Prepac Bookcase,Furniture,Bookcases,364.88,8,0.2,16.39,17.38,Bianca Melton,Consumer,East,Connecticut,2023-12-12,2023-12-15
ORD-102892,Sharp MX,Technology,Copiers,387.91,9,0.0,81.29,25.26,Cindy Parker,Home Office,West,Oregon,2023-07-10,2023-07-16
ORD-102893,Eldon Shelf,Furniture,Furnishings,297.16,2,0.2,11.03,10.61,Jeffery Rogers,Consumer,West,Oregon,2023-02-03,2023-02-06
ORD-102894,Global Leather Chair,Furniture,Chairs,100.33,2,0.1,2.48,30.99,Sharon Hansen,Consumer,South,Mississippi,2023-02-18,2023-02-23
ORD-102895,Samsung Galaxy S22,Technology,Phones,149.91,9,0.0,8.2,14.66,Patricia Welch,Corporate,East,Pennsylvania,2022-01-23,2022-01-26
ORD-102896,Rubbermaid Cabinet,Furniture,Furnishings,345.7,3,0.1,9.33,14.55,Rebecca Lewis,Consumer,West,Washington,2023-03-17,2023-03-21
ORD-102897,Ricoh Aficio,Technology,Copiers,364.43,9,0.0,63.66,26.24,Christina Hoffman,Consumer,South,Alabama,2021-10-06,2021-10-10
ORD-102898,Advantus Ring Binder,Furniture,Furnishings,681.8,4,0.0,59.38,34.05,Deborah Allen,Consumer,West,Utah,2022-02-08,2022-02-11
ORD-102899,Xerox Multi-Use Paper,Office Supplies,Paper,106.32,6,0.3,-5.58,22.52,Abigail Berger,Corporate,Central,Wisconsin,2023-11-12,2023-11-15
ORD-102900,Quartet Calendar,Office Supplies,Supplies,99.45,3,0.2,4.78,10.7,Melissa Jenkins,Consumer,East,Massachusetts,2021-04-24,2021-04-27
ORD-102901,Apple iPhone 14,Technology,Phones,344.32,8,0.0,93.29,26.6,Charles Avila,Consumer,Central,Michigan,2022-10-16,2022-10-19
ORD-102902,Eldon Mobile,Office Supplies,Storage,127.67,3,0.4,-11.89,12.48,Cheryl Banks,Corporate,Central,Michigan,2023-11-22,2023-11-23
ORD-102903,Lorell Mirror,Furniture,Furnishings,33.49,6,0.0,2.74,19.13,David Barrett,Corporate,East,Virginia,2022-02-13,2022-02-17
ORD-102904,Acco Binder Clips,Office Supplies,Fasteners,176.5,1,0.0,36.79,29.7,Aaron Little,Corporate,East,New York,2022-07-12,2022-07-15
ORD-102905,HP LaserJet,Technology,Machines,586.51,2,0.3,7.1,36.32,William Harrington,Home Office,West,California,2023-08-29,2023-09-01
ORD-102906,Eldon Mobile,Office Supplies,Storage,97.01,6,0.1,9.5,30.68,Hayden Garcia,Home Office,East,Pennsylvania,2023-11-01,2023-11-05
ORD-102907,Avery Heavy Duty Binder,Office Supplies,Binders,12.07,4,0.0,3.07,13.22,Isaac Riley DVM,Corporate,East,New Jersey,2022-03-07,2022-03-11
ORD-102908,Fellowes Storage Case,Office Supplies,Storage,63.93,6,0.0,14.63,30.99,Ronald Ingram,Consumer,West,Nevada,2021-04-19,2021-04-23
ORD-102909,3M Post-it Flags,Office Supplies,Labels,50.01,3,0.2,2.34,19.38,Carla Park,Consumer,Central,Missouri,2021-01-07,2021-01-13
ORD-102910,Acco Staple Remover,Office Supplies,Supplies,91.08,1,0.4,-7.88,26.46,Katherine Parker,Consumer,Central,Texas,2021-01-09,2021-01-12
ORD-102911,Apple iPhone 14,Technology,Phones,231.63,10,0.1,37.03,34.24,Stephanie Ramirez,Corporate,South,Florida,2022-11-29,2022-12-04
ORD-102912,Kraft Envelopes,Office Supplies,Envelopes,70.9,5,0.2,-1.68,24.35,Katherine Evans,Consumer,South,Georgia,2021-04-16,2021-04-19
ORD-102913,Canon Printer,Technology,Machines,392.56,9,0.0,71.34,27.25,Katherine Parker,Consumer,South,North Carolina,2021-12-30,2021-12-31
ORD-102914,Jiffy Mailer,Office Supplies,Envelopes,95.14,7,0.0,27.41,24.63,Stephanie Stevenson,Consumer,East,Pennsylvania,2023-06-13,2023-06-16
ORD-102915,Steelcase Leap,Furniture,Chairs,281.63,9,0.0,26.48,26.1,Jonathan Baker,Corporate,South,Louisiana,2021-01-26,2021-01-28
ORD-102916,Staedtler Pens,Office Supplies,Art,54.7,10,0.0,14.28,6.41,Ashley Johnston,Consumer,East,Maryland,2021-07-22,2021-07-26
ORD-102917,Brother Fax Machine,Technology,Machines,439.49,5,0.0,69.88,14.06,Jose Hogan,Consumer,Central,Minnesota,2021-08-26,2021-08-30
ORD-102918,Eldon Mobile,Office Supplies,Storage,29.05,7,0.0,8.49,3.74,Carla Park,Consumer,West,Arizona,2023-11-18,2023-11-24
ORD-102919,Hammermill Copy Paper,Office Supplies,Paper,50.71,1,0.2,1.54,17.68,Daniel Long,Home Office,South,North Carolina,2021-09-05,2021-09-10
ORD-102920,Lorell Mirror,Furniture,Furnishings,353.0,9,0.0,14.18,15.1,Melissa Jenkins,Consumer,Central,Minnesota,2022-09-12,2022-09-16
ORD-102921,Prepac Bookcase,Furniture,Bookcases,130.78,10,0.0,-0.81,30.15,Christopher Gibbs,Consumer,East,Massachusetts,2021-09-13,2021-09-16
ORD-102922,Nokia 5310,Technology,Phones,525.36,9,0.0,80.24,17.22,Brett Hanson,Consumer,East,New York,2022-10-04,2022-10-06
ORD-102923,Dixon Ticonderoga Pencils,Office Supplies,Art,183.67,3,0.0,31.28,26.29,Aaron Martinez,Corporate,Central,Texas,2021-07-29,2021-08-01
ORD-102924,Memorex Tape,Office Supplies,Supplies,60.51,6,0.0,11.6,26.76,Keith Lewis,Consumer,West,Utah,2022-05-31,2022-06-03
ORD-102925,Eldon Shelf,Furniture,Furnishings,339.18,3,0.2,-28.32,29.54,Drew Salazar,Consumer,South,Tennessee,2022-06-03,2022-06-05
ORD-102926,Deflect-o Stackable,Office Supplies,Storage,109.59,8,0.1,9.98,8.81,Jessica Scott,Consumer,South,North Carolina,2023-10-08,2023-10-12
ORD-102927,Sauder Bookcase,Furniture,Bookcases,144.21,6,0.3,-33.16,6.39,Jeffery Rogers,Home Office,East,Pennsylvania,2021-03-23,2021-03-26
ORD-102928,Canon imageRUNNER,Technology,Copiers,54.23,5,0.4,-9.0,15.88,Dennis Mason,Consumer,Central,Ohio,2023-10-07,2023-10-13
ORD-102929,Jabra Headset,Technology,Accessories,361.84,10,0.1,24.76,29.12,Carrie Sanchez,Corporate,South,Mississippi,2023-12-26,2023-12-30
ORD-102930,HP Wireless Mouse,Technology,Accessories,608.94,8,0.1,98.28,26.69,Rhonda Allen,Corporate,West,Nevada,2022-03-26,2022-03-30
ORD-102931,HP Office Paper,Office Supplies,Paper,79.29,8,0.3,-8.7,10.82,Ryan Vasquez,Home Office,West,Colorado,2021-02-13,2021-02-16
ORD-102932,Ikea BEKANT Desk,Furniture,Tables,242.0,10,0.0,16.94,10.02,Deborah Allen,Consumer,East,Maryland,2023-12-04,2023-12-08
ORD-102933,Eldon Shelf,Furniture,Furnishings,231.14,8,0.1,-3.44,7.79,Eric Chandler,Home Office,Central,Illinois,2022-01-27,2022-01-30
ORD-102934,Rubbermaid Tote,Office Supplies,Storage,69.09,7,0.0,13.86,6.29,Cheryl Banks,Consumer,Central,Michigan,2022-09-02,2022-09-06
ORD-102935,Kraft Envelopes,Office Supplies,Envelopes,69.66,5,0.2,4.91,8.79,Jason Pineda,Consumer,Central,Minnesota,2021-01-24,2021-01-29
ORD-102936,Bestar Folding Table,Furniture,Tables,353.24,6,0.0,19.24,25.77,Aaron Little,Consumer,East,Maryland,2023-01-30,2023-02-03
ORD-102937,Hon 4070 Chair,Furniture,Chairs,462.53,4,0.5,-161.42,34.03,James Reed,Consumer,South,Tennessee,2022-03-03,2022-03-07
ORD-102938,HP Office Paper,Office Supplies,Paper,38.23,8,0.4,-3.1,28.22,Jennifer Browning,Consumer,East,New Jersey,2023-05-29,2023-06-01
ORD-102939,Sharp MX,Technology,Copiers,279.21,4,0.4,-34.6,30.89,Rebecca Walker,Home Office,South,Mississippi,2021-10-16,2021-10-19
ORD-102940,Cardinal Binder,Office Supplies,Binders,13.08,10,0.2,1.7,18.66,Jennifer Cardenas,Consumer,East,Massachusetts,2021-12-20,2021-12-23
ORD-102941,Fiskars Scissors,Office Supplies,Supplies,111.51,8,0.2,-1.68,30.83,Kaitlin Young,Consumer,West,Utah,2022-04-17,2022-04-20
ORD-102942,Avery Address Labels,Office Supplies,Labels,42.68,4,0.5,-4.11,6.69,Jessica Smith,Corporate,East,New Jersey,2023-05-17,2023-05-20
ORD-102943,Bestar Folding Table,Furniture,Tables,221.51,10,0.4,-57.97,25.61,Ronald Ingram,Consumer,East,Virginia,2021-02-03,2021-02-10
ORD-102944,Ibico MB,Office Supplies,Binders,17.49,9,0.5,-3.45,22.66,Rebecca Rubio,Corporate,East,Pennsylvania,2021-02-23,2021-02-24
ORD-102945,Anker Charger,Technology,Accessories,373.56,2,0.1,50.72,14.11,Michael Duran,Consumer,East,Maryland,2021-03-18,2021-03-24
ORD-102946,Sharp MX,Technology,Copiers,186.15,3,0.3,-25.32,14.32,Dana Williams,Corporate,South,Louisiana,2022-06-21,2022-06-28
ORD-102947,Avery File Folder Labels,Office Supplies,Labels,104.43,8,0.0,28.23,24.64,Drew Salazar,Consumer,East,New Jersey,2023-09-07,2023-09-12
ORD-102948,Ricoh Aficio,Technology,Copiers,158.62,5,0.3,-0.94,6.22,Lori Levine,Consumer,East,Virginia,2022-09-21,2022-09-24
ORD-102949,Samsung Galaxy S22,Technology,Phones,416.01,10,0.0,97.59,12.6,Janet King,Consumer,Central,Ohio,2021-01-25,2021-01-29
ORD-102950,Dixon Ticonderoga Pencils,Office Supplies,Art,87.75,3,0.2,-5.8,17.96,David Martinez,Corporate,Central,Michigan,2023-08-26,2023-08-31
ORD-102951,AT-A-GLANCE Planner,Office Supplies,Supplies,85.14,6,0.3,2.81,10.58,Abigail Berger,Consumer,South,Tennessee,2021-06-07,2021-06-11
ORD-102952,HP Wireless Mouse,Technology,Accessories,267.0,10,0.1,21.52,25.51,Erika Marshall,Home Office,East,Connecticut,2023-09-11,2023-09-14
ORD-102953,Ikea BEKANT Desk,Furniture,Tables,288.86,6,0.0,-12.99,22.31,Kelsey Martin,Consumer,Central,Ohio,2021-11-26,2021-11-27
ORD-102954,Canon imageRUNNER,Technology,Copiers,677.42,8,0.5,-179.56,32.17,Antonio Yates,Corporate,Central,Illinois,2023-11-11,2023-11-16
ORD-102955,Xerox Multi-Use Paper,Office Supplies,Paper,106.18,9,0.0,22.9,10.33,Jonathan Baker,Home Office,East,New Jersey,2023-04-05,2023-04-10
ORD-102956,Bush Furniture Bookcase,Furniture,Bookcases,460.91,5,0.3,-55.17,28.44,Samantha Hernandez,Consumer,South,Louisiana,2021-08-06,2021-08-11
ORD-102957,IKEA KALLAX,Furniture,Bookcases,281.81,7,0.4,-74.59,8.86,Meghan Martin,Consumer,East,Massachusetts,2022-04-28,2022-05-02
ORD-102958,Wilson Jones Binder,Office Supplies,Binders,115.53,3,0.0,14.59,29.48,Joanna Ruiz,Corporate,West,Nevada,2021-04-22,2021-04-26
ORD-102959,Bush Furniture Bookcase,Furniture,Bookcases,387.51,8,0.3,-75.55,35.55,Jeffery Rogers,Consumer,Central,Ohio,2023-01-06,2023-01-10
ORD-102960,Dixon Ticonderoga Pencils,Office Supplies,Art,130.07,8,0.3,-1.55,23.94,Isaac Riley DVM,Home Office,East,Virginia,2023-04-27,2023-04-30
ORD-102961,Zebra Label Printer,Technology,Machines,513.06,7,0.0,94.45,25.24,Mary Fernandez,Corporate,East,New York,2021-01-19,2021-01-25
ORD-102962,Canon Printer,Technology,Machines,129.62,7,0.1,7.38,7.8,Stephen Curtis,Home Office,East,Maryland,2023-10-05,2023-10-09
ORD-102963,Canon imageRUNNER,Technology,Copiers,517.58,1,0.2,14.66,28.55,Carrie Owens,Home Office,Central,Ohio,2023-05-07,2023-05-10
ORD-102964,Apple iPhone 14,Technology,Phones,598.96,4,0.0,119.89,27.49,Lisa Christensen,Corporate,South,Tennessee,2023-04-29,2023-05-02
ORD-102965,Avery Address Labels,Office Supplies,Labels,59.07,7,0.3,-3.53,19.47,Timothy Wiggins,Consumer,South,Georgia,2021-04-07,2021-04-11
ORD-102966,Samsung Galaxy S22,Technology,Phones,426.47,9,0.5,-143.17,33.2,April Howard,Corporate,East,New Jersey,2023-09-16,2023-09-20
ORD-102967,BIC Cristal Pens,Office Supplies,Art,143.55,8,0.0,34.75,28.96,Patrick Dixon,Corporate,South,Mississippi,2023-06-25,2023-06-29
ORD-102968,Avery Address Labels,Office Supplies,Labels,129.27,4,0.0,18.22,7.85,Frederick Bond,Consumer,East,Connecticut,2021-09-06,2021-09-08
ORD-102969,Kraft Envelopes,Office Supplies,Envelopes,129.83,8,0.0,43.05,12.23,Jennifer Wright,Consumer,East,Pennsylvania,2022-06-26,2022-07-02
ORD-102970,Bestar Folding Table,Furniture,Tables,151.49,5,0.0,20.99,27.97,Debra Andrade,Home Office,Central,Michigan,2022-05-11,2022-05-17
ORD-102971,Samsung Galaxy S22,Technology,Phones,410.18,5,0.0,42.16,13.0,Douglas Rodriguez,Consumer,West,California,2022-11-09,2022-11-12
ORD-102972,Google Pixel 7,Technology,Phones,488.86,4,0.0,108.37,13.67,Stephen Reyes,Corporate,East,Pennsylvania,2021-02-25,2021-03-01
ORD-102973,Acco Binder Clips,Office Supplies,Fasteners,70.76,4,0.2,8.37,14.28,Abigail Berger,Home Office,West,Colorado,2021-09-21,2021-09-23
ORD-102974,Tyvek Mailer,Office Supplies,Envelopes,36.66,6,0.2,-0.54,20.5,Laura Martin,Home Office,East,New York,2022-02-14,2022-02-18
ORD-102975,Nokia 5310,Technology,Phones,431.86,4,0.1,43.73,32.53,David Barrett,Home Office,Central,Missouri,2022-09-30,2022-10-03
ORD-102976,HP Wireless Mouse,Technology,Accessories,295.35,10,0.1,41.49,31.91,Michael Smith,Corporate,Central,Illinois,2022-10-11,2022-10-15
ORD-102977,Belkin USB Hub,Technology,Accessories,494.94,6,0.1,70.73,31.63,Brandon Marsh,Corporate,West,Oregon,2022-09-29,2022-10-05
ORD-102978,Motorola Edge,Technology,Phones,390.3,8,0.2,19.57,24.53,Susan Hamilton,Consumer,East,Virginia,2022-11-14,2022-11-19
ORD-102979,Bush Furniture Bookcase,Furniture,Bookcases,256.52,8,0.1,31.47,14.96,Colton Lee,Consumer,Central,Texas,2023-07-13,2023-07-18
ORD-102980,Logitech Keyboard,Technology,Accessories,279.99,1,0.1,57.47,19.04,Anthony Conley,Consumer,Central,Michigan,2022-07-15,2022-07-19
ORD-102981,Fellowes Storage Case,Office Supplies,Storage,91.12,6,0.3,-8.09,26.49,Tommy Patterson,Home Office,South,Georgia,2023-12-26,2023-12-31
ORD-102982,Epson Scanner,Technology,Machines,628.89,2,0.0,117.16,38.43,Keith Lewis,Corporate,South,Florida,2023-10-15,2023-10-18
ORD-102983,Acco Binder Clips,Office Supplies,Fasteners,117.24,7,0.0,32.97,27.86,Deborah Warren,Consumer,West,Arizona,2021-02-19,2021-02-22
ORD-102984,OIC Binder Clips,Office Supplies,Fasteners,100.81,3,0.0,19.19,30.34,Jared Clark,Corporate,East,Massachusetts,2022-04-01,2022-04-03
ORD-102985,Google Pixel 7,Technology,Phones,566.11,4,0.2,11.34,40.74,William Smith,Consumer,East,Pennsylvania,2021-08-02,2021-08-06
ORD-102986,Acco Binder Clips,Office Supplies,Fasteners,111.95,3,0.2,-5.34,11.79,Jason Pineda,Corporate,West,Nevada,2022-09-01,2022-09-04
ORD-102987,Prepac Bookcase,Furniture,Bookcases,363.64,10,0.2,-33.43,34.46,Melanie Hall,Consumer,South,Louisiana,2021-07-05,2021-07-10
ORD-102988,Cardinal Binder,Office Supplies,Binders,142.91,8,0.2,13.03,13.63,Laura Martin,Consumer,South,Louisiana,2022-12-27,2023-01-01
ORD-102989,Belkin USB Hub,Technology,Accessories,448.38,3,0.0,91.61,38.02,Timothy Robertson,Consumer,West,Colorado,2021-10-22,2021-10-25
ORD-102990,Quartet Calendar,Office Supplies,Supplies,58.05,1,0.3,3.55,11.63,Michael Smith,Consumer,East,Massachusetts,2023-03-19,2023-03-24
ORD-102991,Jiffy Mailer,Office Supplies,Envelopes,153.72,4,0.1,24.54,31.91,Kenneth Lynch,Consumer,East,New York,2021-03-24,2021-03-27
ORD-102992,Staedtler Pens,Office Supplies,Art,140.89,6,0.1,15.72,10.4,Kimberly Byrd,Consumer,West,California,2021-02-02,2021-02-05
ORD-102993,Quartet Calendar,Office Supplies,Supplies,64.49,4,0.2,4.0,12.89,Michael Arroyo,Corporate,South,Tennessee,2023-12-14,2023-12-21
ORD-102994,Acco Staple Remover,Office Supplies,Supplies,103.92,10,0.1,12.5,25.23,Jamie Pierce,Consumer,West,Colorado,2022-06-27,2022-06-30
ORD-102995,Avery Heavy Duty Binder,Office Supplies,Binders,107.21,8,0.3,-0.5,6.97,Eric Hood,Consumer,East,Pennsylvania,2022-01-19,2022-01-21
ORD-102996,Eldon Mobile,Office Supplies,Storage,58.05,4,0.4,-4.3,6.0,Jessica Dodson,Home Office,South,Mississippi,2022-02-01,2022-02-06
ORD-102997,Motorola Edge,Technology,Phones,548.16,4,0.0,103.37,26.2,Suzanne West,Corporate,West,California,2023-01-01,2023-01-04
ORD-102998,Sauder Bookcase,Furniture,Bookcases,448.32,8,0.1,-18.32,34.37,Carrie Sanchez,Consumer,South,Alabama,2021-03-04,2021-03-08
ORD-102999,Canon imageRUNNER,Technology,Copiers,484.87,6,0.0,58.9,39.12,Philip Cole,Corporate,Central,Illinois,2022-04-12,2022-04-14
ORD-103000,Prepac Bookcase,Furniture,Bookcases,176.31,1,0.0,12.07,8.11,Michael Duran,Consumer,East,Connecticut,2021-11-24,2021-11-28
ORD-103001,Eldon Shelf,Furniture,Furnishings,196.95,5,0.0,14.3,13.56,Trevor Martinez,Consumer,West,Utah,2021-11-05,2021-11-07
ORD-103002,Dixon Ticonderoga Pencils,Office Supplies,Art,83.15,8,0.4,-4.83,7.77,Philip Cole,Home Office,West,California,2022-10-25,2022-10-29
ORD-103003,Avery File Folder Labels,Office Supplies,Labels,79.72,9,0.1,4.84,26.04,Stephen Curtis,Home Office,West,California,2023-01-09,2023-01-12
ORD-103004,Google Pixel 7,Technology,Phones,592.41,2,0.4,-107.73,40.03,Lisa Joyce,Consumer,Central,Illinois,2021-01-07,2021-01-12
ORD-103005,Deflect-o Stackable,Office Supplies,Storage,88.12,6,0.0,21.35,19.38,William Robbins,Corporate,Central,Minnesota,2021-04-07,2021-04-10
ORD-103006,Steelcase Leap,Furniture,Chairs,333.95,3,0.4,-55.2,20.23,Abigail Berger,Consumer,Central,Illinois,2021-01-11,2021-01-15
ORD-103007,HP Wireless Mouse,Technology,Accessories,486.64,5,0.3,-50.16,16.36,Samantha West,Consumer,South,North Carolina,2022-08-20,2022-08-24
ORD-103008,Acco Binder Clips,Office Supplies,Fasteners,159.71,7,0.0,36.69,19.34,Adam Page,Home Office,East,Maryland,2022-09-24,2022-09-29
ORD-103009,HP LaserJet,Technology,Machines,386.43,2,0.1,57.27,34.46,Theresa Brown,Corporate,West,Utah,2023-03-02,2023-03-05
ORD-103010,AT-A-GLANCE Planner,Office Supplies,Supplies,97.98,9,0.0,23.51,12.27,Raymond Guerra,Corporate,South,Alabama,2023-02-13,2023-02-16
ORD-103011,Konica Minolta,Technology,Copiers,808.75,5,0.4,-124.35,32.78,Mary Lambert,Consumer,South,Louisiana,2021-06-04,2021-06-10
ORD-103012,Bush Furniture Bookcase,Furniture,Bookcases,271.87,5,0.1,7.02,32.17,Deanna Johnson,Consumer,South,Tennessee,2022-04-29,2022-05-03
ORD-103013,Anker Charger,Technology,Accessories,581.44,8,0.0,60.86,15.69,Michael Smith,Corporate,West,Nevada,2021-08-13,2021-08-16
ORD-103014,Ricoh Aficio,Technology,Copiers,95.51,10,0.0,14.39,6.26,Matthew Compton,Corporate,South,Mississippi,2022-02-16,2022-02-19
ORD-103015,Expo Dry Erase,Office Supplies,Art,37.71,3,0.0,7.5,27.81,Brittany Joyce,Corporate,West,Oregon,2022-03-28,2022-04-01
ORD-103016,Logitech Keyboard,Technology,Accessories,490.4,9,0.3,-51.27,22.23,Tommy Patterson,Corporate,East,Connecticut,2022-01-14,2022-01-21
ORD-103017,Brother Fax Machine,Technology,Machines,181.71,1,0.1,18.8,27.82,Lori Levine,Consumer,Central,Missouri,2021-08-24,2021-08-27
ORD-103018,Bush Coat Rack,Furniture,Furnishings,413.51,4,0.0,6.31,35.62,Susan Hamilton,Corporate,West,Nevada,2021-01-02,2021-01-07
ORD-103019,Maco Labels,Office Supplies,Labels,116.25,6,0.1,21.03,30.6,Daniel Mccoy,Consumer,Central,Wisconsin,2022-07-05,2022-07-07
ORD-103020,Quartet Calendar,Office Supplies,Supplies,120.53,7,0.0,33.86,18.88,Crystal Johnson,Consumer,East,Maryland,2022-07-01,2022-07-05
ORD-103021,Belkin USB Hub,Technology,Accessories,762.32,10,0.0,123.64,41.67,Joanna Ruiz,Home Office,South,Florida,2023-02-12,2023-02-14
ORD-103022,Staples Standard Staples,Office Supplies,Fasteners,93.51,4,0.1,11.14,23.84,Christina Smith,Consumer,South,Alabama,2023-09-27,2023-10-04
ORD-103023,Zebra Label Printer,Technology,Machines,410.32,6,0.0,105.31,21.32,Brandon Morse,Consumer,South,Mississippi,2023-06-14,2023-06-16
ORD-103024,Anker Charger,Technology,Accessories,194.8,8,0.1,11.09,30.72,Kimberly Cooper,Consumer,South,North Carolina,2023-10-25,2023-10-28
ORD-103025,Acco Staple Remover,Office Supplies,Supplies,134.07,3,0.0,36.33,10.03,Cory Pitts,Corporate,South,Georgia,2021-05-11,2021-05-14
ORD-103026,Ikea BEKANT Desk,Furniture,Tables,266.42,8,0.2,-4.6,11.65,John Davis,Corporate,Central,Minnesota,2022-02-24,2022-02-28
ORD-103027,HP LaserJet,Technology,Machines,464.59,8,0.0,118.48,34.7,Michael Aguilar,Consumer,Central,Missouri,2021-10-11,2021-10-15
ORD-103028,Deflect-o Stackable,Office Supplies,Storage,92.38,10,0.3,2.89,20.42,Steven Davis,Consumer,East,New Jersey,2022-06-29,2022-07-01
ORD-103029,Acco Binder Clips,Office Supplies,Fasteners,174.54,7,0.4,-12.23,28.53,Alison Taylor,Consumer,South,Louisiana,2021-07-22,2021-07-25
ORD-103030,Quartet Calendar,Office Supplies,Supplies,91.58,9,0.2,8.8,29.9,Kimberly Kelley,Consumer,East,Connecticut,2023-06-06,2023-06-09
ORD-103031,Bush Furniture Bookcase,Furniture,Bookcases,266.17,10,0.2,15.81,22.35,Frederick Bond,Consumer,East,Massachusetts,2021-10-14,2021-10-18
ORD-103032,Advantus Ring Binder,Furniture,Furnishings,331.61,3,0.0,28.64,21.27,Michael Nelson,Consumer,South,North Carolina,2023-12-20,2023-12-22
ORD-103033,Lorell Glass Table,Furniture,Tables,209.72,7,0.3,-17.86,14.64,Jennifer Cardenas,Corporate,South,Mississippi,2023-01-11,2023-01-15
ORD-103034,Realspace Bookcase,Furniture,Bookcases,414.06,3,0.3,-68.27,13.65,Hayden Garcia,Corporate,South,Georgia,2021-05-07,2021-05-10
ORD-103035,HP Wireless Mouse,Technology,Accessories,502.23,2,0.4,-108.19,34.67,Robert Harris,Home Office,West,Washington,2022-05-22,2022-05-24
ORD-103036,Epson Scanner,Technology,Machines,439.6,6,0.0,89.08,19.61,Jonathan Baker,Corporate,Central,Ohio,2023-11-08,2023-11-11
ORD-103037,Motorola Edge,Technology,Phones,683.17,6,0.1,41.99,42.41,Kelsey Martin,Corporate,West,Nevada,2021-11-11,2021-11-15
ORD-103038,Avery Shipping Labels,Office Supplies,Labels,49.09,6,0.0,8.6,14.71,James Gomez,Home Office,South,Louisiana,2022-03-09,2022-03-12
ORD-103039,Bestar Folding Table,Furniture,Tables,149.61,7,0.2,1.02,7.84,Jessica Hill,Home Office,Central,Wisconsin,2023-05-19,2023-05-25
ORD-103040,Eldon Shelf,Furniture,Furnishings,495.84,2,0.3,-61.48,37.65,Stephen Reyes,Corporate,East,Connecticut,2023-12-30,2024-01-05
ORD-103041,OIC Binder Clips,Office Supplies,Fasteners,129.08,7,0.3,-1.72,24.05,Stephanie Stevenson,Home Office,South,Louisiana,2023-06-05,2023-06-07
ORD-103042,Sauder Bookcase,Furniture,Bookcases,298.59,8,0.1,1.0,31.61,Donna Jones,Consumer,South,Alabama,2022-08-05,2022-08-07
ORD-103043,Expo Dry Erase,Office Supplies,Art,80.07,3,0.3,-7.8,9.67,Meghan Martin,Corporate,East,Connecticut,2021-04-10,2021-04-12
ORD-103044,Wilson Jones Binder,Office Supplies,Binders,98.46,6,0.2,5.71,15.3,Robert Franklin,Consumer,East,Connecticut,2023-07-20,2023-07-22
ORD-103045,Rubbermaid Tote,Office Supplies,Storage,113.85,7,0.1,16.47,22.35,Douglas Rodriguez,Consumer,West,California,2022-09-17,2022-09-22
ORD-103046,Kraft Envelopes,Office Supplies,Envelopes,84.79,7,0.0,14.96,11.19,Jennifer Montgomery,Consumer,West,Oregon,2022-04-28,2022-05-02
ORD-103047,Google Pixel 7,Technology,Phones,421.54,5,0.0,91.44,18.82,Jennifer Cardenas,Home Office,Central,Ohio,2021-07-07,2021-07-13
ORD-103048,Staples Standard Staples,Office Supplies,Fasteners,53.41,1,0.3,-0.83,24.2,David Marshall,Consumer,Central,Illinois,2021-11-23,2021-11-25
ORD-103049,HP Wireless Mouse,Technology,Accessories,447.29,10,0.3,-42.9,12.61,Jacqueline Yang,Corporate,East,Virginia,2022-03-11,2022-03-15
ORD-103050,Ikea BEKANT Desk,Furniture,Tables,239.46,2,0.2,-11.61,12.48,Kimberly Roberts,Consumer,East,Connecticut,2022-06-27,2022-06-30
ORD-103051,Jabra Headset,Technology,Accessories,228.65,7,0.0,45.16,14.52,Eric Hood,Corporate,South,Louisiana,2022-11-04,2022-11-08
ORD-103052,Zebra Label Printer,Technology,Machines,266.74,2,0.0,62.19,33.65,Melissa Thompson,Consumer,West,Oregon,2023-03-26,2023-03-28
ORD-103053,Steelcase Leap,Furniture,Chairs,590.54,3,0.2,-60.85,19.65,Sharon Hansen,Consumer,West,Arizona,2022-01-04,2022-01-10
ORD-103054,Kraft Envelopes,Office Supplies,Envelopes,107.09,4,0.1,11.1,16.93,Caitlin Bryant,Home Office,East,Pennsylvania,2021-04-15,2021-04-20
ORD-103055,Mead Envelopes,Office Supplies,Envelopes,123.31,4,0.0,19.33,29.35,Colton Lee,Home Office,West,Oregon,2023-08-26,2023-08-30
ORD-103056,Xerox Multi-Use Paper,Office Supplies,Paper,105.38,3,0.5,-23.57,14.47,Jose Hogan,Corporate,South,Florida,2021-05-24,2021-05-29
ORD-103057,Tyvek Mailer,Office Supplies,Envelopes,83.38,2,0.1,7.37,22.85,Nathaniel Wade,Home Office,East,New Jersey,2022-05-12,2022-05-16
ORD-103058,Fellowes Storage Case,Office Supplies,Storage,116.32,5,0.0,20.72,12.11,Michael Nelson,Consumer,East,New York,2021-12-30,2021-12-31
ORD-103059,Belkin USB Hub,Technology,Accessories,498.31,3,0.2,1.39,39.44,Robert Allen,Consumer,South,Alabama,2022-03-18,2022-03-21
ORD-103060,Bestar Folding Table,Furniture,Tables,296.26,6,0.0,31.81,22.66,Samantha Hendrix,Corporate,South,Tennessee,2021-01-16,2021-01-20
ORD-103061,Tyvek Mailer,Office Supplies,Envelopes,65.62,4,0.1,9.88,14.36,Kayla Elliott,Corporate,East,New York,2023-11-05,2023-11-11
ORD-103062,Humanscale Chair,Furniture,Chairs,493.64,9,0.2,-48.82,24.32,Jessica Dodson,Home Office,West,Colorado,2021-03-22,2021-03-23
ORD-103063,OIC Binder Clips,Office Supplies,Fasteners,127.5,3,0.1,27.4,13.89,Vincent Mcdonald,Consumer,Central,Minnesota,2023-09-02,2023-09-08
ORD-103064,Zebra Label Printer,Technology,Machines,279.42,7,0.0,29.97,29.89,Theresa Brown,Consumer,West,Washington,2023-08-06,2023-08-10
ORD-103065,Steelcase Leap,Furniture,Chairs,346.24,6,0.0,25.15,18.37,Alyssa Cook,Consumer,Central,Wisconsin,2023-04-27,2023-05-02
ORD-103066,Ibico MB,Office Supplies,Binders,149.8,7,0.1,21.23,16.43,Casey Liu,Corporate,Central,Illinois,2022-02-22,2022-02-25
ORD-103067,Eldon Shelf,Furniture,Furnishings,213.74,4,0.1,-7.98,15.77,Brandon Marsh,Home Office,East,Virginia,2023-01-10,2023-01-16
ORD-103068,Prepac Bookcase,Furniture,Bookcases,440.79,10,0.0,31.49,38.03,Kimberly Kelley,Consumer,Central,Wisconsin,2022-01-09,2022-01-13
ORD-103069,Jiffy Mailer,Office Supplies,Envelopes,91.4,8,0.2,9.85,11.03,James Patel,Corporate,South,Alabama,2021-09-19,2021-09-22
ORD-103070,Brother Fax Machine,Technology,Machines,332.52,10,0.3,-20.71,10.9,Cory Gibson,Consumer,South,North Carolina,2023-03-24,2023-03-27
ORD-103071,Lorell Glass Table,Furniture,Tables,308.01,6,0.2,-7.96,13.17,Alyssa Cook,Consumer,West,California,2021-06-08,2021-06-11
ORD-103072,Canon Printer,Technology,Machines,504.52,10,0.0,85.26,16.68,Melanie Hall,Home Office,East,Maryland,2022-01-25,2022-01-29
ORD-103073,Staples Standard Envelopes,Office Supplies,Envelopes,92.04,5,0.3,-3.55,15.72,Christopher Hernandez,Consumer,East,Connecticut,2022-06-18,2022-06-19
ORD-103074,BIC Cristal Pens,Office Supplies,Art,42.72,7,0.2,3.11,22.43,Michael Hughes,Consumer,Central,Michigan,2021-02-19,2021-02-21
ORD-103075,Navigator Paper,Office Supplies,Paper,150.55,3,0.4,-21.71,26.08,Rhonda Carter,Corporate,Central,Texas,2022-03-31,2022-04-03
ORD-103076,Safco Round Table,Furniture,Tables,217.24,7,0.0,12.27,27.62,Cory Gibson,Corporate,South,Georgia,2021-02-03,2021-02-07
ORD-103077,BIC Cristal Pens,Office Supplies,Art,113.19,4,0.2,9.33,13.48,Dominique Salinas,Home Office,South,Louisiana,2021-10-27,2021-10-30
ORD-103078,Expo Dry Erase,Office Supplies,Art,84.93,3,0.0,14.79,22.84,Sherri Holmes,Corporate,East,Maryland,2023-04-26,2023-05-02
ORD-103079,Konica Minolta,Technology,Copiers,424.78,5,0.1,9.25,31.57,Jermaine Wolf,Consumer,South,Florida,2022-05-09,2022-05-12
ORD-103080,Rubbermaid Tote,Office Supplies,Storage,94.59,9,0.5,-12.9,30.34,Matthew Jones,Corporate,South,Mississippi,2021-06-28,2021-07-02
ORD-103081,Canon Printer,Technology,Machines,209.81,2,0.1,4.9,18.73,Raymond Guerra,Home Office,West,Colorado,2021-12-13,2021-12-16
ORD-103082,Epson Scanner,Technology,Machines,662.71,4,0.2,-7.02,22.61,Jessica Scott,Corporate,East,Virginia,2022-10-26,2022-10-29
ORD-103083,Humanscale Chair,Furniture,Chairs,446.31,2,0.3,-65.92,29.35,Trevor Martinez,Consumer,West,Oregon,2021-07-27,2021-07-31
ORD-103084,Lorell Glass Table,Furniture,Tables,290.57,3,0.4,-57.56,9.56,Wanda Yang,Corporate,East,New York,2022-02-21,2022-02-24
ORD-103085,Bush Furniture Bookcase,Furniture,Bookcases,203.92,10,0.0,21.74,11.18,James Gomez,Corporate,East,New York,2023-03-01,2023-03-04
ORD-103086,Canon imageRUNNER,Technology,Copiers,348.96,3,0.0,39.77,23.08,Connie Rios,Corporate,East,New Jersey,2021-05-30,2021-06-05
ORD-103087,Lorell Mirror,Furniture,Furnishings,350.5,10,0.0,30.44,10.5,Michael Arroyo,Home Office,West,California,2022-01-11,2022-01-14
ORD-103088,Fiskars Scissors,Office Supplies,Supplies,84.98,1,0.2,-0.04,23.34,John Davis,Corporate,South,Alabama,2022-05-17,2022-05-19
ORD-103089,Bush Furniture Bookcase,Furniture,Bookcases,500.97,4,0.0,72.06,18.92,Brian Williams,Home Office,West,Oregon,2021-06-12,2021-06-18
ORD-103090,Sauder Bookcase,Furniture,Bookcases,425.7,7,0.2,-32.04,14.58,Ashley Johnston,Corporate,Central,Ohio,2023-11-12,2023-11-18
ORD-103091,Memorex Tape,Office Supplies,Supplies,34.67,1,0.3,2.69,5.13,Christina Hoffman,Consumer,West,Nevada,2021-04-30,2021-05-05
ORD-103092,Navigator Paper,Office Supplies,Paper,88.04,2,0.0,16.07,10.29,Courtney Gardner,Corporate,West,Oregon,2022-05-02,2022-05-06
ORD-103093,HP Office Paper,Office Supplies,Paper,103.34,9,0.0,28.77,23.51,Katherine Evans,Consumer,West,Washington,2021-08-20,2021-08-23
ORD-103094,Safco Round Table,Furniture,Tables,307.23,2,0.0,50.36,11.81,Penny Wilson,Home Office,West,Colorado,2022-12-19,2022-12-21
ORD-103095,Staedtler Pens,Office Supplies,Art,124.66,1,0.0,20.72,25.94,Alex Walker,Home Office,West,Washington,2023-08-16,2023-08-20
ORD-103096,Konica Minolta,Technology,Copiers,302.19,3,0.0,68.86,18.04,Brandon Morse,Consumer,South,Louisiana,2023-04-02,2023-04-05
ORD-103097,Jabra Headset,Technology,Accessories,44.02,3,0.0,7.59,19.36,Kimberly Cooper,Corporate,South,Georgia,2023-11-05,2023-11-08
ORD-103098,Staples Standard Envelopes,Office Supplies,Envelopes,44.21,6,0.3,-1.94,5.98,Aaron Martinez,Home Office,East,New Jersey,2021-06-21,2021-06-24
ORD-103099,Canon Printer,Technology,Machines,362.19,9,0.0,58.71,18.88,Eric Chandler,Corporate,South,North Carolina,2023-12-05,2023-12-08
ORD-103100,Global Leather Chair,Furniture,Chairs,243.73,10,0.1,-8.5,27.69,Michael Moore,Consumer,South,Alabama,2022-08-20,2022-08-23
ORD-103101,Fellowes Storage Case,Office Supplies,Storage,163.34,4,0.0,51.19,25.65,Rebecca Taylor,Consumer,Central,Missouri,2022-04-11,2022-04-18
ORD-103102,Acco Staple Remover,Office Supplies,Supplies,52.81,4,0.4,-1.1,7.77,William West,Corporate,South,Louisiana,2021-01-16,2021-01-18
ORD-103103,Belkin USB Hub,Technology,Accessories,346.09,2,0.3,-18.53,16.82,Wanda Yang,Consumer,East,New Jersey,2022-01-19,2022-01-23
ORD-103104,Hammermill Copy Paper,Office Supplies,Paper,87.98,1,0.1,9.41,6.49,Ashley Johnston,Consumer,East,New Jersey,2023-05-25,2023-05-30
ORD-103105,Memorex Tape,Office Supplies,Supplies,121.48,5,0.1,17.77,30.79,Yvonne Wilson,Consumer,East,Massachusetts,2023-08-19,2023-08-23
ORD-103106,Rubbermaid Tote,Office Supplies,Storage,74.75,1,0.1,5.59,22.32,Ashley Johnson,Home Office,East,Pennsylvania,2023-06-20,2023-06-24
ORD-103107,Samsung Galaxy S22,Technology,Phones,267.02,2,0.5,-80.66,33.96,Samantha West,Consumer,East,Connecticut,2021-02-21,2021-02-24
ORD-103108,Lorell Mirror,Furniture,Furnishings,311.47,10,0.3,-62.24,12.72,Carol Wilson,Consumer,South,Tennessee,2022-07-16,2022-07-21
ORD-103109,Nokia 5310,Technology,Phones,367.51,5,0.0,91.33,35.51,Mary Meza,Consumer,West,Utah,2023-03-29,2023-04-02
ORD-103110,Global Leather Chair,Furniture,Chairs,453.92,5,0.2,-27.97,21.53,David Hoffman,Consumer,West,Colorado,2023-09-17,2023-09-22
ORD-103111,Hon 10500 Table,Furniture,Tables,299.55,3,0.0,58.11,33.76,Nathan Jennings,Consumer,South,Louisiana,2022-04-17,2022-04-20
ORD-103112,Advantus Ring Binder,Furniture,Furnishings,372.49,8,0.5,-117.85,27.17,Amy Reyes,Corporate,Central,Wisconsin,2022-01-09,2022-01-13
ORD-103113,Memorex Tape,Office Supplies,Supplies,44.37,10,0.0,10.64,17.47,Antonio Yates,Home Office,West,Colorado,2022-01-25,2022-01-28
ORD-103114,OIC Binder Clips,Office Supplies,Fasteners,116.54,8,0.0,21.96,20.38,Jeremy Thomas,Consumer,Central,Minnesota,2023-05-18,2023-05-20
ORD-103115,Bush Furniture Bookcase,Furniture,Bookcases,344.94,7,0.2,-26.97,20.84,Connie Rios,Consumer,West,Arizona,2022-10-16,2022-10-20
ORD-103116,Bestar Folding Table,Furniture,Tables,287.92,1,0.3,-76.12,19.86,Wanda Yang,Home Office,Central,Illinois,2021-11-15,2021-11-18
ORD-103117,Wilson Jones Binder,Office Supplies,Binders,82.9,5,0.4,-4.27,31.25,Stephanie Stevenson,Consumer,West,California,2022-02-03,2022-02-06
ORD-103118,Advantus Ring Binder,Furniture,Furnishings,234.23,6,0.1,5.3,15.33,Joshua Butler,Home Office,South,Georgia,2021-12-29,2022-01-05
ORD-103119,Wilson Jones Binder,Office Supplies,Binders,65.81,2,0.0,15.66,16.93,Robert Allen,Home Office,West,Oregon,2022-06-30,2022-07-03
ORD-103120,Zebra Label Printer,Technology,Machines,375.36,9,0.1,19.91,18.59,Jennifer Wright,Corporate,Central,Texas,2022-06-28,2022-07-03
ORD-103121,Sauder Bookcase,Furniture,Bookcases,469.91,5,0.3,-43.96,29.72,Jason Clark,Consumer,West,Arizona,2022-09-07,2022-09-10
ORD-103122,Staples Standard Staples,Office Supplies,Fasteners,70.64,6,0.0,17.3,28.91,Frederick Moss,Consumer,South,Georgia,2021-12-22,2021-12-28
ORD-103123,Steelcase Leap,Furniture,Chairs,374.49,6,0.3,-40.4,17.54,David Martinez,Consumer,West,Utah,2023-12-18,2023-12-23
ORD-103124,Zebra Label Printer,Technology,Machines,138.92,6,0.5,-23.57,27.72,Jennifer Wilson,Home Office,West,Colorado,2021-06-04,2021-06-09
ORD-103125,Avery Heavy Duty Binder,Office Supplies,Binders,71.77,4,0.2,3.02,18.88,James Smith,Consumer,East,Pennsylvania,2021-12-18,2021-12-21
ORD-103126,Hon 4070 Chair,Furniture,Chairs,626.55,7,0.2,-28.14,31.47,David Johnson,Consumer,Central,Wisconsin,2023-02-26,2023-03-04
ORD-103127,Advantus Ring Binder,Furniture,Furnishings,263.64,2,0.1,-23.8,21.53,Robert Allen,Corporate,South,North Carolina,2021-08-22,2021-08-26
ORD-103128,Motorola Edge,Technology,Phones,632.36,2,0.0,71.29,20.09,Kimberly Kelley,Consumer,South,Florida,2021-03-17,2021-03-20
ORD-103129,Avery Flexi-View,Office Supplies,Binders,57.89,3,0.4,-6.75,17.13,Mark Chapman,Home Office,East,New York,2021-01-05,2021-01-07
ORD-103130,Avery File Folder Labels,Office Supplies,Labels,135.33,2,0.0,35.0,24.66,Michael Hughes,Consumer,East,Pennsylvania,2023-05-02,2023-05-07
ORD-103131,Sharp MX,Technology,Copiers,384.75,9,0.4,-47.93,15.12,Michael Moore,Consumer,South,Mississippi,2022-08-28,2022-08-30
ORD-103132,Epson Scanner,Technology,Machines,313.94,4,0.3,-16.64,13.86,Tiffany Lloyd,Consumer,West,Oregon,2021-05-07,2021-05-11
ORD-103133,HP LaserJet,Technology,Machines,421.73,10,0.2,28.86,27.62,Taylor Howard,Corporate,Central,Texas,2023-12-29,2024-01-04
ORD-103134,Rubbermaid Tote,Office Supplies,Storage,120.95,3,0.1,19.92,6.19,Taylor Sims,Corporate,South,Louisiana,2023-07-25,2023-08-01
ORD-103135,Hon 10500 Table,Furniture,Tables,266.52,2,0.0,36.54,24.17,Drew Salazar,Consumer,South,Tennessee,2022-10-06,2022-10-09
ORD-103136,Sauder Bookcase,Furniture,Bookcases,298.96,1,0.5,-105.86,18.19,Kimberly Ryan,Home Office,Central,Missouri,2022-07-13,2022-07-17
ORD-103137,Mead Envelopes,Office Supplies,Envelopes,77.09,7,0.2,4.95,27.62,Katherine Parker,Corporate,South,Alabama,2023-06-08,2023-06-12
ORD-103138,Lorell Mirror,Furniture,Furnishings,419.23,3,0.0,38.08,13.78,Jennifer Wright,Consumer,East,Massachusetts,2023-05-09,2023-05-12
ORD-103139,Jabra Headset,Technology,Accessories,216.53,9,0.0,39.59,28.53,Nicole Jimenez,Corporate,Central,Missouri,2022-08-19,2022-08-21
ORD-103140,HP LaserJet,Technology,Machines,428.15,6,0.0,81.05,19.03,James Gomez,Consumer,West,Oregon,2022-07-23,2022-07-26
ORD-103141,Sauder Bookcase,Furniture,Bookcases,420.38,6,0.1,29.82,17.44,Samantha Hernandez,Home Office,South,Louisiana,2022-05-16,2022-05-19
ORD-103142,Staples Standard Envelopes,Office Supplies,Envelopes,70.99,9,0.3,-3.61,15.74,Rebecca Lewis,Consumer,Central,Illinois,2022-06-01,2022-06-05
ORD-103143,Bush Furniture Bookcase,Furniture,Bookcases,185.18,10,0.0,24.99,25.22,Amy Reyes,Consumer,West,Utah,2021-04-16,2021-04-18
ORD-103144,Konica Minolta,Technology,Copiers,641.81,10,0.0,105.41,17.46,Taylor Barry,Home Office,Central,Wisconsin,2023-05-27,2023-05-30
ORD-103145,Humanscale Chair,Furniture,Chairs,281.03,6,0.1,26.23,10.84,Adam White,Corporate,East,New York,2022-04-04,2022-04-08
ORD-103146,Realspace Bookcase,Furniture,Bookcases,370.67,6,0.0,45.15,37.23,Michael Duran,Home Office,Central,Texas,2021-09-21,2021-09-24
ORD-103147,HP Wireless Mouse,Technology,Accessories,219.45,7,0.2,11.84,7.98,Michele Moore,Consumer,Central,Michigan,2023-09-15,2023-09-18
ORD-103148,Canon imageRUNNER,Technology,Copiers,261.34,2,0.1,11.32,21.68,Mark Hansen,Home Office,West,Oregon,2021-05-02,2021-05-06
ORD-103149,Jabra Headset,Technology,Accessories,354.52,4,0.2,-3.29,11.2,Timothy Best,Home Office,Central,Minnesota,2023-10-13,2023-10-15
ORD-103150,Memorex Tape,Office Supplies,Supplies,82.91,4,0.0,12.27,26.67,Nathan Bradshaw,Home Office,South,Florida,2021-07-29,2021-08-02
ORD-103151,Bush Furniture Bookcase,Furniture,Bookcases,425.06,1,0.2,-1.54,29.78,Lori West,Home Office,South,Louisiana,2022-08-21,2022-08-24
ORD-103152,Global Leather Chair,Furniture,Chairs,76.32,8,0.2,-0.85,24.05,Emily Copeland,Corporate,East,New York,2022-02-12,2022-02-14
ORD-103153,Lorell Mirror,Furniture,Furnishings,212.74,7,0.0,30.39,16.67,Janet King,Consumer,West,Utah,2023-04-27,2023-04-30
ORD-103154,HP LaserJet,Technology,Machines,399.05,4,0.0,72.4,30.94,Michele Hess,Consumer,East,Connecticut,2022-11-09,2022-11-13
ORD-103155,Sharp MX,Technology,Copiers,380.38,4,0.3,0.23,25.12,Jessica Smith,Consumer,West,Arizona,2021-08-16,2021-08-18
ORD-103156,Samsung Galaxy S22,Technology,Phones,211.67,5,0.5,-40.13,21.27,Diane Murphy,Corporate,Central,Wisconsin,2021-10-05,2021-10-07
ORD-103157,Samsung Galaxy S22,Technology,Phones,586.21,7,0.0,126.51,26.6,Joseph Rodriguez,Consumer,South,North Carolina,2022-11-20,2022-11-24
ORD-103158,Acco Binder Clips,Office Supplies,Fasteners,164.39,5,0.1,18.67,12.89,Erica Scott,Consumer,South,Tennessee,2021-08-06,2021-08-09
ORD-103159,Advantus Ring Binder,Furniture,Furnishings,424.88,7,0.1,6.24,33.77,Anthony Conley,Corporate,East,Pennsylvania,2022-06-07,2022-06-11
ORD-103160,Dixon Ticonderoga Pencils,Office Supplies,Art,129.47,8,0.3,-2.64,9.93,Michael Aguilar,Corporate,Central,Minnesota,2021-12-12,2021-12-15
ORD-103161,Ergon Chair,Furniture,Chairs,263.45,7,0.2,1.4,17.28,Jessica Chapman,Corporate,Central,Missouri,2022-01-06,2022-01-10
ORD-103162,Acco Binder Clips,Office Supplies,Fasteners,74.27,7,0.0,11.09,13.16,Rebecca Rubio,Home Office,South,Louisiana,2021-05-18,2021-05-22
ORD-103163,Canon Printer,Technology,Machines,327.3,9,0.0,69.04,24.08,Karen Dawson,Consumer,Central,Texas,2022-05-03,2022-05-08
ORD-103164,Ibico MB,Office Supplies,Binders,134.55,1,0.0,30.35,24.18,Dennis Mason,Consumer,South,Mississippi,2022-11-08,2022-11-11
ORD-103165,Jabra Headset,Technology,Accessories,620.91,1,0.2,-29.75,39.92,Jessica Dodson,Corporate,South,Georgia,2023-02-09,2023-02-12
ORD-103166,Avery Flexi-View,Office Supplies,Binders,75.82,4,0.0,15.59,27.48,Tina Williams,Consumer,South,Louisiana,2021-02-27,2021-03-01
ORD-103167,Samsung Galaxy S22,Technology,Phones,391.67,2,0.0,72.15,18.07,Christopher Thompson,Corporate,Central,Illinois,2021-03-29,2021-04-02
ORD-103168,Epson Scanner,Technology,Machines,520.55,3,0.3,-42.81,33.78,Nathan Bradshaw,Corporate,West,Colorado,2023-09-13,2023-09-16
ORD-103169,Steelcase Leap,Furniture,Chairs,326.68,9,0.4,-72.61,11.43,Michael Hughes,Home Office,East,Massachusetts,2023-10-01,2023-10-05
ORD-103170,Epson Scanner,Technology,Machines,261.86,7,0.1,24.7,23.96,Erica Scott,Consumer,South,Louisiana,2023-01-05,2023-01-09
ORD-103171,Advantus Ring Binder,Furniture,Furnishings,292.76,6,0.1,3.44,18.86,John Davis,Consumer,South,North Carolina,2022-09-10,2022-09-17
ORD-103172,Samsung Galaxy S22,Technology,Phones,415.08,3,0.0,76.28,35.77,Timothy Best,Consumer,West,Arizona,2021-09-02,2021-09-06
ORD-103173,Eldon Shelf,Furniture,Furnishings,258.12,10,0.1,21.59,28.12,Mary Lambert,Home Office,West,California,2021-06-02,2021-06-06
ORD-103174,Eldon Mobile,Office Supplies,Storage,52.58,10,0.3,-2.95,17.75,Crystal Williams DVM,Consumer,South,Alabama,2022-10-01,2022-10-05
ORD-103175,Canon imageRUNNER,Technology,Copiers,854.79,5,0.2,-27.27,30.59,Mark Chapman,Consumer,East,New Jersey,2023-04-17,2023-04-21
ORD-103176,Humanscale Chair,Furniture,Chairs,147.55,3,0.1,8.37,16.9,Kevin Wagner,Consumer,Central,Texas,2022-01-11,2022-01-13
ORD-103177,Ergon Chair,Furniture,Chairs,60.75,4,0.1,0.5,22.63,David Johnson,Home Office,East,Connecticut,2021-01-21,2021-01-23
ORD-103178,Bush Furniture Bookcase,Furniture,Bookcases,567.5,3,0.0,12.91,25.51,Timothy Ford,Consumer,South,Florida,2021-02-04,2021-02-09
ORD-103179,Zebra Label Printer,Technology,Machines,92.89,3,0.3,-12.54,18.92,Alexandria Cowan,Consumer,South,North Carolina,2022-12-15,2022-12-18
ORD-103180,Apple iPhone 14,Technology,Phones,553.74,4,0.0,130.81,34.39,Debra Andrade,Corporate,West,Utah,2021-05-13,2021-05-14
ORD-103181,Ricoh Aficio,Technology,Copiers,327.99,3,0.2,17.76,15.75,James Wong,Corporate,South,Georgia,2022-09-24,2022-09-29
ORD-103182,Logitech Keyboard,Technology,Accessories,632.44,7,0.3,18.57,33.81,Eric Chandler,Home Office,West,Utah,2022-12-01,2022-12-06
ORD-103183,Sanford Markers,Office Supplies,Art,82.12,2,0.0,8.62,29.76,Dr. Darren Mcneil,Home Office,Central,Texas,2022-11-06,2022-11-10
ORD-103184,Global Leather Chair,Furniture,Chairs,211.49,7,0.2,-17.2,32.57,Brandon Marsh,Consumer,South,Tennessee,2023-10-27,2023-11-01
ORD-103185,Bestar Folding Table,Furniture,Tables,278.93,5,0.0,25.27,13.78,Daniel Mccoy,Consumer,South,Mississippi,2022-09-15,2022-09-18
ORD-103186,Advantus Binder Clips,Office Supplies,Fasteners,125.8,4,0.2,15.56,8.42,Karen Charles,Consumer,West,Nevada,2023-10-04,2023-10-08
ORD-103187,Brother Fax Machine,Technology,Machines,382.53,2,0.1,59.26,19.89,Michael Moore,Consumer,South,Louisiana,2022-02-16,2022-02-18
ORD-103188,Bush Coat Rack,Furniture,Furnishings,352.92,7,0.0,36.43,17.73,Sandra Dean,Corporate,East,Massachusetts,2022-05-27,2022-05-29
ORD-103189,Staples Standard Envelopes,Office Supplies,Envelopes,119.01,1,0.4,-11.47,7.37,Carla Park,Corporate,West,Arizona,2022-08-22,2022-08-27
ORD-103190,Lorell Mirror,Furniture,Furnishings,556.94,2,0.1,-28.92,23.64,Ebony Adams,Consumer,Central,Minnesota,2021-09-05,2021-09-08
ORD-103191,Belkin USB Hub,Technology,Accessories,327.57,5,0.2,4.48,24.77,Brianna Warner,Home Office,South,Florida,2023-04-28,2023-05-03
ORD-103192,Stanley Staple Gun,Office Supplies,Fasteners,104.06,5,0.2,12.84,13.72,Nathan Jennings,Corporate,Central,Minnesota,2021-02-18,2021-02-23
ORD-103193,Sterilite Storage Box,Office Supplies,Storage,89.22,6,0.2,-0.99,5.23,Holly Smith,Corporate,West,Arizona,2023-09-11,2023-09-16
ORD-103194,Steelcase Leap,Furniture,Chairs,411.1,9,0.0,56.63,36.77,Sheryl Wright,Consumer,Central,Wisconsin,2021-03-11,2021-03-15
ORD-103195,Maco Labels,Office Supplies,Labels,27.86,2,0.0,6.12,15.97,Patrick Dixon,Corporate,East,New York,2023-01-17,2023-01-23
ORD-103196,Bush Furniture Bookcase,Furniture,Bookcases,119.18,9,0.0,7.96,30.66,Alex Walker,Corporate,South,Florida,2023-05-01,2023-05-04
ORD-103197,Belkin USB Hub,Technology,Accessories,265.55,10,0.1,37.3,31.33,Sharon Hansen,Consumer,East,New York,2021-10-06,2021-10-07
ORD-103198,Global Leather Chair,Furniture,Chairs,324.02,9,0.0,11.57,33.67,Michele Hess,Consumer,South,Georgia,2023-05-28,2023-06-04
ORD-103199,Nokia 5310,Technology,Phones,550.81,8,0.3,-72.54,36.67,James Wong,Consumer,East,New Jersey,2023-01-11,2023-01-14
ORD-103200,Steelcase Leap,Furniture,Chairs,349.61,10,0.0,20.73,20.59,Nathan Bradshaw,Home Office,Central,Michigan,2022-02-01,2022-02-05
ORD-103201,Jiffy Mailer,Office Supplies,Envelopes,78.3,4,0.2,6.67,5.92,Tina Williams,Corporate,South,Alabama,2021-01-12,2021-01-16
ORD-103202,Hon 4070 Chair,Furniture,Chairs,372.57,3,0.5,-86.87,32.07,Patrick Hardin,Consumer,West,Oregon,2022-12-26,2022-12-30
ORD-103203,IKEA KALLAX,Furniture,Bookcases,300.13,1,0.1,10.6,22.93,Jennifer Wilson,Corporate,South,Mississippi,2023-05-16,2023-05-21
ORD-103204,Zebra Label Printer,Technology,Machines,339.96,1,0.0,64.29,11.7,Sherri Holmes,Consumer,East,Virginia,2022-09-19,2022-09-20
ORD-103205,Acco Staple Remover,Office Supplies,Supplies,104.06,5,0.2,5.73,12.72,Lisa Christensen,Consumer,Central,Ohio,2021-04-24,2021-04-30
ORD-103206,Nokia 5310,Technology,Phones,121.4,9,0.0,23.86,20.96,Bridget Kirby,Consumer,Central,Illinois,2023-04-04,2023-04-09
ORD-103207,Samsung Galaxy S22,Technology,Phones,468.33,5,0.2,-6.56,31.53,Jerry Curtis,Consumer,East,New Jersey,2023-10-17,2023-10-19
ORD-103208,Samsung Galaxy S22,Technology,Phones,204.5,10,0.0,51.9,24.96,John Davis,Consumer,Central,Minnesota,2023-01-05,2023-01-09
ORD-103209,Sharp MX,Technology,Copiers,488.63,4,0.1,43.27,31.93,Keith Lewis,Corporate,East,Maryland,2022-08-02,2022-08-04
ORD-103210,Eldon Shelf,Furniture,Furnishings,173.56,10,0.4,-45.31,30.67,Kara Davis,Consumer,South,Mississippi,2023-05-08,2023-05-15
ORD-103211,Advantus Binder Clips,Office Supplies,Fasteners,131.68,9,0.0,29.88,18.08,Debra Andrade,Corporate,West,Arizona,2021-05-26,2021-05-31
ORD-103212,Navigator Paper,Office Supplies,Paper,72.38,3,0.2,6.19,19.8,Samantha Hendrix,Consumer,East,Connecticut,2022-08-18,2022-08-22
ORD-103213,Memorex Tape,Office Supplies,Supplies,63.94,9,0.0,18.86,4.4,William Clark,Corporate,West,Nevada,2022-02-23,2022-02-27
ORD-103214,Ergon Chair,Furniture,Chairs,472.34,2,0.3,-77.15,26.2,Nicole Jimenez,Consumer,Central,Illinois,2021-09-08,2021-09-11
ORD-103215,Deflect-o Stackable,Office Supplies,Storage,69.88,9,0.2,-4.95,25.01,Suzanne West,Corporate,South,Florida,2021-04-26,2021-04-29
ORD-103216,Ricoh Aficio,Technology,Copiers,172.95,10,0.3,-21.96,11.47,Taylor Sims,Consumer,South,North Carolina,2022-04-12,2022-04-14
ORD-103217,Konica Minolta,Technology,Copiers,431.63,5,0.3,-32.94,24.38,Carla Park,Corporate,South,Florida,2021-01-27,2021-01-30
ORD-103218,Eldon Shelf,Furniture,Furnishings,148.56,8,0.4,-34.77,24.82,Emily Copeland,Consumer,West,Nevada,2021-12-25,2021-12-28
ORD-103219,Hon 10500 Table,Furniture,Tables,370.64,5,0.5,-101.41,18.44,Sheryl Wright,Consumer,Central,Missouri,2021-07-14,2021-07-18
ORD-103220,Staples Standard Envelopes,Office Supplies,Envelopes,29.21,1,0.2,1.57,25.63,Matthew Molina,Home Office,South,Louisiana,2023-11-28,2023-12-02
ORD-103221,Avery Heavy Duty Binder,Office Supplies,Binders,45.73,4,0.1,8.46,13.21,Stephanie Ramirez,Consumer,Central,Wisconsin,2023-01-19,2023-01-25
ORD-103222,Konica Minolta,Technology,Copiers,535.46,9,0.0,72.34,30.14,Sheila Logan,Consumer,East,Maryland,2022-10-17,2022-10-20
ORD-103223,Nokia 5310,Technology,Phones,287.43,3,0.3,-23.87,17.39,William Smith,Consumer,West,Oregon,2022-02-19,2022-02-23
ORD-103224,Acco Binder Clips,Office Supplies,Fasteners,17.91,9,0.1,2.81,9.95,Jessica Smith,Corporate,South,Georgia,2023-05-28,2023-05-30
ORD-103225,Memorex Tape,Office Supplies,Supplies,81.27,8,0.3,2.32,29.97,Douglas Rodriguez,Consumer,Central,Illinois,2023-01-07,2023-01-09
ORD-103226,Global Leather Chair,Furniture,Chairs,178.19,8,0.0,12.3,9.54,Angela Hubbard,Home Office,West,Oregon,2021-10-01,2021-10-04
ORD-103227,Lorell Glass Table,Furniture,Tables,129.22,8,0.1,-3.9,27.33,Michele Hess,Home Office,South,Alabama,2023-12-12,2023-12-16
ORD-103228,Epson Scanner,Technology,Machines,220.88,7,0.1,33.09,22.83,Cory Gibson,Corporate,South,Alabama,2022-03-18,2022-03-22
ORD-103229,Dixon Ticonderoga Pencils,Office Supplies,Art,67.66,4,0.0,15.31,24.7,Amy Reyes,Corporate,Central,Illinois,2022-01-23,2022-01-29
ORD-103230,Rubbermaid Tote,Office Supplies,Storage,77.82,2,0.4,-12.72,14.29,Michele Hess,Corporate,Central,Texas,2021-01-02,2021-01-07
ORD-103231,Anker Charger,Technology,Accessories,383.07,1,0.4,-42.15,20.03,Eric Chandler,Consumer,West,California,2022-12-01,2022-12-04
ORD-103232,Staedtler Pens,Office Supplies,Art,51.35,5,0.4,-3.06,4.27,Brianna Warner,Consumer,West,Nevada,2022-04-06,2022-04-07
ORD-103233,Fellowes Storage Case,Office Supplies,Storage,62.81,10,0.2,2.25,21.92,Taylor Sims,Consumer,South,Florida,2023-07-04,2023-07-08
ORD-103234,Kraft Envelopes,Office Supplies,Envelopes,106.98,9,0.0,19.99,13.03,Jason Clark,Home Office,South,Georgia,2021-07-09,2021-07-11
ORD-103235,Bestar Folding Table,Furniture,Tables,314.51,9,0.1,1.34,23.35,Samantha Hernandez,Consumer,East,Connecticut,2022-03-07,2022-03-10
ORD-103236,Maco Labels,Office Supplies,Labels,94.14,1,0.3,-13.09,12.81,William Clark,Consumer,West,California,2022-08-16,2022-08-19
ORD-103237,Canon imageRUNNER,Technology,Copiers,117.25,5,0.2,5.96,19.27,Randy Terry,Home Office,East,Pennsylvania,2021-03-27,2021-03-29
ORD-103238,Stanley Staple Gun,Office Supplies,Fasteners,123.19,5,0.3,-8.07,24.56,Samantha Hendrix,Consumer,East,Maryland,2022-08-05,2022-08-10
ORD-103239,Google Pixel 7,Technology,Phones,370.96,3,0.5,-76.14,36.64,Lori West,Corporate,South,Georgia,2021-03-12,2021-03-15
ORD-103240,Advantus Binder Clips,Office Supplies,Fasteners,112.18,8,0.2,-4.64,30.26,Rebecca Lewis,Consumer,Central,Missouri,2023-12-10,2023-12-13
ORD-103241,Kraft Envelopes,Office Supplies,Envelopes,61.65,9,0.1,7.61,5.22,Drew Salazar,Consumer,East,Maryland,2023-02-14,2023-02-16
ORD-103242,Xerox Multi-Use Paper,Office Supplies,Paper,112.5,2,0.1,29.8,21.79,Kayla Hooper,Consumer,South,Florida,2023-04-30,2023-05-04
ORD-103243,Avery Flexi-View,Office Supplies,Binders,82.7,7,0.0,12.38,17.93,Timothy Robertson,Consumer,West,Oregon,2022-11-19,2022-11-21
ORD-103244,Bestar Folding Table,Furniture,Tables,358.27,5,0.0,59.49,15.87,Joel Simmons,Consumer,East,Massachusetts,2022-08-13,2022-08-16
ORD-103245,Sauder Bookcase,Furniture,Bookcases,322.96,8,0.3,-59.85,26.11,John Davis,Home Office,South,Florida,2023-12-11,2023-12-15
ORD-103246,Motorola Edge,Technology,Phones,563.28,2,0.0,120.08,23.44,Sheryl Wright,Consumer,East,Virginia,2023-02-07,2023-02-08
ORD-103247,Memorex Tape,Office Supplies,Supplies,57.17,6,0.0,13.67,26.02,Jennifer Moyer,Corporate,Central,Michigan,2022-04-01,2022-04-05
ORD-103248,BIC Cristal Pens,Office Supplies,Art,121.91,9,0.5,-14.74,29.75,Daniel Abbott,Consumer,West,Washington,2021-12-16,2021-12-20
ORD-103249,Navigator Paper,Office Supplies,Paper,87.87,7,0.1,10.73,8.0,Joseph Smith,Consumer,Central,Texas,2021-05-28,2021-05-31
ORD-103250,Sauder Bookcase,Furniture,Bookcases,457.27,3,0.0,18.06,36.93,April Howard,Consumer,Central,Missouri,2021-11-20,2021-11-23
ORD-103251,Avery Address Labels,Office Supplies,Labels,104.03,6,0.0,15.76,25.48,Carla Park,Home Office,West,Utah,2021-05-10,2021-05-13
ORD-103252,Bestar Folding Table,Furniture,Tables,437.85,1,0.3,-66.95,36.91,Mary Fernandez,Home Office,West,Arizona,2023-09-24,2023-09-27
ORD-103253,Bush Furniture Bookcase,Furniture,Bookcases,462.23,6,0.2,-16.38,12.76,Jason Harrison,Home Office,Central,Texas,2022-04-21,2022-04-24
ORD-103254,Sauder Bookcase,Furniture,Bookcases,163.21,3,0.1,14.89,7.53,Hayden Garcia,Consumer,Central,Minnesota,2022-04-06,2022-04-13
ORD-103255,Steelcase Leap,Furniture,Chairs,496.15,1,0.3,-47.57,16.11,Trevor Martinez,Consumer,South,Louisiana,2022-10-16,2022-10-21
ORD-103256,Ikea BEKANT Desk,Furniture,Tables,218.61,5,0.0,18.52,22.83,Kelsey Martin,Consumer,East,Connecticut,2021-09-14,2021-09-20
ORD-103257,Memorex Tape,Office Supplies,Supplies,94.65,1,0.0,17.49,11.81,Jack Miranda,Home Office,South,North Carolina,2022-04-20,2022-04-24
ORD-103258,Stanley Staple Gun,Office Supplies,Fasteners,144.16,4,0.1,21.22,26.96,Dominique Salinas,Corporate,South,North Carolina,2023-03-19,2023-03-23
ORD-103259,Acco Staple Remover,Office Supplies,Supplies,16.51,5,0.3,-0.05,24.79,David Hernandez,Consumer,West,Nevada,2023-02-14,2023-02-17
ORD-103260,Nokia 5310,Technology,Phones,354.29,9,0.2,5.76,19.69,Susan Lawson,Consumer,East,Pennsylvania,2022-06-24,2022-06-26
ORD-103261,Advantus Binder Clips,Office Supplies,Fasteners,78.2,2,0.1,14.1,8.26,Dustin Patterson,Corporate,Central,Texas,2021-09-29,2021-10-04
ORD-103262,Hon 10500 Table,Furniture,Tables,444.36,1,0.0,50.72,31.88,Suzanne West,Consumer,South,Alabama,2022-11-04,2022-11-07
ORD-103263,Humanscale Chair,Furniture,Chairs,269.28,2,0.0,26.37,14.98,Connie Rios,Consumer,Central,Texas,2023-05-26,2023-05-28
ORD-103264,HP Wireless Mouse,Technology,Accessories,413.14,4,0.1,24.74,14.93,Jason Pineda,Consumer,West,California,2023-03-01,2023-03-06
ORD-103265,Staples Standard Envelopes,Office Supplies,Envelopes,108.53,4,0.0,26.37,28.53,Sherri Holmes,Home Office,West,Arizona,2023-03-25,2023-03-26
ORD-103266,Fiskars Scissors,Office Supplies,Supplies,139.29,4,0.2,17.1,23.45,Eric Hood,Consumer,South,North Carolina,2021-07-10,2021-07-12
ORD-103267,Navigator Paper,Office Supplies,Paper,68.06,6,0.3,1.43,14.87,Joseph Thomas,Corporate,South,Tennessee,2023-08-07,2023-08-08
ORD-103268,Avery Shipping Labels,Office Supplies,Labels,59.57,4,0.3,0.88,10.96,John Burgess,Corporate,South,Florida,2022-11-20,2022-11-24
ORD-103269,Eldon Mobile,Office Supplies,Storage,73.47,5,0.3,-5.23,23.52,Lori Levine,Corporate,East,New York,2022-12-04,2022-12-07
ORD-103270,Bush Furniture Bookcase,Furniture,Bookcases,343.61,2,0.4,-121.54,23.45,Kaitlin Young,Home Office,East,Massachusetts,2023-10-15,2023-10-21
ORD-103271,Humanscale Chair,Furniture,Chairs,99.88,3,0.0,9.1,11.67,Dennis Schaefer,Consumer,East,Massachusetts,2023-11-03,2023-11-06
ORD-103272,Zebra Label Printer,Technology,Machines,423.19,3,0.0,68.36,33.31,Jose Hogan,Home Office,South,Tennessee,2021-05-24,2021-05-26
ORD-103273,HP Wireless Mouse,Technology,Accessories,157.29,10,0.2,-3.29,20.56,Jason Harrison,Home Office,East,Pennsylvania,2021-11-24,2021-11-28
ORD-103274,Nokia 5310,Technology,Phones,472.59,2,0.2,23.2,21.84,Kimberly Byrd,Corporate,South,Florida,2023-01-22,2023-01-28
ORD-103275,Logitech Keyboard,Technology,Accessories,407.4,4,0.0,96.9,19.81,Cheryl Banks,Consumer,Central,Texas,2022-11-17,2022-11-22
ORD-103276,Google Pixel 7,Technology,Phones,473.58,5,0.2,-8.23,12.53,Patrick Hardin,Corporate,Central,Ohio,2023-04-07,2023-04-14
ORD-103277,Ricoh Aficio,Technology,Copiers,365.12,1,0.2,-18.31,18.74,William Ball,Consumer,South,Florida,2021-05-02,2021-05-06
ORD-103278,Acco Staple Remover,Office Supplies,Supplies,86.54,9,0.1,16.93,28.99,Joel Simmons,Corporate,South,Alabama,2021-03-24,2021-03-27
ORD-103279,Acco Binder Clips,Office Supplies,Fasteners,111.93,6,0.0,32.47,28.26,Timothy Ford,Home Office,South,Alabama,2022-09-18,2022-09-20
ORD-103280,Fellowes Storage Case,Office Supplies,Storage,80.31,9,0.4,-2.63,17.07,Krystal Arias,Corporate,Central,Michigan,2023-09-11,2023-09-15
ORD-103281,Hon 4070 Chair,Furniture,Chairs,286.8,6,0.2,3.89,24.67,Edward Clark,Home Office,Central,Texas,2022-05-14,2022-05-20
ORD-103282,Ergon Chair,Furniture,Chairs,307.38,2,0.1,17.02,34.21,Eric Chandler,Corporate,Central,Texas,2023-05-31,2023-06-04
ORD-103283,BIC Cristal Pens,Office Supplies,Art,137.2,2,0.0,28.86,8.43,Andrew Salazar,Consumer,South,Mississippi,2021-02-11,2021-02-14
ORD-103284,Hon 10500 Table,Furniture,Tables,336.21,8,0.1,28.39,28.8,Karen Dawson,Consumer,East,Massachusetts,2023-03-24,2023-03-29
ORD-103285,Sauder Bookcase,Furniture,Bookcases,294.04,3,0.5,-107.63,21.26,Mary Fernandez,Corporate,South,Mississippi,2023-08-18,2023-08-20
ORD-103286,Google Pixel 7,Technology,Phones,752.88,8,0.0,117.83,37.99,Rhonda Allen,Consumer,South,Tennessee,2021-02-18,2021-02-22
ORD-103287,HP Wireless Mouse,Technology,Accessories,435.4,5,0.4,-35.79,15.11,Erica Scott,Corporate,East,New Jersey,2022-10-01,2022-10-04
ORD-103288,Sharp MX,Technology,Copiers,312.64,7,0.2,-9.5,19.8,Frederick Moss,Consumer,West,Colorado,2023-05-08,2023-05-10
ORD-103289,Kraft Envelopes,Office Supplies,Envelopes,98.12,5,0.0,12.79,21.81,Jennifer Browning,Home Office,West,Nevada,2021-08-09,2021-08-12
ORD-103290,Sanford Markers,Office Supplies,Art,80.79,6,0.0,18.76,4.73,Randy Terry,Consumer,South,Tennessee,2023-08-24,2023-08-27
ORD-103291,Logitech Keyboard,Technology,Accessories,366.81,4,0.2,-20.97,35.85,Ronald Ingram,Consumer,South,Alabama,2022-04-25,2022-04-29
ORD-103292,AT-A-GLANCE Planner,Office Supplies,Supplies,141.01,4,0.5,-24.65,19.84,Aaron Little,Corporate,East,New Jersey,2023-10-23,2023-10-27
ORD-103293,Jabra Headset,Technology,Accessories,638.98,7,0.0,106.71,24.75,Suzanne West,Corporate,South,Mississippi,2022-11-13,2022-11-16
ORD-103294,Apple iPhone 14,Technology,Phones,269.2,6,0.5,-55.6,8.61,Rachel Wright,Home Office,South,Florida,2023-02-02,2023-02-04
ORD-103295,Bush Coat Rack,Furniture,Furnishings,284.11,3,0.3,-56.51,17.96,Deborah Warren,Consumer,South,Mississippi,2021-11-17,2021-11-21
ORD-103296,Mead Envelopes,Office Supplies,Envelopes,137.03,4,0.0,25.88,6.41,Ebony Adams,Consumer,South,Alabama,2023-06-08,2023-06-12
ORD-103297,Sauder Bookcase,Furniture,Bookcases,89.17,6,0.0,14.84,20.58,Joshua Bush,Consumer,Central,Illinois,2023-02-24,2023-02-28
ORD-103298,Brother Fax Machine,Technology,Machines,329.31,4,0.0,49.27,33.03,Michael Aguilar,Home Office,East,Virginia,2023-08-31,2023-09-05
ORD-103299,Nokia 5310,Technology,Phones,127.54,4,0.4,-6.75,16.81,Bianca Melton,Corporate,South,Tennessee,2022-11-16,2022-11-20
ORD-103300,Wilson Jones Binder,Office Supplies,Binders,48.74,6,0.0,10.87,25.91,Lori West,Home Office,West,Colorado,2021-07-02,2021-07-05
ORD-103301,Memorex Tape,Office Supplies,Supplies,119.2,2,0.0,28.74,24.84,Jeremy Cervantes,Consumer,East,New York,2021-09-19,2021-09-24
ORD-103302,Ergon Chair,Furniture,Chairs,302.84,9,0.2,-43.94,33.82,Taylor Hall,Consumer,Central,Texas,2021-05-29,2021-06-02
ORD-103303,Avery Flexi-View,Office Supplies,Binders,64.09,1,0.0,14.7,18.91,Matthew Jones,Corporate,West,California,2021-09-02,2021-09-07
ORD-103304,Navigator Paper,Office Supplies,Paper,64.81,5,0.2,4.55,4.98,Jamie Pierce,Consumer,East,New Jersey,2021-01-25,2021-01-28
ORD-103305,HP Office Paper,Office Supplies,Paper,111.82,7,0.3,3.14,21.2,Patrick Brown,Consumer,South,Louisiana,2021-03-10,2021-03-14
ORD-103306,Avery Address Labels,Office Supplies,Labels,50.76,5,0.1,12.68,28.04,Kimberly Ryan,Corporate,East,Massachusetts,2021-03-19,2021-03-23
ORD-103307,OIC Binder Clips,Office Supplies,Fasteners,114.56,3,0.1,16.03,9.32,Adam Page,Consumer,South,Mississippi,2021-06-03,2021-06-05
ORD-103308,Rubbermaid Tote,Office Supplies,Storage,124.87,10,0.1,32.25,20.62,Frederick Finley,Home Office,East,Massachusetts,2022-12-12,2022-12-16
ORD-103309,Mead Envelopes,Office Supplies,Envelopes,43.96,10,0.0,9.18,10.49,David Hoffman,Consumer,East,Virginia,2022-06-24,2022-06-28
ORD-103310,Ricoh Aficio,Technology,Copiers,29.45,7,0.0,5.58,16.85,Kevin Wagner,Consumer,South,Louisiana,2021-06-11,2021-06-15
ORD-103311,HP LaserJet,Technology,Machines,468.46,9,0.1,45.93,32.72,Phillip Lewis,Consumer,Central,Missouri,2023-11-16,2023-11-20
ORD-103312,Sauder Bookcase,Furniture,Bookcases,231.46,6,0.0,-0.57,31.6,Taylor Barry,Home Office,South,Georgia,2022-08-19,2022-08-23
ORD-103313,Anker Charger,Technology,Accessories,469.77,7,0.0,118.74,18.27,Christina Hoffman,Consumer,South,Tennessee,2021-09-18,2021-09-23
ORD-103314,Tyvek Mailer,Office Supplies,Envelopes,71.09,9,0.2,5.83,22.99,Brittany Joyce,Corporate,Central,Ohio,2023-01-16,2023-01-21
ORD-103315,Nokia 5310,Technology,Phones,159.1,3,0.2,6.82,18.98,Joanna Ruiz,Consumer,West,Oregon,2023-10-30,2023-11-02
ORD-103316,Ergon Chair,Furniture,Chairs,262.79,6,0.0,16.26,13.55,Katherine Parker,Consumer,West,California,2023-12-23,2023-12-26
ORD-103317,Hon 10500 Table,Furniture,Tables,218.76,7,0.1,0.07,9.61,Samantha Hendrix,Consumer,South,Louisiana,2023-01-29,2023-02-02
ORD-103318,Canon Printer,Technology,Machines,471.19,6,0.2,-21.49,25.12,Karen Charles,Corporate,West,Arizona,2021-12-23,2021-12-26
ORD-103319,Staedtler Pens,Office Supplies,Art,77.29,2,0.2,4.48,5.27,Carrie Owens,Home Office,East,New York,2021-03-09,2021-03-11
ORD-103320,Global Leather Chair,Furniture,Chairs,178.12,5,0.1,19.56,27.54,Theresa Brown,Corporate,South,Louisiana,2021-09-24,2021-09-28
ORD-103321,Staples Standard Staples,Office Supplies,Fasteners,62.69,4,0.2,1.66,7.59,Christina Hoffman,Corporate,East,New York,2022-03-14,2022-03-17
ORD-103322,Deflect-o Stackable,Office Supplies,Storage,58.69,5,0.1,13.49,21.61,Dominique Salinas,Consumer,East,Massachusetts,2023-12-19,2023-12-22
ORD-103323,Avery Heavy Duty Binder,Office Supplies,Binders,107.69,9,0.0,18.65,25.18,Brandon Marsh,Consumer,East,New Jersey,2021-10-06,2021-10-11
ORD-103324,Quartet Calendar,Office Supplies,Supplies,125.4,4,0.0,28.85,30.7,Dennis Mason,Corporate,South,Mississippi,2021-12-22,2021-12-25
ORD-103325,Lorell Glass Table,Furniture,Tables,340.87,8,0.1,0.95,30.61,Raymond Guerra,Consumer,West,Washington,2022-08-02,2022-08-04
ORD-103326,Sauder Bookcase,Furniture,Bookcases,220.07,9,0.4,-44.7,12.44,Matthew Jones,Corporate,West,California,2023-07-23,2023-07-26
ORD-103327,Zebra Label Printer,Technology,Machines,322.79,9,0.0,87.42,31.79,Nathan Jennings,Corporate,East,Pennsylvania,2021-07-24,2021-07-30
ORD-103328,Staples Standard Staples,Office Supplies,Fasteners,49.38,8,0.0,14.66,22.57,Theresa Brown,Corporate,East,Virginia,2023-12-31,2024-01-03
ORD-103329,Realspace Bookcase,Furniture,Bookcases,296.64,4,0.2,-13.36,13.73,Sharon Hansen,Home Office,South,Florida,2022-05-21,2022-05-24
ORD-103330,Xerox Multi-Use Paper,Office Supplies,Paper,116.66,8,0.1,12.66,13.16,Scott Gomez,Consumer,Central,Ohio,2022-11-29,2022-12-02
ORD-103331,Ergon Chair,Furniture,Chairs,413.71,4,0.3,-113.93,20.06,Robert Harris,Corporate,South,Georgia,2023-07-01,2023-07-05
ORD-103332,Ikea BEKANT Desk,Furniture,Tables,223.6,3,0.0,12.03,24.55,Abigail Berger,Corporate,East,Maryland,2022-08-19,2022-08-24
ORD-103333,Jabra Headset,Technology,Accessories,209.44,4,0.1,18.69,28.3,Barbara Barber,Consumer,South,Alabama,2021-04-16,2021-04-18
ORD-103334,Lorell Mirror,Furniture,Furnishings,356.29,3,0.0,48.15,24.98,Shawn Martinez,Consumer,East,Maryland,2023-02-16,2023-02-21
ORD-103335,Brother Fax Machine,Technology,Machines,448.54,7,0.0,65.81,14.29,David Hernandez,Consumer,South,Louisiana,2021-09-10,2021-09-11
ORD-103336,Prepac Bookcase,Furniture,Bookcases,354.28,2,0.2,-19.06,31.27,Sheryl Wright,Corporate,East,Connecticut,2023-09-28,2023-10-01
ORD-103337,Epson Scanner,Technology,Machines,559.77,8,0.3,-11.84,38.49,Amy Reyes,Consumer,South,Georgia,2021-01-29,2021-02-02
ORD-103338,Deflect-o Stackable,Office Supplies,Storage,90.98,9,0.0,15.93,6.03,Rebecca Rubio,Corporate,Central,Wisconsin,2022-08-24,2022-08-29
ORD-103339,Canon imageRUNNER,Technology,Copiers,305.53,5,0.0,46.6,34.57,Kayla Elliott,Consumer,Central,Illinois,2022-12-09,2022-12-11
ORD-103340,Realspace Bookcase,Furniture,Bookcases,272.17,3,0.0,30.86,30.93,Michele Hess,Consumer,South,Tennessee,2022-11-02,2022-11-05
ORD-103341,Global Leather Chair,Furniture,Chairs,395.82,10,0.0,38.57,10.94,Abigail Berger,Consumer,East,New York,2022-11-17,2022-11-21
ORD-103342,Staedtler Pens,Office Supplies,Art,90.52,10,0.0,20.56,27.55,Sharon Hansen,Consumer,East,Virginia,2023-09-05,2023-09-07
ORD-103343,Eldon Mobile,Office Supplies,Storage,73.49,3,0.3,-4.87,28.71,Colton Lee,Corporate,South,Mississippi,2023-03-19,2023-03-22
ORD-103344,BIC Cristal Pens,Office Supplies,Art,33.83,4,0.3,-1.85,23.53,William Robinson,Consumer,West,Oregon,2021-07-04,2021-07-07
ORD-103345,Eldon Mobile,Office Supplies,Storage,105.14,6,0.1,11.02,24.75,Samantha Hernandez,Consumer,Central,Wisconsin,2022-03-23,2022-03-25
ORD-103346,Humanscale Chair,Furniture,Chairs,281.46,3,0.1,12.19,14.68,Casey Liu,Consumer,East,Maryland,2023-02-17,2023-02-20
ORD-103347,OIC Binder Clips,Office Supplies,Fasteners,106.66,5,0.2,0.64,22.39,Adam White,Corporate,East,Pennsylvania,2022-09-02,2022-09-07
ORD-103348,Avery Address Labels,Office Supplies,Labels,121.91,6,0.0,33.69,13.49,Joseph Smith,Home Office,South,Georgia,2022-02-24,2022-02-28
ORD-103349,Kraft Envelopes,Office Supplies,Envelopes,53.84,4,0.5,-11.91,5.74,Barbara Barber,Home Office,Central,Michigan,2022-04-02,2022-04-06
ORD-103350,Apple iPhone 14,Technology,Phones,600.57,1,0.1,55.65,27.49,Adam Page,Consumer,Central,Wisconsin,2023-03-18,2023-03-21
ORD-103351,Avery Heavy Duty Binder,Office Supplies,Binders,18.97,8,0.2,-0.19,30.21,Stephanie Stevenson,Corporate,West,Colorado,2021-04-24,2021-04-29
ORD-103352,Hon 10500 Table,Furniture,Tables,280.08,10,0.2,-33.09,19.2,Jennifer Moyer,Home Office,West,Utah,2022-05-20,2022-05-24
ORD-103353,Epson Scanner,Technology,Machines,343.85,10,0.4,-47.58,20.25,Michael Arroyo,Consumer,East,Massachusetts,2023-08-02,2023-08-05
ORD-103354,Expo Dry Erase,Office Supplies,Art,136.79,4,0.0,28.11,24.51,Matthew Molina,Corporate,East,New York,2021-07-16,2021-07-19
ORD-103355,Jabra Headset,Technology,Accessories,581.61,4,0.1,99.71,29.35,Dr. Darren Mcneil,Consumer,Central,Michigan,2021-08-03,2021-08-06
ORD-103356,Global Leather Chair,Furniture,Chairs,482.12,2,0.2,-22.06,22.18,Jose Jones,Consumer,East,Connecticut,2022-08-12,2022-08-14
ORD-103357,IKEA KALLAX,Furniture,Bookcases,74.41,6,0.4,-14.66,23.14,David Marshall,Consumer,West,Washington,2023-04-28,2023-05-03
ORD-103358,Rubbermaid Tote,Office Supplies,Storage,123.55,9,0.3,-2.97,24.74,Robert Allen,Corporate,East,Virginia,2022-10-24,2022-10-28
ORD-103359,Lorell Glass Table,Furniture,Tables,519.35,6,0.2,-8.83,18.62,Nicole Jimenez,Corporate,South,Alabama,2022-04-02,2022-04-07
ORD-103360,Eldon Mobile,Office Supplies,Storage,108.18,7,0.0,29.68,14.88,Frederick Finley,Corporate,Central,Missouri,2023-04-20,2023-04-23
ORD-103361,Logitech Keyboard,Technology,Accessories,463.34,1,0.1,-11.42,13.59,Ryan Vasquez,Home Office,East,New York,2021-03-11,2021-03-14
ORD-103362,Kraft Envelopes,Office Supplies,Envelopes,74.03,6,0.1,14.8,7.42,Aaron Martinez,Consumer,Central,Minnesota,2023-09-11,2023-09-14
ORD-103363,IKEA KALLAX,Furniture,Bookcases,213.09,8,0.1,1.88,28.1,Christopher Hernandez,Consumer,South,Tennessee,2023-05-12,2023-05-15
ORD-103364,OIC Binder Clips,Office Supplies,Fasteners,56.57,5,0.3,3.91,16.08,Carrie Sanchez,Home Office,Central,Texas,2023-05-25,2023-05-28
ORD-103365,Sharp MX,Technology,Copiers,679.04,3,0.1,37.89,33.22,Lori West,Corporate,West,Washington,2023-04-17,2023-04-24
ORD-103366,Ricoh Aficio,Technology,Copiers,433.57,4,0.0,63.29,20.13,Casey Liu,Home Office,West,Arizona,2021-06-02,2021-06-05
ORD-103367,Canon Printer,Technology,Machines,508.39,3,0.3,-17.55,13.88,Colton Lee,Consumer,Central,Wisconsin,2022-10-24,2022-10-30
ORD-103368,Rubbermaid Tote,Office Supplies,Storage,115.97,8,0.0,27.44,31.52,Dominique Salinas,Consumer,East,New Jersey,2023-09-07,2023-09-12
ORD-103369,Prepac Bookcase,Furniture,Bookcases,662.25,5,0.1,-20.79,35.7,Abigail Berger,Corporate,East,Connecticut,2023-02-13,2023-02-14
ORD-103370,Sharp MX,Technology,Copiers,136.3,9,0.2,0.05,24.17,James Smith,Consumer,Central,Minnesota,2023-03-08,2023-03-11
ORD-103371,Memorex Tape,Office Supplies,Supplies,39.82,5,0.5,-10.14,10.92,Matthew Wright,Corporate,West,California,2022-12-11,2022-12-17
ORD-103372,Bush Furniture Bookcase,Furniture,Bookcases,189.84,8,0.0,10.23,18.64,Patricia Welch,Consumer,Central,Michigan,2023-03-11,2023-03-13
ORD-103373,HP LaserJet,Technology,Machines,257.26,10,0.0,52.97,22.95,Melissa Jenkins,Consumer,South,Tennessee,2021-11-20,2021-11-22
ORD-103374,Bestar Folding Table,Furniture,Tables,249.26,1,0.0,22.69,8.32,Samantha Atkins,Corporate,West,Utah,2023-11-30,2023-12-03
ORD-103375,Jabra Headset,Technology,Accessories,553.08,6,0.2,-10.13,15.87,John Burgess,Consumer,Central,Minnesota,2022-08-11,2022-08-14
ORD-103376,OIC Binder Clips,Office Supplies,Fasteners,81.53,2,0.5,-13.18,9.72,Debra Andrade,Corporate,West,Utah,2022-04-04,2022-04-07
ORD-103377,Staples Copy Paper,Office Supplies,Paper,27.87,6,0.2,-1.65,16.31,Joshua Butler,Consumer,Central,Texas,2022-04-25,2022-04-28
ORD-103378,Staedtler Pens,Office Supplies,Art,101.08,1,0.1,16.64,20.15,Kayla Nichols,Corporate,West,Colorado,2021-02-11,2021-02-15
ORD-103379,Hon 10500 Table,Furniture,Tables,557.71,4,0.0,60.18,39.32,David Johnson,Home Office,West,Nevada,2022-10-29,2022-11-02
ORD-103380,Maco Labels,Office Supplies,Labels,116.23,10,0.5,-22.06,18.91,Casey Liu,Consumer,South,Tennessee,2023-07-23,2023-07-26
ORD-103381,HP Office Paper,Office Supplies,Paper,99.51,3,0.2,14.27,9.23,Sheryl Wright,Corporate,Central,Ohio,2022-10-30,2022-11-05
ORD-103382,Sharp MX,Technology,Copiers,70.16,7,0.0,14.08,16.52,Robert Allen,Consumer,West,Colorado,2021-02-25,2021-03-01
ORD-103383,Steelcase Leap,Furniture,Chairs,566.27,7,0.1,19.31,16.15,Michelle Hansen MD,Consumer,Central,Wisconsin,2021-11-21,2021-11-24
ORD-103384,Advantus Ring Binder,Furniture,Furnishings,508.07,2,0.2,-46.47,29.1,Connie Rios,Corporate,Central,Missouri,2023-06-25,2023-06-28
ORD-103385,Advantus Binder Clips,Office Supplies,Fasteners,88.97,9,0.3,-1.63,14.62,Alyssa Cook,Corporate,South,North Carolina,2023-08-01,2023-08-05
ORD-103386,Expo Dry Erase,Office Supplies,Art,19.04,1,0.3,-1.49,23.38,Donald Morales,Corporate,West,Utah,2023-03-14,2023-03-17
ORD-103387,Staples Copy Paper,Office Supplies,Paper,54.9,9,0.0,14.33,14.58,Christopher Thompson,Consumer,South,Tennessee,2021-02-19,2021-02-22
ORD-103388,Expo Dry Erase,Office Supplies,Art,117.91,3,0.0,27.85,31.78,Melissa Thompson,Consumer,Central,Texas,2022-05-12,2022-05-16
ORD-103389,Google Pixel 7,Technology,Phones,541.86,4,0.1,49.74,36.22,Lucas Hernandez,Home Office,West,California,2021-12-16,2021-12-19
ORD-103390,Sharp MX,Technology,Copiers,602.31,7,0.3,-35.87,35.65,Frederick Moss,Home Office,Central,Wisconsin,2023-12-20,2023-12-23
ORD-103391,Konica Minolta,Technology,Copiers,419.26,8,0.1,36.36,38.27,Ebony Adams,Consumer,Central,Wisconsin,2021-09-11,2021-09-14
ORD-103392,Safco Round Table,Furniture,Tables,392.13,8,0.1,-0.42,28.63,Jonathan Baker,Home Office,Central,Illinois,2022-12-18,2022-12-22
ORD-103393,Anker Charger,Technology,Accessories,566.23,6,0.1,24.57,18.41,Jonathan Baker,Corporate,East,New York,2022-12-26,2023-01-02
ORD-103394,Zebra Label Printer,Technology,Machines,234.17,5,0.4,-24.74,8.13,Shawn Martinez,Corporate,West,California,2022-12-03,2022-12-06
ORD-103395,Ricoh Aficio,Technology,Copiers,395.83,9,0.2,-1.07,22.48,John Davis,Consumer,West,California,2022-08-10,2022-08-12
ORD-103396,Deflect-o Stackable,Office Supplies,Storage,118.48,5,0.1,12.99,23.04,Angel Dickerson,Corporate,East,Pennsylvania,2021-08-23,2021-08-25
ORD-103397,Acco Binder Clips,Office Supplies,Fasteners,83.59,10,0.0,24.24,21.58,Connie Rios,Home Office,Central,Illinois,2021-04-03,2021-04-04
ORD-103398,Staples Copy Paper,Office Supplies,Paper,139.25,6,0.1,30.44,15.19,James Gomez,Corporate,Central,Minnesota,2021-02-17,2021-02-20
ORD-103399,Maco Labels,Office Supplies,Labels,80.97,8,0.0,22.8,9.07,Kimberly Byrd,Consumer,West,Arizona,2023-11-03,2023-11-09
ORD-103400,Humanscale Chair,Furniture,Chairs,196.13,6,0.0,10.72,27.53,Phillip Lewis,Corporate,East,Connecticut,2023-01-14,2023-01-17
ORD-103401,Acco Binder Clips,Office Supplies,Fasteners,14.79,1,0.2,2.12,10.31,Jeffery Rogers,Corporate,South,Tennessee,2022-08-31,2022-09-05
ORD-103402,HP Office Paper,Office Supplies,Paper,62.35,2,0.0,13.32,22.81,David Barrett,Corporate,South,Tennessee,2022-03-10,2022-03-14
ORD-103403,Advantus Ring Binder,Furniture,Furnishings,200.76,2,0.4,-37.19,33.2,William Robinson,Home Office,East,Massachusetts,2023-02-11,2023-02-13
ORD-103404,Samsung Galaxy S22,Technology,Phones,349.9,9,0.0,40.15,11.47,Daniel Abbott,Corporate,Central,Michigan,2023-12-29,2024-01-04
ORD-103405,Konica Minolta,Technology,Copiers,480.67,3,0.3,-63.3,18.53,Bianca Melton,Consumer,West,Oregon,2023-02-20,2023-02-23
ORD-103406,Lorell Mirror,Furniture,Furnishings,209.51,6,0.4,-68.16,28.57,Trevor Martinez,Home Office,West,Utah,2021-08-10,2021-08-12
ORD-103407,Ergon Chair,Furniture,Chairs,139.13,4,0.0,15.15,14.88,Lisa Christensen,Consumer,South,Florida,2022-09-25,2022-09-28
ORD-103408,Bush Furniture Bookcase,Furniture,Bookcases,74.26,8,0.0,1.93,15.75,Kelsey Martin,Consumer,South,Mississippi,2023-10-13,2023-10-15
ORD-103409,Motorola Edge,Technology,Phones,409.62,9,0.2,-2.94,15.07,Karen Charles,Consumer,West,Nevada,2021-03-17,2021-03-22
ORD-103410,Epson Scanner,Technology,Machines,728.73,2,0.3,23.1,42.74,Matthew Molina,Corporate,East,Maryland,2023-04-29,2023-05-03
ORD-103411,Konica Minolta,Technology,Copiers,271.13,4,0.1,34.67,24.47,Steven Davis,Corporate,West,California,2023-08-07,2023-08-11
ORD-103412,Hon 10500 Table,Furniture,Tables,399.91,5,0.2,-35.94,14.27,William Robbins,Corporate,South,Florida,2022-10-29,2022-11-02
ORD-103413,Advantus Binder Clips,Office Supplies,Fasteners,42.14,6,0.0,9.24,8.03,Nathan Jennings,Corporate,West,Nevada,2023-06-14,2023-06-17
ORD-103414,Belkin USB Hub,Technology,Accessories,382.34,4,0.1,29.9,36.0,Adam White,Consumer,South,Louisiana,2022-12-25,2022-12-28
ORD-103415,Jiffy Mailer,Office Supplies,Envelopes,104.15,3,0.3,-5.99,14.24,Samantha Hernandez,Home Office,West,Utah,2023-01-08,2023-01-11
ORD-103416,Ergon Chair,Furniture,Chairs,171.76,1,0.1,4.37,19.15,Danny Dodson,Home Office,Central,Wisconsin,2023-01-24,2023-01-27
ORD-103417,Samsung Galaxy S22,Technology,Phones,471.76,4,0.0,57.16,25.12,Nicole Jimenez,Corporate,West,Nevada,2021-11-06,2021-11-09
ORD-103418,Canon imageRUNNER,Technology,Copiers,558.49,8,0.0,51.09,37.99,Mary Lambert,Home Office,South,Tennessee,2023-07-14,2023-07-17
ORD-103419,Ibico MB,Office Supplies,Binders,71.5,8,0.3,-2.35,20.19,Joshua Bush,Consumer,Central,Missouri,2022-11-19,2022-11-25
ORD-103420,Logitech Keyboard,Technology,Accessories,308.2,3,0.5,-76.51,31.55,Tina Williams,Consumer,West,Nevada,2021-11-06,2021-11-13
ORD-103421,Motorola Edge,Technology,Phones,709.37,9,0.0,97.51,22.23,Abigail Berger,Corporate,West,Nevada,2023-04-06,2023-04-09
ORD-103422,Logitech Keyboard,Technology,Accessories,800.6,4,0.0,161.61,43.72,Janice Webb,Corporate,South,Tennessee,2022-01-27,2022-01-29
ORD-103423,Canon Printer,Technology,Machines,424.73,9,0.3,-15.37,15.75,Lisa Joyce,Consumer,East,New York,2023-12-30,2024-01-02
ORD-103424,Nokia 5310,Technology,Phones,814.79,4,0.0,106.18,28.84,Krystal Arias,Corporate,West,Arizona,2023-05-18,2023-05-20
ORD-103425,Steelcase Leap,Furniture,Chairs,175.55,6,0.1,-3.11,8.79,Todd Khan,Consumer,South,Georgia,2022-05-09,2022-05-13
ORD-103426,Canon imageRUNNER,Technology,Copiers,415.14,5,0.0,38.9,36.97,William Smith,Consumer,West,Colorado,2023-02-13,2023-02-18
ORD-103427,BIC Cristal Pens,Office Supplies,Art,90.71,3,0.4,-1.39,30.71,Jennifer Montgomery,Corporate,South,Alabama,2023-04-21,2023-04-27
ORD-103428,Hon 10500 Table,Furniture,Tables,328.17,1,0.5,-103.25,12.95,Douglas Rodriguez,Corporate,East,Virginia,2021-08-03,2021-08-07
ORD-103429,Zebra Label Printer,Technology,Machines,311.09,10,0.4,-29.58,10.96,Jeremy Thomas,Consumer,South,Louisiana,2021-05-04,2021-05-08
ORD-103430,Sharp MX,Technology,Copiers,277.87,9,0.0,75.67,23.47,Jasmine Anderson,Home Office,South,Tennessee,2023-09-06,2023-09-10
ORD-103431,Sanford Markers,Office Supplies,Art,151.87,8,0.5,-25.39,7.49,Joseph Lopez,Consumer,Central,Illinois,2023-03-13,2023-03-17
ORD-103432,HP Wireless Mouse,Technology,Accessories,408.16,1,0.4,-36.11,20.38,Karen Dawson,Corporate,East,Pennsylvania,2023-07-18,2023-07-20
ORD-103433,Memorex Tape,Office Supplies,Supplies,125.03,5,0.1,12.47,14.31,Alex Walker,Home Office,West,Colorado,2023-03-13,2023-03-15
ORD-103434,Sanford Markers,Office Supplies,Art,73.15,2,0.4,-12.15,29.82,Patricia Hammond,Consumer,West,Washington,2023-07-09,2023-07-13
ORD-103435,Dixon Ticonderoga Pencils,Office Supplies,Art,103.09,5,0.0,26.12,13.07,Brianna Warner,Corporate,South,Louisiana,2021-11-09,2021-11-13
ORD-103436,OIC Binder Clips,Office Supplies,Fasteners,46.8,9,0.1,5.49,25.2,Nathaniel Wade,Consumer,Central,Ohio,2022-05-25,2022-05-29
ORD-103437,Hon 4070 Chair,Furniture,Chairs,148.33,3,0.2,-15.57,13.25,Matthew Molina,Corporate,South,Mississippi,2023-01-10,2023-01-14
ORD-103438,Hon 10500 Table,Furniture,Tables,376.12,1,0.0,23.82,35.31,Krystal Arias,Home Office,Central,Ohio,2023-05-28,2023-05-31
ORD-103439,Humanscale Chair,Furniture,Chairs,273.9,4,0.0,5.1,29.8,Anthony Conley,Corporate,South,Florida,2022-05-15,2022-05-19
ORD-103440,Anker Charger,Technology,Accessories,439.92,2,0.3,-27.37,21.92,Jennifer Browning,Consumer,East,New Jersey,2021-07-14,2021-07-18
ORD-103441,Apple iPhone 14,Technology,Phones,293.37,10,0.2,3.09,35.57,Jeffrey Golden,Consumer,East,New Jersey,2023-05-12,2023-05-16
ORD-103442,Canon imageRUNNER,Technology,Copiers,438.85,10,0.0,61.11,38.5,Anthony Conley,Home Office,West,Utah,2022-03-04,2022-03-07
ORD-103443,Bestar Folding Table,Furniture,Tables,132.85,9,0.5,-27.86,10.8,Mark Chapman,Consumer,East,Massachusetts,2022-07-20,2022-07-22
ORD-103444,Xerox WorkCentre,Technology,Copiers,308.68,1,0.0,54.07,12.15,Michele Hess,Consumer,Central,Ohio,2021-01-16,2021-01-18
ORD-103445,Apple iPhone 14,Technology,Phones,571.73,6,0.0,203.79,25.7,Carrie Sanchez,Corporate,Central,Michigan,2023-01-12,2023-01-13
ORD-103446,Lorell Mirror,Furniture,Furnishings,160.66,4,0.2,-6.03,6.97,Jose Hogan,Consumer,West,Oregon,2022-04-08,2022-04-11
ORD-103447,Deflect-o Stackable,Office Supplies,Storage,67.36,7,0.0,13.0,12.31,Brianna Warner,Consumer,East,New York,2022-01-16,2022-01-21
ORD-103448,Lorell Mirror,Furniture,Furnishings,223.57,10,0.0,9.77,20.18,Taylor Hall,Consumer,South,North Carolina,2021-12-10,2021-12-16
ORD-103449,Sharp MX,Technology,Copiers,403.39,3,0.0,42.87,14.36,Rachel Wright,Corporate,South,Louisiana,2023-10-18,2023-10-21
ORD-103450,Avery Flexi-View,Office Supplies,Binders,120.3,6,0.3,-2.08,8.47,James Reed,Consumer,West,California,2023-12-16,2023-12-19
ORD-103451,Cardinal Binder,Office Supplies,Binders,103.52,6,0.4,-12.76,31.16,Drew Salazar,Home Office,Central,Wisconsin,2021-05-17,2021-05-20
ORD-103452,Maco Labels,Office Supplies,Labels,78.25,2,0.1,12.08,29.46,Mary Martin,Consumer,East,Maryland,2023-06-20,2023-06-23
ORD-103453,Sauder Bookcase,Furniture,Bookcases,170.31,4,0.0,13.98,30.51,David Hoffman,Corporate,Central,Michigan,2023-04-20,2023-04-23
ORD-103454,Humanscale Chair,Furniture,Chairs,206.85,2,0.0,11.47,10.53,Jeffery Rogers,Consumer,East,Massachusetts,2021-07-05,2021-07-11
ORD-103455,Avery Flexi-View,Office Supplies,Binders,22.49,8,0.1,4.65,13.11,Jennifer Moyer,Home Office,West,California,2022-03-13,2022-03-17
ORD-103456,Motorola Edge,Technology,Phones,300.15,1,0.2,23.46,32.58,Ebony Adams,Consumer,Central,Missouri,2023-05-15,2023-05-18
ORD-103457,Ricoh Aficio,Technology,Copiers,581.01,5,0.5,-165.18,33.72,Danny Dodson,Corporate,West,Oregon,2021-11-01,2021-11-06
ORD-103458,Ricoh Aficio,Technology,Copiers,235.85,3,0.0,72.65,28.05,Holly Smith,Consumer,Central,Wisconsin,2021-05-23,2021-05-28
ORD-103459,Staples Copy Paper,Office Supplies,Paper,146.03,7,0.4,-14.83,12.99,Robert Harris,Corporate,Central,Texas,2021-10-26,2021-10-28
ORD-103460,Kraft Envelopes,Office Supplies,Envelopes,98.24,7,0.0,18.51,8.93,Joanna Ruiz,Consumer,Central,Minnesota,2021-04-23,2021-04-26
ORD-103461,Belkin USB Hub,Technology,Accessories,479.18,10,0.3,-45.93,12.84,Michael Smith,Corporate,East,Massachusetts,2023-10-12,2023-10-15
ORD-103462,Advantus Binder Clips,Office Supplies,Fasteners,24.96,2,0.4,-4.15,20.83,Tiffany Lloyd,Home Office,East,Maryland,2021-03-11,2021-03-16
ORD-103463,Avery Address Labels,Office Supplies,Labels,90.67,8,0.1,7.57,20.38,Susan Hamilton,Corporate,East,Massachusetts,2022-08-19,2022-08-23
ORD-103464,Ergon Chair,Furniture,Chairs,301.93,5,0.2,-34.34,22.23,Kimberly Garrett,Consumer,West,California,2022-10-20,2022-10-23
ORD-103465,Anker Charger,Technology,Accessories,284.82,1,0.0,63.42,20.21,Patricia Welch,Consumer,South,Georgia,2023-10-18,2023-10-21
ORD-103466,Avery Address Labels,Office Supplies,Labels,97.92,5,0.5,-17.67,26.43,Jennifer Wilson,Home Office,South,Mississippi,2023-01-08,2023-01-10
ORD-103467,Nokia 5310,Technology,Phones,550.63,8,0.0,112.35,14.49,Matthew Molina,Consumer,Central,Minnesota,2022-03-15,2022-03-18
ORD-103468,Canon Printer,Technology,Machines,641.45,9,0.0,100.71,23.04,Shawn Martinez,Home Office,Central,Michigan,2023-01-05,2023-01-07
ORD-103469,Advantus Ring Binder,Furniture,Furnishings,258.44,2,0.1,-11.64,31.44,Patrick Hardin,Consumer,West,Oregon,2021-11-10,2021-11-13
ORD-103470,Rubbermaid Tote,Office Supplies,Storage,76.27,9,0.5,-10.05,31.44,Andrew Medina,Corporate,South,Alabama,2021-03-14,2021-03-19
ORD-103471,Avery Heavy Duty Binder,Office Supplies,Binders,131.6,10,0.0,35.27,9.4,Taylor Johnson,Home Office,West,Colorado,2021-04-21,2021-04-24
ORD-103472,Avery File Folder Labels,Office Supplies,Labels,32.59,8,0.0,8.93,3.71,William Robbins,Consumer,East,Pennsylvania,2021-11-01,2021-11-06
ORD-103473,Eldon Shelf,Furniture,Furnishings,89.38,5,0.0,12.95,12.33,Thomas Gutierrez,Corporate,South,Georgia,2022-03-15,2022-03-19
ORD-103474,Avery File Folder Labels,Office Supplies,Labels,78.23,8,0.3,1.18,9.42,Carrie Sanchez,Corporate,West,Oregon,2021-12-24,2021-12-27
ORD-103475,Ikea BEKANT Desk,Furniture,Tables,150.11,8,0.0,23.8,15.98,Samantha Hendrix,Consumer,Central,Texas,2021-07-27,2021-07-31
ORD-103476,Staples Standard Staples,Office Supplies,Fasteners,43.12,10,0.0,8.05,29.76,Laurie Smith,Home Office,Central,Illinois,2023-11-07,2023-11-10
ORD-103477,Navigator Paper,Office Supplies,Paper,58.06,8,0.1,3.04,25.78,Steven Davis,Corporate,Central,Ohio,2022-11-07,2022-11-10
ORD-103478,Expo Dry Erase,Office Supplies,Art,93.02,3,0.0,28.86,24.35,Michael Aguilar,Corporate,West,Nevada,2022-04-04,2022-04-07
ORD-103479,Cardinal Binder,Office Supplies,Binders,175.34,2,0.2,11.37,23.7,Nicole Jimenez,Consumer,West,California,2021-07-23,2021-07-26
ORD-103480,Google Pixel 7,Technology,Phones,588.67,3,0.3,-28.49,25.71,Crystal Johnson,Consumer,Central,Texas,2022-05-06,2022-05-10
ORD-103481,Advantus Binder Clips,Office Supplies,Fasteners,105.96,3,0.0,21.5,9.71,Sandra Dean,Consumer,West,Washington,2022-07-26,2022-08-01
ORD-103482,Tyvek Mailer,Office Supplies,Envelopes,96.24,5,0.0,23.76,27.36,Bridget Kirby,Corporate,East,Virginia,2021-03-10,2021-03-14
ORD-103483,HP LaserJet,Technology,Machines,317.45,2,0.0,55.91,36.01,Carla Park,Consumer,South,Alabama,2021-08-03,2021-08-06
ORD-103484,Dixon Ticonderoga Pencils,Office Supplies,Art,88.13,10,0.5,-12.22,20.86,Brandon Morse,Consumer,South,Louisiana,2023-05-19,2023-05-24
ORD-103485,Logitech Keyboard,Technology,Accessories,239.43,10,0.1,23.33,29.03,Michael Smith,Corporate,South,Mississippi,2023-07-04,2023-07-06
ORD-103486,Zebra Label Printer,Technology,Machines,715.92,4,0.1,113.26,35.44,Erika Marshall,Consumer,West,Arizona,2022-05-20,2022-05-24
ORD-103487,IKEA KALLAX,Furniture,Bookcases,471.9,1,0.0,47.77,37.11,Dominique Salinas,Consumer,Central,Illinois,2022-06-30,2022-07-03
ORD-103488,Dixon Ticonderoga Pencils,Office Supplies,Art,100.27,9,0.0,27.08,20.0,Samantha West,Corporate,Central,Minnesota,2022-12-31,2023-01-03
ORD-103489,Kraft Envelopes,Office Supplies,Envelopes,139.93,8,0.1,5.94,32.13,Lisa Joyce,Home Office,West,Colorado,2022-01-02,2022-01-06
ORD-103490,Bush Furniture Bookcase,Furniture,Bookcases,152.15,5,0.0,25.18,29.92,Lucas Hernandez,Home Office,South,Florida,2021-12-06,2021-12-12
ORD-103491,Google Pixel 7,Technology,Phones,365.7,1,0.2,-4.97,28.2,Alex Walker,Corporate,South,Tennessee,2022-04-26,2022-04-29
ORD-103492,Avery Heavy Duty Binder,Office Supplies,Binders,49.87,2,0.5,-10.36,19.94,Deborah Warren,Consumer,East,Maryland,2023-04-03,2023-04-06
ORD-103493,Jabra Headset,Technology,Accessories,185.62,5,0.2,23.12,12.93,Nathan Jennings,Consumer,West,Colorado,2022-11-22,2022-11-26
ORD-103494,Xerox Multi-Use Paper,Office Supplies,Paper,89.28,1,0.1,12.24,26.68,Christopher Hernandez,Corporate,South,Alabama,2023-10-07,2023-10-11
ORD-103495,Acco Binder Clips,Office Supplies,Fasteners,108.82,7,0.0,29.18,12.47,Curtis Fields,Consumer,West,California,2021-10-08,2021-10-13
ORD-103496,Realspace Bookcase,Furniture,Bookcases,423.51,1,0.3,-36.56,36.99,Taylor Howard,Consumer,West,Washington,2022-09-04,2022-09-06
ORD-103497,Staples Standard Envelopes,Office Supplies,Envelopes,69.81,10,0.2,3.15,7.89,Joseph Smith,Home Office,South,Mississippi,2021-10-03,2021-10-07
ORD-103498,Navigator Paper,Office Supplies,Paper,114.61,4,0.0,22.19,31.63,Jennifer Ellison,Corporate,Central,Michigan,2023-07-12,2023-07-19
ORD-103499,Ibico MB,Office Supplies,Binders,89.84,5,0.0,21.56,13.62,Elizabeth Landry,Home Office,South,Alabama,2022-10-20,2022-10-21
ORD-103500,Avery Flexi-View,Office Supplies,Binders,115.13,6,0.0,15.1,30.32,Jeremiah Smith,Home Office,Central,Ohio,2023-07-04,2023-07-11
ORD-103501,Jiffy Mailer,Office Supplies,Envelopes,112.87,1,0.1,14.48,9.96,Lisa Joyce,Corporate,South,Tennessee,2023-01-11,2023-01-17
ORD-103502,Mead Envelopes,Office Supplies,Envelopes,112.64,2,0.0,29.16,12.21,Timothy Robertson,Home Office,West,California,2021-08-28,2021-09-01
ORD-103503,Google Pixel 7,Technology,Phones,667.27,5,0.5,-101.64,26.05,Ashley Johnson,Corporate,South,Florida,2021-06-10,2021-06-13
ORD-103504,Hammermill Copy Paper,Office Supplies,Paper,133.09,5,0.3,6.95,12.46,Sheila Logan,Consumer,Central,Illinois,2023-11-30,2023-12-03
ORD-103505,Stanley Staple Gun,Office Supplies,Fasteners,99.32,1,0.0,22.01,29.16,Jason Clark,Consumer,South,North Carolina,2023-08-05,2023-08-08
ORD-103506,Safco Round Table,Furniture,Tables,414.74,9,0.0,56.66,24.0,Dana Williams,Consumer,South,Tennessee,2021-10-18,2021-10-23
ORD-103507,Samsung Galaxy S22,Technology,Phones,360.55,3,0.2,14.51,20.28,Ryan Vasquez,Home Office,East,Virginia,2022-11-10,2022-11-14
ORD-103508,Steelcase Leap,Furniture,Chairs,305.79,8,0.3,-55.87,34.22,Jennifer Ellison,Consumer,West,California,2021-08-29,2021-09-01
ORD-103509,Ricoh Aficio,Technology,Copiers,616.47,4,0.3,-35.29,37.82,Dr. David Hoover,Consumer,South,Mississippi,2021-05-25,2021-05-30
ORD-103510,Avery File Folder Labels,Office Supplies,Labels,155.56,8,0.0,21.58,15.89,Barbara Barber,Corporate,West,California,2021-07-27,2021-07-31
ORD-103511,IKEA KALLAX,Furniture,Bookcases,243.19,9,0.2,-14.19,28.36,Krystal Arias,Consumer,South,Alabama,2023-02-09,2023-02-11
ORD-103512,Belkin USB Hub,Technology,Accessories,591.98,8,0.2,23.66,22.18,James Gomez,Consumer,East,Virginia,2022-05-30,2022-06-03
ORD-103513,Staedtler Pens,Office Supplies,Art,99.94,2,0.2,0.36,12.18,Bridget Kirby,Corporate,South,Louisiana,2022-07-26,2022-07-31
ORD-103514,Advantus Binder Clips,Office Supplies,Fasteners,52.98,6,0.3,-0.21,27.39,Katherine Parker,Corporate,East,Connecticut,2022-09-06,2022-09-13
ORD-103515,Anker Charger,Technology,Accessories,191.74,4,0.1,14.07,24.82,Patricia Welch,Consumer,South,Alabama,2022-06-07,2022-06-12
ORD-103516,Canon imageRUNNER,Technology,Copiers,490.15,5,0.3,-53.48,22.27,Stephanie Ramirez,Consumer,South,Alabama,2023-09-05,2023-09-08
ORD-103517,Advantus Ring Binder,Furniture,Furnishings,502.64,7,0.1,40.81,38.71,Tommy Patterson,Consumer,South,North Carolina,2021-07-24,2021-07-29
ORD-103518,Nokia 5310,Technology,Phones,158.57,3,0.0,21.15,23.93,Kelsey Martin,Consumer,West,Oregon,2021-04-28,2021-05-02
ORD-103519,Eldon Shelf,Furniture,Furnishings,35.71,6,0.1,-0.68,4.42,Edward Murphy,Corporate,Central,Michigan,2022-03-08,2022-03-10
ORD-103520,Lorell Glass Table,Furniture,Tables,401.97,5,0.3,-64.59,23.93,Ashley Johnston,Consumer,South,Tennessee,2023-02-07,2023-02-12
ORD-103521,Advantus Binder Clips,Office Supplies,Fasteners,104.75,1,0.0,15.07,14.96,Sherri Holmes,Consumer,Central,Missouri,2023-09-13,2023-09-19
ORD-103522,IKEA KALLAX,Furniture,Bookcases,405.76,6,0.1,-3.15,19.86,Jessica Hill,Corporate,Central,Illinois,2021-02-07,2021-02-11
ORD-103523,Fiskars Scissors,Office Supplies,Supplies,90.39,6,0.2,5.0,23.96,Carmen Fowler,Corporate,Central,Wisconsin,2023-01-29,2023-02-01
ORD-103524,Rubbermaid Tote,Office Supplies,Storage,49.31,3,0.0,8.01,28.41,Christopher Gibbs,Consumer,West,Utah,2023-08-28,2023-08-31
ORD-103525,Bush Furniture Bookcase,Furniture,Bookcases,426.14,8,0.0,51.12,28.4,Debra Andrade,Consumer,East,Maryland,2022-11-15,2022-11-16
ORD-103526,Eldon Shelf,Furniture,Furnishings,436.01,7,0.3,-53.96,12.34,Wanda Yang,Home Office,Central,Missouri,2021-10-20,2021-10-23
ORD-103527,Xerox Multi-Use Paper,Office Supplies,Paper,94.58,5,0.1,5.08,22.21,Melanie Hall,Corporate,South,Tennessee,2023-04-20,2023-04-26
ORD-103528,Humanscale Chair,Furniture,Chairs,277.56,4,0.1,5.17,32.06,Beth Baker,Consumer,South,Mississippi,2022-08-08,2022-08-10
ORD-103529,Zebra Label Printer,Technology,Machines,722.5,2,0.1,97.07,27.97,Taylor Barry,Home Office,East,Massachusetts,2023-08-15,2023-08-19
ORD-103530,Canon imageRUNNER,Technology,Copiers,655.77,2,0.0,137.63,18.11,Jeffery Rogers,Consumer,Central,Minnesota,2023-05-28,2023-06-01
ORD-103531,Bush Coat Rack,Furniture,Furnishings,224.64,1,0.1,5.81,12.8,Susan Hamilton,Consumer,West,Washington,2023-05-25,2023-05-29
ORD-103532,Bestar Folding Table,Furniture,Tables,338.35,10,0.3,-63.26,14.51,Matthew Compton,Consumer,South,North Carolina,2022-09-23,2022-09-28
ORD-103533,Apple iPhone 14,Technology,Phones,348.5,10,0.2,3.38,13.16,Ryan Vasquez,Corporate,South,Louisiana,2022-07-25,2022-07-29
ORD-103534,Sauder Bookcase,Furniture,Bookcases,502.67,3,0.1,-42.24,39.88,Jerry Curtis,Home Office,West,California,2021-12-24,2021-12-28
ORD-103535,Kraft Envelopes,Office Supplies,Envelopes,128.59,4,0.1,11.98,30.03,Timothy Best,Consumer,East,Maryland,2021-07-13,2021-07-16
ORD-103536,Deflect-o Stackable,Office Supplies,Storage,46.09,4,0.1,9.17,28.96,Shawn Martinez,Corporate,South,Louisiana,2021-05-02,2021-05-09
ORD-103537,Ricoh Aficio,Technology,Copiers,527.1,7,0.0,127.94,32.97,James Smith,Corporate,Central,Texas,2022-01-22,2022-01-26
ORD-103538,Sauder Bookcase,Furniture,Bookcases,406.08,8,0.1,49.94,14.81,Ryan Koch,Home Office,West,California,2022-05-10,2022-05-13
ORD-103539,Humanscale Chair,Furniture,Chairs,377.05,6,0.0,34.76,22.0,Laurie Smith,Consumer,West,Oregon,2021-06-12,2021-06-19
ORD-103540,Stanley Staple Gun,Office Supplies,Fasteners,100.97,9,0.2,12.34,25.6,Nicole Gomez,Consumer,West,Colorado,2021-10-26,2021-10-29
ORD-103541,HP LaserJet,Technology,Machines,285.3,7,0.1,19.23,22.38,Jennifer Cardenas,Consumer,East,Virginia,2023-09-26,2023-09-30
ORD-103542,Eldon Mobile,Office Supplies,Storage,80.11,7,0.2,-3.62,27.74,William West,Consumer,East,New York,2023-09-11,2023-09-14
ORD-103543,Fellowes Storage Case,Office Supplies,Storage,94.42,6,0.1,4.31,6.89,Jermaine Wolf,Corporate,West,Utah,2021-12-05,2021-12-09
ORD-103544,Motorola Edge,Technology,Phones,418.49,2,0.1,59.95,15.01,Taylor Johnson,Home Office,East,Maryland,2023-11-19,2023-11-21
ORD-103545,Memorex Tape,Office Supplies,Supplies,74.74,2,0.0,22.71,15.18,Jeremy Cervantes,Consumer,West,Nevada,2022-07-28,2022-07-31
ORD-103546,Anker Charger,Technology,Accessories,176.32,2,0.2,14.03,20.33,Antonio Yates,Corporate,West,California,2023-01-03,2023-01-06
ORD-103547,Cardinal Binder,Office Supplies,Binders,111.6,8,0.0,14.98,10.38,Dean Ortiz,Corporate,South,Florida,2023-01-27,2023-01-30
ORD-103548,Acco Staple Remover,Office Supplies,Supplies,176.75,4,0.1,24.18,12.91,Sheryl Wright,Home Office,East,Pennsylvania,2023-07-13,2023-07-16
ORD-103549,Avery Heavy Duty Binder,Office Supplies,Binders,61.92,10,0.0,9.27,8.46,Alexandria Cowan,Home Office,East,Maryland,2023-09-13,2023-09-18
ORD-103550,Canon Printer,Technology,Machines,374.8,7,0.0,65.08,33.35,Kara Davis,Consumer,East,Massachusetts,2021-11-20,2021-11-26
ORD-103551,Canon Printer,Technology,Machines,426.42,5,0.3,-31.93,13.78,Ronald Ramsey,Consumer,Central,Texas,2023-05-24,2023-05-30
ORD-103552,Epson Scanner,Technology,Machines,511.32,2,0.2,0.32,28.68,William Clark,Home Office,East,New York,2021-03-05,2021-03-12
ORD-103553,Sterilite Storage Box,Office Supplies,Storage,28.08,5,0.3,-0.77,30.05,Nathan Jennings,Consumer,West,Nevada,2022-11-03,2022-11-07
ORD-103554,Sterilite Storage Box,Office Supplies,Storage,14.24,7,0.0,3.38,16.03,Cindy Parker,Home Office,Central,Ohio,2023-10-10,2023-10-17
ORD-103555,Zebra Label Printer,Technology,Machines,253.31,9,0.1,27.4,11.03,Elizabeth Landry,Consumer,Central,Missouri,2021-01-17,2021-01-22
ORD-103556,Nokia 5310,Technology,Phones,620.25,2,0.0,82.22,30.47,Laura Martin,Corporate,West,Nevada,2023-10-05,2023-10-08
ORD-103557,Hon 4070 Chair,Furniture,Chairs,437.35,6,0.4,-105.69,12.88,Rebecca Lewis,Corporate,South,Louisiana,2021-07-18,2021-07-21
ORD-103558,Fellowes Storage Case,Office Supplies,Storage,146.1,2,0.4,-17.28,30.39,Alexandria Cowan,Consumer,East,New Jersey,2021-12-15,2021-12-18
ORD-103559,Staples Standard Staples,Office Supplies,Fasteners,63.1,9,0.1,11.0,23.16,Kayla Hooper,Corporate,South,Tennessee,2022-07-26,2022-07-30
ORD-103560,Maco Labels,Office Supplies,Labels,76.05,9,0.0,13.53,21.19,Robert Foster,Home Office,South,Mississippi,2021-03-31,2021-04-02
ORD-103561,Google Pixel 7,Technology,Phones,333.55,8,0.5,-74.12,27.48,David Hoffman,Consumer,East,New Jersey,2023-06-29,2023-06-30
ORD-103562,Sharp MX,Technology,Copiers,624.75,10,0.1,2.06,33.63,Raymond Guerra,Consumer,East,New Jersey,2021-06-10,2021-06-13
ORD-103563,Quartet Calendar,Office Supplies,Supplies,90.74,6,0.0,22.8,28.18,Jennifer Wilson,Consumer,South,Louisiana,2022-04-08,2022-04-12
ORD-103564,Konica Minolta,Technology,Copiers,440.95,6,0.3,2.42,14.81,Tommy Patterson,Corporate,East,New York,2021-06-21,2021-06-24
ORD-103565,Bush Coat Rack,Furniture,Furnishings,301.08,6,0.1,3.24,11.79,David Marshall,Corporate,Central,Texas,2021-01-13,2021-01-14
ORD-103566,Humanscale Chair,Furniture,Chairs,381.08,10,0.2,-20.97,32.18,Deborah Warren,Consumer,South,Tennessee,2023-05-27,2023-06-02
ORD-103567,Motorola Edge,Technology,Phones,347.53,2,0.0,71.52,22.17,Daniel Long,Home Office,West,California,2021-12-29,2022-01-02
ORD-103568,Avery File Folder Labels,Office Supplies,Labels,69.12,1,0.4,-9.02,22.68,Lisa Joyce,Consumer,South,Mississippi,2021-12-28,2022-01-01
ORD-103569,Mead Envelopes,Office Supplies,Envelopes,73.1,7,0.1,15.18,27.34,Matthew White,Consumer,Central,Missouri,2021-07-29,2021-07-31
ORD-103570,BIC Cristal Pens,Office Supplies,Art,33.07,4,0.1,5.28,23.72,Patricia Hammond,Consumer,South,Mississippi,2021-03-01,2021-03-03
ORD-103571,Hon 4070 Chair,Furniture,Chairs,314.11,7,0.2,-45.25,21.64,Jennifer Wilson,Corporate,South,Mississippi,2021-03-20,2021-03-22
ORD-103572,Mead Envelopes,Office Supplies,Envelopes,99.91,7,0.3,0.38,16.76,Abigail Berger,Consumer,East,New Jersey,2022-04-09,2022-04-15
ORD-103573,Prepac Bookcase,Furniture,Bookcases,380.76,1,0.0,-12.41,20.33,Patricia Jones,Corporate,South,Mississippi,2023-04-27,2023-04-29
ORD-103574,Logitech Keyboard,Technology,Accessories,628.62,6,0.0,89.96,30.41,Michael Nelson,Consumer,West,Washington,2023-02-09,2023-02-13
ORD-103575,Sharp MX,Technology,Copiers,519.85,8,0.4,-53.52,35.46,Suzanne West,Consumer,South,Mississippi,2021-02-10,2021-02-13
ORD-103576,Apple iPhone 14,Technology,Phones,269.73,6,0.1,35.88,22.31,Kelly May,Consumer,East,Maryland,2022-02-14,2022-02-18
ORD-103577,Avery Address Labels,Office Supplies,Labels,77.66,6,0.3,-9.6,23.85,Joseph Lopez,Consumer,East,New Jersey,2022-05-09,2022-05-14
ORD-103578,Memorex Tape,Office Supplies,Supplies,127.37,8,0.0,23.09,27.06,Hayden Garcia,Corporate,South,North Carolina,2021-01-03,2021-01-07
ORD-103579,HP Office Paper,Office Supplies,Paper,62.66,3,0.1,7.51,18.56,John Davis,Consumer,West,California,2022-08-06,2022-08-09
ORD-103580,IKEA KALLAX,Furniture,Bookcases,342.67,6,0.4,-76.37,31.32,Jennifer Wilson,Consumer,East,Pennsylvania,2021-02-18,2021-02-20
ORD-103581,Realspace Bookcase,Furniture,Bookcases,375.77,9,0.3,-77.77,25.15,Jerry Curtis,Consumer,Central,Ohio,2021-08-31,2021-09-05
ORD-103582,HP Wireless Mouse,Technology,Accessories,291.22,8,0.0,50.73,17.32,Eric Chandler,Consumer,West,Arizona,2022-01-04,2022-01-07
ORD-103583,Kraft Envelopes,Office Supplies,Envelopes,150.73,2,0.0,32.3,10.25,Adam Johnson,Consumer,Central,Missouri,2022-01-12,2022-01-13
ORD-103584,Fiskars Scissors,Office Supplies,Supplies,124.73,10,0.2,7.72,8.74,Allison Wells,Consumer,East,Maryland,2023-08-17,2023-08-19
ORD-103585,Motorola Edge,Technology,Phones,332.61,1,0.5,-77.28,34.93,Christopher Thompson,Consumer,East,Virginia,2023-12-23,2023-12-27
ORD-103586,HP Office Paper,Office Supplies,Paper,84.61,10,0.4,-5.91,10.44,Kyle Washington,Consumer,Central,Illinois,2021-01-07,2021-01-10
ORD-103587,Expo Dry Erase,Office Supplies,Art,133.99,10,0.0,31.89,21.0,Matthew White,Consumer,Central,Michigan,2021-11-12,2021-11-15
ORD-103588,HP Wireless Mouse,Technology,Accessories,599.93,7,0.0,79.05,36.9,Krystal Arias,Home Office,East,Massachusetts,2021-11-05,2021-11-09
ORD-103589,Global Leather Chair,Furniture,Chairs,260.24,10,0.0,16.6,25.62,Rebecca Rubio,Corporate,South,Georgia,2023-06-18,2023-06-20
ORD-103590,Eldon Mobile,Office Supplies,Storage,100.06,4,0.5,-19.81,14.45,Rebecca Rubio,Consumer,Central,Missouri,2021-05-23,2021-05-27
ORD-103591,Prepac Bookcase,Furniture,Bookcases,397.57,2,0.0,21.25,31.31,Stephen Curtis,Home Office,Central,Ohio,2022-02-04,2022-02-06
ORD-103592,Rubbermaid Tote,Office Supplies,Storage,91.38,10,0.1,15.93,15.92,Kerry Jackson,Consumer,East,Connecticut,2022-10-17,2022-10-24
ORD-103593,Xerox Multi-Use Paper,Office Supplies,Paper,23.91,4,0.3,2.06,22.15,Susan Lawson,Consumer,West,California,2022-04-13,2022-04-16
ORD-103594,Xerox WorkCentre,Technology,Copiers,364.7,8,0.0,28.72,10.45,Shawn Martinez,Consumer,West,Oregon,2023-12-12,2023-12-16
ORD-103595,Deflect-o Stackable,Office Supplies,Storage,95.06,8,0.2,5.86,15.4,Rebecca Walker,Consumer,South,Alabama,2022-09-28,2022-10-01
ORD-103596,Lorell Mirror,Furniture,Furnishings,300.17,4,0.5,-75.17,22.11,Carmen Fowler,Corporate,West,Nevada,2021-11-25,2021-11-28
ORD-103597,Bestar Folding Table,Furniture,Tables,399.69,1,0.0,45.92,32.52,Taylor Johnson,Consumer,West,Utah,2023-12-22,2023-12-24
ORD-103598,Rubbermaid Cabinet,Furniture,Furnishings,364.02,3,0.0,34.5,25.49,Nicole Gomez,Corporate,East,Connecticut,2021-12-14,2021-12-17
ORD-103599,Lorell Glass Table,Furniture,Tables,523.06,7,0.0,13.62,23.68,Matthew Molina,Corporate,East,Massachusetts,2023-04-28,2023-05-03
ORD-103600,Global Leather Chair,Furniture,Chairs,326.76,6,0.0,33.74,27.68,Penny Wilson,Consumer,South,Alabama,2023-03-29,2023-04-03
ORD-103601,Eldon Mobile,Office Supplies,Storage,116.02,3,0.2,2.07,8.04,Christopher Vasquez,Consumer,East,Maryland,2023-02-12,2023-02-15
ORD-103602,Ikea BEKANT Desk,Furniture,Tables,100.76,5,0.1,2.81,5.13,Christopher Hernandez,Consumer,East,Connecticut,2023-07-24,2023-07-31
ORD-103603,Sharp MX,Technology,Copiers,455.0,9,0.0,115.79,18.98,Christopher Gibbs,Corporate,East,Virginia,2022-12-10,2022-12-15
ORD-103604,Acco Staple Remover,Office Supplies,Supplies,49.35,2,0.2,5.81,17.6,Jamie Pierce,Consumer,South,Florida,2022-10-14,2022-10-18
ORD-103605,Rubbermaid Cabinet,Furniture,Furnishings,594.09,8,0.2,-46.87,23.08,Sharon Hansen,Home Office,East,New Jersey,2021-03-02,2021-03-05
ORD-103606,Xerox Multi-Use Paper,Office Supplies,Paper,48.69,4,0.1,5.83,7.4,Ronald Ingram,Consumer,South,Alabama,2021-02-19,2021-02-23
ORD-103607,Motorola Edge,Technology,Phones,412.24,4,0.2,19.87,23.11,Amanda Garcia,Corporate,Central,Michigan,2023-12-14,2023-12-18
ORD-103608,Google Pixel 7,Technology,Phones,315.38,8,0.1,56.06,16.75,Michael Smith,Home Office,Central,Michigan,2021-06-09,2021-06-12
ORD-103609,AT-A-GLANCE Planner,Office Supplies,Supplies,54.33,6,0.2,-1.46,20.74,Isaac Riley DVM,Consumer,West,Nevada,2022-06-01,2022-06-04
ORD-103610,Canon Printer,Technology,Machines,587.07,5,0.4,-148.96,35.37,Barbara Barber,Consumer,South,Alabama,2023-04-17,2023-04-20
ORD-103611,Canon imageRUNNER,Technology,Copiers,377.34,9,0.2,66.37,33.29,William Robbins,Corporate,East,Connecticut,2022-11-12,2022-11-15
ORD-103612,IKEA KALLAX,Furniture,Bookcases,308.55,7,0.1,-11.12,25.64,Mary Meza,Consumer,West,Oregon,2022-12-04,2022-12-08
ORD-103613,Konica Minolta,Technology,Copiers,400.82,2,0.0,71.13,31.9,Timothy Robertson,Consumer,Central,Illinois,2021-04-23,2021-04-30
ORD-103614,HP Wireless Mouse,Technology,Accessories,435.7,4,0.2,23.14,33.41,Kayla Elliott,Corporate,South,Louisiana,2021-08-02,2021-08-05
ORD-103615,Zebra Label Printer,Technology,Machines,243.74,2,0.0,64.44,17.61,Lori West,Corporate,South,Georgia,2023-12-11,2023-12-14
ORD-103616,Navigator Paper,Office Supplies,Paper,97.84,5,0.3,1.6,20.61,Robert Harris,Consumer,Central,Texas,2023-02-03,2023-02-06
ORD-103617,Canon Printer,Technology,Machines,309.5,3,0.3,1.34,20.33,Mark Hansen,Consumer,South,Florida,2023-04-21,2023-04-23
ORD-103618,Navigator Paper,Office Supplies,Paper,81.77,10,0.4,-7.04,6.89,Jeffery Rogers,Consumer,South,Florida,2022-08-08,2022-08-13
ORD-103619,Prepac Bookcase,Furniture,Bookcases,198.03,4,0.0,9.93,9.55,Drew Salazar,Consumer,Central,Ohio,2021-04-07,2021-04-11
ORD-103620,Expo Dry Erase,Office Supplies,Art,112.02,1,0.4,-13.69,13.74,Wanda Yang,Corporate,Central,Missouri,2023-11-29,2023-12-04
ORD-103621,Acco Staple Remover,Office Supplies,Supplies,62.68,3,0.0,11.77,31.03,James Patel,Corporate,East,Massachusetts,2021-09-25,2021-09-28
ORD-103622,Avery Heavy Duty Binder,Office Supplies,Binders,112.37,2,0.3,-5.78,27.22,Kayla Nichols,Corporate,South,Florida,2023-02-04,2023-02-09
ORD-103623,Xerox Multi-Use Paper,Office Supplies,Paper,86.24,5,0.0,19.04,31.15,Jason Clark,Home Office,Central,Illinois,2021-07-10,2021-07-13
ORD-103624,HP LaserJet,Technology,Machines,103.22,3,0.4,-22.04,23.25,Carla Chen,Corporate,Central,Missouri,2023-05-12,2023-05-18
ORD-103625,Safco Round Table,Furniture,Tables,350.35,2,0.0,22.12,21.11,Elizabeth Landry,Corporate,South,Tennessee,2022-12-31,2023-01-02
ORD-103626,Staples Standard Envelopes,Office Supplies,Envelopes,123.82,8,0.4,-6.4,20.7,Jason Harrison,Consumer,South,North Carolina,2021-11-18,2021-11-22
ORD-103627,Jiffy Mailer,Office Supplies,Envelopes,113.01,4,0.0,35.14,28.54,Gabriel Marshall,Home Office,West,Utah,2022-01-19,2022-01-21
ORD-103628,Logitech Keyboard,Technology,Accessories,396.71,10,0.5,-74.41,23.3,Christopher Vasquez,Home Office,West,Colorado,2023-03-29,2023-04-04
ORD-103629,Avery File Folder Labels,Office Supplies,Labels,71.3,8,0.1,18.72,30.04,Karen Charles,Corporate,West,Arizona,2022-07-26,2022-07-29
ORD-103630,HP Office Paper,Office Supplies,Paper,153.48,5,0.4,-15.26,19.05,Yvonne Wilson,Consumer,South,Tennessee,2023-10-19,2023-10-23
ORD-103631,Ibico MB,Office Supplies,Binders,102.37,1,0.0,29.48,20.5,Katherine Evans,Consumer,East,Massachusetts,2023-11-11,2023-11-14
ORD-103632,HP Wireless Mouse,Technology,Accessories,386.46,3,0.0,56.87,24.3,Adam Page,Consumer,West,California,2022-08-21,2022-08-24
ORD-103633,Eldon Shelf,Furniture,Furnishings,414.88,1,0.0,43.12,21.12,Carol Wilson,Corporate,West,Oregon,2023-05-18,2023-05-21
ORD-103634,Staples Standard Staples,Office Supplies,Fasteners,95.86,6,0.5,-21.25,22.48,Kenneth Lynch,Home Office,Central,Wisconsin,2021-07-01,2021-07-04
ORD-103635,Advantus Binder Clips,Office Supplies,Fasteners,35.03,7,0.3,-0.29,9.54,Lori Levine,Consumer,South,Louisiana,2022-04-02,2022-04-05
ORD-103636,Staples Standard Staples,Office Supplies,Fasteners,118.96,6,0.2,5.79,25.42,Leslie Lynch,Corporate,Central,Michigan,2022-05-06,2022-05-10
ORD-103637,Cardinal Binder,Office Supplies,Binders,135.97,3,0.0,25.13,22.93,Carol Wilson,Corporate,West,California,2022-03-05,2022-03-12
ORD-103638,IKEA KALLAX,Furniture,Bookcases,183.44,9,0.1,3.05,27.38,Connie Rios,Consumer,Central,Missouri,2021-07-13,2021-07-20
ORD-103639,Google Pixel 7,Technology,Phones,396.79,7,0.4,-40.27,21.33,Lori Levine,Consumer,East,Connecticut,2023-07-23,2023-07-25
ORD-103640,Bush Furniture Bookcase,Furniture,Bookcases,217.0,1,0.5,-50.26,20.73,Shawn Martinez,Consumer,West,Nevada,2022-03-22,2022-03-24
ORD-103641,Staples Copy Paper,Office Supplies,Paper,152.94,8,0.1,21.11,14.94,Philip Cole,Corporate,West,Nevada,2023-12-12,2023-12-14
ORD-103642,Maco Labels,Office Supplies,Labels,129.99,5,0.0,21.73,28.99,Samantha Hernandez,Corporate,East,Virginia,2022-01-26,2022-01-30
ORD-103643,AT-A-GLANCE Planner,Office Supplies,Supplies,124.41,10,0.0,33.88,16.81,Robert Allen,Consumer,West,Arizona,2022-04-05,2022-04-12
ORD-103644,Staples Standard Envelopes,Office Supplies,Envelopes,117.63,8,0.5,-21.26,15.1,Michael Duran,Consumer,South,North Carolina,2022-12-22,2022-12-24
ORD-103645,Logitech Keyboard,Technology,Accessories,82.68,2,0.3,-7.61,10.41,April Howard,Home Office,South,Alabama,2022-11-10,2022-11-14
ORD-103646,Eldon Shelf,Furniture,Furnishings,234.89,7,0.0,12.0,9.06,David Martinez,Consumer,South,Louisiana,2022-09-04,2022-09-09
ORD-103647,Xerox Multi-Use Paper,Office Supplies,Paper,93.91,6,0.4,-11.36,27.06,Taylor Barry,Consumer,South,Alabama,2021-08-19,2021-08-24
ORD-103648,Samsung Galaxy S22,Technology,Phones,278.06,7,0.0,35.33,25.14,Anthony Conley,Corporate,Central,Texas,2023-08-09,2023-08-11
ORD-103649,Konica Minolta,Technology,Copiers,295.52,10,0.4,-24.8,27.37,Sherri Holmes,Corporate,West,Washington,2021-01-06,2021-01-09
ORD-103650,Rubbermaid Tote,Office Supplies,Storage,68.85,6,0.0,13.37,6.45,Tiffany Lloyd,Home Office,West,Nevada,2023-10-17,2023-10-20
ORD-103651,HP Wireless Mouse,Technology,Accessories,336.93,8,0.0,66.36,26.01,Andrew Medina,Home Office,South,Georgia,2022-12-14,2022-12-16
ORD-103652,Stanley Staple Gun,Office Supplies,Fasteners,104.6,10,0.2,-9.65,15.23,Melissa Newton,Corporate,Central,Missouri,2021-07-18,2021-07-21
ORD-103653,Rubbermaid Tote,Office Supplies,Storage,122.69,1,0.5,-13.27,31.05,Joanna Ruiz,Consumer,Central,Wisconsin,2022-07-08,2022-07-11
ORD-103654,Steelcase Leap,Furniture,Chairs,183.98,9,0.0,9.45,24.15,Sheila Logan,Home Office,South,Mississippi,2021-10-16,2021-10-21
ORD-103655,Anker Charger,Technology,Accessories,337.96,4,0.0,48.06,24.1,Antonio Yates,Home Office,East,Maryland,2021-05-01,2021-05-04
ORD-103656,HP LaserJet,Technology,Machines,445.83,7,0.1,1.19,36.54,Jose Jones,Consumer,East,New Jersey,2023-07-17,2023-07-19
ORD-103657,Sterilite Storage Box,Office Supplies,Storage,54.23,4,0.0,16.1,4.12,Michael Smith,Consumer,East,Maryland,2023-04-16,2023-04-21
ORD-103658,Epson Scanner,Technology,Machines,261.48,6,0.1,42.4,25.57,Dennis Schaefer,Corporate,South,Tennessee,2021-06-16,2021-06-17
ORD-103659,Bestar Folding Table,Furniture,Tables,352.64,1,0.0,3.36,21.75,Jessica Chapman,Home Office,South,Tennessee,2023-03-20,2023-03-23
ORD-103660,Dixon Ticonderoga Pencils,Office Supplies,Art,110.33,7,0.3,-2.86,10.22,Rebecca Rubio,Corporate,West,California,2022-10-27,2022-10-31
ORD-103661,Sterilite Storage Box,Office Supplies,Storage,75.43,4,0.3,-0.58,25.85,Dennis Schaefer,Consumer,South,Mississippi,2022-09-29,2022-10-03
ORD-103662,Staples Standard Staples,Office Supplies,Fasteners,105.19,7,0.0,26.86,10.57,Diane Murphy,Corporate,East,Massachusetts,2022-10-22,2022-10-25
ORD-103663,Memorex Tape,Office Supplies,Supplies,127.7,10,0.0,30.7,17.26,Jared Clark,Consumer,East,Massachusetts,2023-02-13,2023-02-15
ORD-103664,Sauder Bookcase,Furniture,Bookcases,144.92,8,0.1,-0.53,17.53,Matthew Molina,Corporate,East,Massachusetts,2023-07-31,2023-08-02
ORD-103665,Realspace Bookcase,Furniture,Bookcases,663.17,1,0.1,37.29,23.58,Dr. David Hoover,Corporate,South,Florida,2022-02-20,2022-02-22
ORD-103666,Staedtler Pens,Office Supplies,Art,165.82,9,0.1,34.78,25.54,Eric Hood,Corporate,West,California,2023-05-11,2023-05-16
ORD-103667,Safco Round Table,Furniture,Tables,339.02,9,0.2,-15.23,24.3,Kayla Nichols,Consumer,West,Nevada,2023-07-16,2023-07-21
ORD-103668,Prepac Bookcase,Furniture,Bookcases,305.61,10,0.2,-44.89,10.86,Jeffery Rogers,Consumer,West,Colorado,2023-06-02,2023-06-09
ORD-103669,Kraft Envelopes,Office Supplies,Envelopes,90.58,7,0.1,18.16,8.9,Jamie Pierce,Home Office,East,Virginia,2022-10-27,2022-10-30
ORD-103670,Bush Coat Rack,Furniture,Furnishings,238.04,9,0.0,28.71,15.69,Deanna Johnson,Consumer,East,New Jersey,2021-06-29,2021-07-01
ORD-103671,Cardinal Binder,Office Supplies,Binders,117.25,1,0.1,11.08,23.44,James Wong,Consumer,South,Florida,2023-04-11,2023-04-14
ORD-103672,Wilson Jones Binder,Office Supplies,Binders,75.56,2,0.3,-5.36,7.7,Jessica Hill,Consumer,South,Louisiana,2021-12-10,2021-12-14
ORD-103673,Global Leather Chair,Furniture,Chairs,211.34,1,0.0,7.53,19.11,Jennifer Ellison,Corporate,South,Mississippi,2021-05-09,2021-05-12
ORD-103674,Stanley Staple Gun,Office Supplies,Fasteners,61.19,2,0.0,17.8,20.55,Lisa Graves,Corporate,Central,Illinois,2021-04-09,2021-04-12
ORD-103675,AT-A-GLANCE Planner,Office Supplies,Supplies,60.7,10,0.5,-10.54,8.55,Melissa Jenkins,Corporate,East,Virginia,2022-04-02,2022-04-06
ORD-103676,Eldon Shelf,Furniture,Furnishings,249.66,5,0.0,39.68,10.17,Melissa Jenkins,Home Office,South,Mississippi,2021-04-22,2021-04-23
ORD-103677,Humanscale Chair,Furniture,Chairs,467.34,3,0.5,-120.01,23.4,Joanna Ruiz,Consumer,South,Louisiana,2023-05-24,2023-05-29
ORD-103678,Mead Envelopes,Office Supplies,Envelopes,99.8,5,0.2,4.84,17.95,Jack Miranda,Consumer,Central,Minnesota,2023-08-19,2023-08-21
ORD-103679,Apple iPhone 14,Technology,Phones,219.3,2,0.2,25.7,21.42,Krystal Arias,Consumer,West,California,2022-10-23,2022-10-27
ORD-103680,Advantus Ring Binder,Furniture,Furnishings,218.84,8,0.1,11.64,24.8,Ashley Johnston,Consumer,West,Colorado,2023-04-28,2023-04-30
ORD-103681,Prepac Bookcase,Furniture,Bookcases,437.15,10,0.1,-3.39,13.98,Katherine Evans,Home Office,West,Washington,2021-07-25,2021-07-29
ORD-103682,Avery File Folder Labels,Office Supplies,Labels,123.22,8,0.4,-7.61,18.6,Angela Hubbard,Home Office,Central,Minnesota,2021-10-07,2021-10-12
ORD-103683,Bush Furniture Bookcase,Furniture,Bookcases,517.36,6,0.0,39.59,32.09,Raymond Guerra,Consumer,South,Alabama,2023-08-28,2023-08-30
ORD-103684,HP Wireless Mouse,Technology,Accessories,204.26,8,0.1,15.26,14.55,Carla Chen,Consumer,East,New York,2022-06-09,2022-06-13
ORD-103685,Global Leather Chair,Furniture,Chairs,335.06,3,0.4,-72.74,15.23,Stephanie Ramirez,Home Office,Central,Ohio,2021-07-24,2021-07-28
ORD-103686,Acco Staple Remover,Office Supplies,Supplies,77.41,6,0.0,9.64,31.03,Rhonda Allen,Consumer,East,Massachusetts,2023-01-11,2023-01-12
ORD-103687,Logitech Keyboard,Technology,Accessories,485.28,10,0.4,-20.08,21.5,Kimberly Roberts,Consumer,West,Arizona,2022-03-28,2022-03-30
ORD-103688,Belkin USB Hub,Technology,Accessories,484.28,6,0.3,-14.31,32.14,Adam Page,Consumer,Central,Illinois,2023-06-15,2023-06-17
ORD-103689,Lorell Glass Table,Furniture,Tables,378.69,3,0.1,15.09,15.63,Jerry Curtis,Consumer,Central,Illinois,2021-04-01,2021-04-08
ORD-103690,Maco Labels,Office Supplies,Labels,119.81,6,0.3,-0.03,31.09,Wanda Yang,Consumer,East,Virginia,2022-12-13,2022-12-17
ORD-103691,IKEA KALLAX,Furniture,Bookcases,272.48,3,0.3,-48.99,33.75,Scott Gomez,Corporate,West,Utah,2022-03-22,2022-03-25
ORD-103692,Kraft Envelopes,Office Supplies,Envelopes,82.03,8,0.2,6.21,31.32,Jeremy Thomas,Consumer,East,New York,2021-06-19,2021-06-26
ORD-103693,OIC Binder Clips,Office Supplies,Fasteners,79.89,9,0.2,6.05,15.98,Michael Duran,Corporate,South,North Carolina,2022-03-17,2022-03-22
ORD-103694,Memorex Tape,Office Supplies,Supplies,104.05,4,0.1,18.9,19.65,Cindy Parker,Home Office,East,Virginia,2023-09-26,2023-09-28
ORD-103695,Avery Shipping Labels,Office Supplies,Labels,131.05,6,0.3,-2.11,26.13,Michael Moore,Home Office,South,Mississippi,2021-06-04,2021-06-09
ORD-103696,IKEA KALLAX,Furniture,Bookcases,153.07,3,0.4,-36.32,10.2,Katherine Parker,Corporate,East,Pennsylvania,2023-09-24,2023-09-29
ORD-103697,Acco Binder Clips,Office Supplies,Fasteners,91.41,2,0.0,11.72,6.36,Patricia Jones,Corporate,West,Arizona,2022-02-25,2022-03-02
ORD-103698,Sterilite Storage Box,Office Supplies,Storage,134.44,10,0.1,19.78,14.87,Nathan Bradshaw,Corporate,South,Alabama,2021-06-03,2021-06-07
ORD-103699,Avery Shipping Labels,Office Supplies,Labels,102.2,3,0.5,-11.42,18.98,Christina Smith,Consumer,West,Arizona,2021-03-17,2021-03-23
ORD-103700,AT-A-GLANCE Planner,Office Supplies,Supplies,69.84,1,0.0,17.37,21.97,James Reed,Consumer,Central,Wisconsin,2023-02-13,2023-02-14
ORD-103701,Advantus Ring Binder,Furniture,Furnishings,296.82,7,0.2,-20.54,10.92,Kyle Washington,Consumer,Central,Wisconsin,2021-01-26,2021-01-29
ORD-103702,Ergon Chair,Furniture,Chairs,217.34,2,0.4,-29.71,7.44,Diane Murphy,Consumer,South,Mississippi,2022-03-15,2022-03-18
ORD-103703,Maco Labels,Office Supplies,Labels,77.98,9,0.0,19.88,22.11,Sheila Logan,Corporate,East,Pennsylvania,2021-07-23,2021-07-26
ORD-103704,Staples Standard Staples,Office Supplies,Fasteners,30.0,3,0.1,5.97,24.94,James Patel,Corporate,South,Georgia,2023-11-02,2023-11-05
ORD-103705,Avery Shipping Labels,Office Supplies,Labels,123.67,9,0.0,27.81,13.69,Katherine Evans,Home Office,West,Utah,2023-10-10,2023-10-17
ORD-103706,Navigator Paper,Office Supplies,Paper,82.74,7,0.1,13.24,25.91,Laurie Smith,Home Office,South,Alabama,2023-11-16,2023-11-21
ORD-103707,Apple iPhone 14,Technology,Phones,776.21,4,0.0,71.29,22.83,Jeffrey Golden,Consumer,South,North Carolina,2021-12-28,2021-12-30
ORD-103708,OIC Binder Clips,Office Supplies,Fasteners,115.02,2,0.0,20.06,18.51,Christopher Hernandez,Consumer,East,Pennsylvania,2023-03-03,2023-03-06
ORD-103709,Staples Standard Staples,Office Supplies,Fasteners,89.36,9,0.1,11.4,7.27,David Barrett,Consumer,West,Utah,2021-08-21,2021-08-24
ORD-103710,Sanford Markers,Office Supplies,Art,76.29,2,0.0,16.74,8.04,Travis Santiago,Consumer,South,Georgia,2021-06-12,2021-06-16
ORD-103711,Hon 4070 Chair,Furniture,Chairs,173.9,1,0.5,-43.22,28.77,Ronald Ramsey,Consumer,Central,Texas,2023-07-18,2023-07-20
ORD-103712,Kraft Envelopes,Office Supplies,Envelopes,32.59,3,0.0,8.05,21.27,Carla Park,Home Office,West,Nevada,2023-07-31,2023-08-04
ORD-103713,Global Leather Chair,Furniture,Chairs,270.82,2,0.3,-53.77,16.83,Suzanne West,Corporate,East,Virginia,2021-06-03,2021-06-06
ORD-103714,Eldon Mobile,Office Supplies,Storage,96.48,7,0.0,13.71,17.5,Phillip Lewis,Home Office,South,Florida,2021-06-03,2021-06-08
ORD-103715,Epson Scanner,Technology,Machines,416.35,1,0.1,12.01,34.07,Stephen Curtis,Corporate,East,Maryland,2021-10-20,2021-10-25
ORD-103716,Staples Standard Envelopes,Office Supplies,Envelopes,104.76,7,0.2,1.44,16.47,Bianca Melton,Consumer,West,Washington,2022-02-24,2022-02-28
ORD-103717,Zebra Label Printer,Technology,Machines,337.84,2,0.3,-15.31,35.34,Samantha Hernandez,Consumer,East,Massachusetts,2022-10-29,2022-11-05
ORD-103718,Navigator Paper,Office Supplies,Paper,65.28,5,0.5,-11.94,17.21,Timothy Ford,Consumer,South,Tennessee,2021-07-25,2021-07-28
ORD-103719,Konica Minolta,Technology,Copiers,167.79,4,0.3,-4.77,12.44,Jasmine Anderson,Consumer,Central,Texas,2021-07-11,2021-07-15
ORD-103720,Bush Furniture Bookcase,Furniture,Bookcases,521.79,9,0.0,125.03,13.75,Jonathan Baker,Consumer,West,Arizona,2023-11-26,2023-12-02
ORD-103721,Konica Minolta,Technology,Copiers,424.59,7,0.1,59.19,29.0,Joseph Thomas,Consumer,Central,Illinois,2022-09-04,2022-09-06
ORD-103722,Samsung Galaxy S22,Technology,Phones,125.1,6,0.1,21.91,23.74,Donald Morales,Corporate,Central,Missouri,2022-07-03,2022-07-06
ORD-103723,Sanford Markers,Office Supplies,Art,114.84,3,0.0,22.49,5.36,Lori Levine,Consumer,East,Connecticut,2022-08-18,2022-08-21
ORD-103724,Google Pixel 7,Technology,Phones,607.95,6,0.0,101.7,41.32,Dominique Salinas,Corporate,East,Virginia,2023-02-08,2023-02-15
ORD-103725,Expo Dry Erase,Office Supplies,Art,75.34,5,0.1,12.34,28.41,Lori Levine,Corporate,South,Tennessee,2021-09-03,2021-09-09
ORD-103726,Staples Standard Staples,Office Supplies,Fasteners,55.97,8,0.3,1.74,8.57,Melissa Thompson,Consumer,South,North Carolina,2021-11-23,2021-11-27
ORD-103727,Xerox WorkCentre,Technology,Copiers,241.04,4,0.0,30.73,17.99,Carla Chen,Consumer,East,Virginia,2021-10-19,2021-10-24
ORD-103728,Jabra Headset,Technology,Accessories,264.45,5,0.0,57.64,10.03,Abigail Berger,Home Office,East,Maryland,2022-08-28,2022-08-30
ORD-103729,Ergon Chair,Furniture,Chairs,235.99,7,0.2,-30.07,17.17,Kayla Hooper,Consumer,East,New York,2022-08-31,2022-09-03
ORD-103730,Bush Furniture Bookcase,Furniture,Bookcases,237.32,4,0.1,4.37,10.25,Ashley Johnson,Consumer,South,Louisiana,2023-08-22,2023-08-24
ORD-103731,Acco Binder Clips,Office Supplies,Fasteners,52.21,7,0.2,0.13,15.98,Mary Martin,Corporate,East,Maryland,2021-02-20,2021-02-24
ORD-103732,Rubbermaid Cabinet,Furniture,Furnishings,563.36,1,0.0,32.1,24.07,Mary Lambert,Consumer,East,Massachusetts,2021-11-05,2021-11-10
ORD-103733,Cardinal Binder,Office Supplies,Binders,79.66,3,0.5,-15.8,19.33,Erica Scott,Consumer,Central,Wisconsin,2022-11-19,2022-11-22
ORD-103734,Epson Scanner,Technology,Machines,342.58,10,0.0,72.31,30.68,Edward Murphy,Consumer,East,New York,2022-12-11,2022-12-14
ORD-103735,Advantus Ring Binder,Furniture,Furnishings,423.78,10,0.2,-31.91,14.27,Randy Terry,Corporate,West,Washington,2022-07-04,2022-07-08
ORD-103736,Realspace Bookcase,Furniture,Bookcases,161.62,5,0.0,26.46,25.7,Christina Smith,Home Office,East,Pennsylvania,2021-12-02,2021-12-07
ORD-103737,Realspace Bookcase,Furniture,Bookcases,298.56,5,0.4,-39.85,10.54,Theresa Estrada,Home Office,West,Oregon,2023-09-10,2023-09-13
ORD-103738,Staples Standard Staples,Office Supplies,Fasteners,18.14,10,0.1,2.72,7.97,John Davis,Consumer,West,Oregon,2021-06-09,2021-06-13
ORD-103739,Epson Scanner,Technology,Machines,716.98,6,0.2,1.68,21.15,Shawn Martinez,Consumer,East,New Jersey,2023-06-04,2023-06-06
ORD-103740,Fellowes Storage Case,Office Supplies,Storage,82.78,10,0.3,-0.43,18.94,William Ball,Corporate,East,Connecticut,2022-05-20,2022-05-22
ORD-103741,HP Office Paper,Office Supplies,Paper,72.12,4,0.4,-8.34,24.26,Eric Hood,Home Office,West,California,2022-12-16,2022-12-18
ORD-103742,Canon Printer,Technology,Machines,355.95,8,0.3,-32.52,26.12,Tiffany Lloyd,Consumer,East,Maryland,2022-04-06,2022-04-11
ORD-103743,HP Office Paper,Office Supplies,Paper,129.32,10,0.1,21.09,21.84,Jermaine Wolf,Consumer,East,Virginia,2021-05-14,2021-05-18
ORD-103744,Acco Binder Clips,Office Supplies,Fasteners,98.02,5,0.0,25.53,17.23,Thomas Gutierrez,Home Office,Central,Illinois,2023-09-21,2023-09-24
ORD-103745,Bush Furniture Bookcase,Furniture,Bookcases,278.28,6,0.1,-5.21,20.03,Jennifer Moyer,Corporate,East,Virginia,2023-06-08,2023-06-11
ORD-103746,Lorell Glass Table,Furniture,Tables,237.69,3,0.2,-14.24,13.65,April Howard,Corporate,South,Georgia,2022-10-07,2022-10-11
ORD-103747,Global Leather Chair,Furniture,Chairs,182.89,6,0.1,-0.92,27.31,Rebecca Walker,Corporate,East,Connecticut,2022-06-26,2022-07-02
ORD-103748,Anker Charger,Technology,Accessories,327.42,9,0.2,41.33,15.78,Jared Clark,Home Office,West,California,2021-08-12,2021-08-18
ORD-103749,Avery Flexi-View,Office Supplies,Binders,18.76,10,0.0,3.96,24.77,Todd Khan,Home Office,East,New Jersey,2023-11-05,2023-11-08
ORD-103750,Jabra Headset,Technology,Accessories,686.11,8,0.0,127.68,17.94,Jamie Pierce,Consumer,West,Nevada,2021-11-24,2021-11-28
ORD-103751,Bush Furniture Bookcase,Furniture,Bookcases,400.41,2,0.3,-54.06,31.25,Crystal Williams DVM,Consumer,Central,Illinois,2022-03-23,2022-03-29
ORD-103752,Zebra Label Printer,Technology,Machines,303.23,5,0.1,-3.67,22.06,Frederick Moss,Consumer,South,Georgia,2021-10-20,2021-10-23
ORD-103753,IKEA KALLAX,Furniture,Bookcases,334.65,8,0.4,-86.6,36.42,Melanie Hall,Home Office,Central,Missouri,2022-04-14,2022-04-18
ORD-103754,Mead Envelopes,Office Supplies,Envelopes,64.39,1,0.0,12.56,27.73,Colton Lee,Consumer,West,Nevada,2021-05-12,2021-05-16
ORD-103755,Logitech Keyboard,Technology,Accessories,689.18,8,0.1,151.79,43.66,Krystal Arias,Corporate,East,New Jersey,2023-12-07,2023-12-12
ORD-103756,Navigator Paper,Office Supplies,Paper,96.95,2,0.1,11.32,21.7,Mary Martin,Corporate,East,Maryland,2021-08-02,2021-08-05
ORD-103757,Staedtler Pens,Office Supplies,Art,52.33,5,0.2,4.37,4.96,Jessica Smith,Consumer,West,Nevada,2021-09-23,2021-09-26
ORD-103758,Avery Address Labels,Office Supplies,Labels,147.05,9,0.0,30.53,18.13,Deborah Warren,Consumer,Central,Minnesota,2023-07-26,2023-07-29
ORD-103759,Lorell Glass Table,Furniture,Tables,24.52,1,0.3,-2.61,20.83,Brandon Marsh,Consumer,East,New Jersey,2021-10-01,2021-10-06
ORD-103760,Google Pixel 7,Technology,Phones,567.66,3,0.2,-33.66,19.69,Kyle Washington,Consumer,Central,Michigan,2022-04-16,2022-04-19
ORD-103761,Jabra Headset,Technology,Accessories,438.24,9,0.0,88.77,13.8,Dominique Salinas,Consumer,West,Colorado,2023-04-14,2023-04-18
ORD-103762,BIC Cristal Pens,Office Supplies,Art,87.66,4,0.0,15.82,6.47,Adam White,Home Office,West,California,2022-12-09,2022-12-14
ORD-103763,Canon Printer,Technology,Machines,572.55,1,0.0,91.51,27.77,Kayla Nichols,Corporate,South,Mississippi,2021-04-16,2021-04-20
ORD-103764,Prepac Bookcase,Furniture,Bookcases,131.78,4,0.1,-10.87,16.91,Antonio Yates,Consumer,East,New York,2021-01-30,2021-02-02
ORD-103765,Hon 10500 Table,Furniture,Tables,461.3,10,0.0,60.35,32.66,Laurie Smith,Corporate,West,Arizona,2021-06-02,2021-06-04
ORD-103766,Expo Dry Erase,Office Supplies,Art,92.82,4,0.1,10.95,11.47,Rachel Wright,Consumer,East,New Jersey,2021-04-29,2021-05-04
ORD-103767,Avery File Folder Labels,Office Supplies,Labels,73.07,9,0.1,6.3,27.68,James Smith,Consumer,East,Massachusetts,2023-05-14,2023-05-18
ORD-103768,Dixon Ticonderoga Pencils,Office Supplies,Art,76.19,9,0.0,8.69,22.86,Casey Liu,Corporate,East,Virginia,2021-06-25,2021-06-28
ORD-103769,Motorola Edge,Technology,Phones,292.23,5,0.0,48.06,11.68,William Harrington,Consumer,East,Virginia,2022-07-27,2022-07-30
ORD-103770,Advantus Ring Binder,Furniture,Furnishings,383.19,6,0.1,6.9,16.44,Taylor Sims,Consumer,Central,Minnesota,2021-11-21,2021-11-22
ORD-103771,Sterilite Storage Box,Office Supplies,Storage,115.44,8,0.1,23.95,16.3,Michele Moore,Home Office,South,Georgia,2023-07-08,2023-07-12
ORD-103772,Canon Printer,Technology,Machines,579.31,1,0.1,71.56,35.45,Stephen Reyes,Corporate,West,Nevada,2023-05-02,2023-05-09
ORD-103773,Bush Furniture Bookcase,Furniture,Bookcases,311.42,4,0.1,-9.04,31.75,William Clark,Home Office,South,Tennessee,2022-08-21,2022-08-23
ORD-103774,Epson Scanner,Technology,Machines,528.39,8,0.4,-29.6,23.35,Crystal Williams DVM,Consumer,West,Oregon,2023-01-31,2023-02-03
ORD-103775,HP LaserJet,Technology,Machines,464.74,4,0.1,91.03,20.72,John Gomez,Consumer,West,Nevada,2021-10-10,2021-10-14
ORD-103776,Sterilite Storage Box,Office Supplies,Storage,41.18,1,0.0,6.68,26.3,James Wong,Consumer,Central,Texas,2021-12-07,2021-12-09
ORD-103777,Google Pixel 7,Technology,Phones,546.83,9,0.4,-69.33,38.59,Theresa Estrada,Consumer,West,Arizona,2023-03-10,2023-03-13
ORD-103778,Quartet Calendar,Office Supplies,Supplies,132.04,1,0.0,28.95,27.03,Kimberly Byrd,Consumer,West,Utah,2021-08-11,2021-08-15
ORD-103779,Global Leather Chair,Furniture,Chairs,205.84,1,0.1,1.92,17.25,Kerry Jackson,Home Office,South,Alabama,2021-03-05,2021-03-08
ORD-103780,Xerox WorkCentre,Technology,Copiers,164.77,4,0.2,-6.0,11.87,Taylor Sims,Home Office,South,Florida,2022-10-16,2022-10-21
ORD-103781,Xerox Multi-Use Paper,Office Supplies,Paper,121.12,3,0.0,31.93,6.58,Alexandria Cowan,Consumer,South,Mississippi,2021-06-13,2021-06-16
ORD-103782,Realspace Bookcase,Furniture,Bookcases,353.56,9,0.0,4.93,10.36,Timothy Ford,Consumer,Central,Minnesota,2023-04-07,2023-04-10
ORD-103783,Tyvek Mailer,Office Supplies,Envelopes,78.53,8,0.0,12.47,23.93,David Barrett,Home Office,East,Virginia,2023-10-12,2023-10-16
ORD-103784,Hon 4070 Chair,Furniture,Chairs,451.18,2,0.2,-40.24,17.25,Jason Clark,Home Office,South,Tennessee,2022-08-05,2022-08-07
ORD-103785,Safco Round Table,Furniture,Tables,179.71,10,0.0,18.24,8.88,David Martinez,Consumer,Central,Wisconsin,2021-06-12,2021-06-15
ORD-103786,Eldon Mobile,Office Supplies,Storage,69.52,5,0.0,20.45,4.84,Samantha Hernandez,Consumer,South,North Carolina,2022-03-13,2022-03-16
ORD-103787,Sterilite Storage Box,Office Supplies,Storage,66.49,9,0.0,9.98,21.33,Kara Davis,Consumer,Central,Texas,2022-01-26,2022-01-29
ORD-103788,Ergon Chair,Furniture,Chairs,51.65,9,0.1,0.95,11.82,Jonathan Baker,Consumer,East,Connecticut,2023-06-11,2023-06-15
ORD-103789,Anker Charger,Technology,Accessories,320.09,7,0.0,34.75,24.62,Joseph Rodriguez,Consumer,South,North Carolina,2022-08-16,2022-08-20
ORD-103790,Dixon Ticonderoga Pencils,Office Supplies,Art,128.06,5,0.0,32.45,30.93,Kimberly Byrd,Corporate,West,California,2022-05-09,2022-05-14
ORD-103791,Epson Scanner,Technology,Machines,405.49,1,0.1,68.21,20.36,Antonio Yates,Corporate,South,Alabama,2021-12-01,2021-12-03
ORD-103792,Acco Staple Remover,Office Supplies,Supplies,111.2,7,0.0,19.89,28.54,Susan Lawson,Consumer,West,California,2023-03-05,2023-03-10
ORD-103793,Canon Printer,Technology,Machines,243.72,8,0.1,34.34,33.64,Ebony Adams,Consumer,East,New Jersey,2022-02-10,2022-02-13
ORD-103794,Avery File Folder Labels,Office Supplies,Labels,102.68,8,0.0,23.46,7.2,Katherine Parker,Home Office,West,Oregon,2023-09-24,2023-09-28
ORD-103795,Bush Coat Rack,Furniture,Furnishings,208.42,6,0.0,27.18,7.81,Melanie Hall,Consumer,East,Virginia,2023-05-14,2023-05-17
ORD-103796,Acco Binder Clips,Office Supplies,Fasteners,65.82,3,0.0,14.14,20.19,Jeremy Cervantes,Home Office,West,Arizona,2021-12-01,2021-12-05
ORD-103797,Maco Labels,Office Supplies,Labels,136.3,9,0.1,14.58,19.39,Lisa Graves,Consumer,South,Tennessee,2023-04-07,2023-04-11
ORD-103798,Sharp MX,Technology,Copiers,158.32,5,0.0,20.17,24.87,Robert Harris,Corporate,South,Georgia,2023-03-12,2023-03-16
ORD-103799,Stanley Staple Gun,Office Supplies,Fasteners,121.82,5,0.1,18.61,10.47,Kimberly Byrd,Consumer,East,Maryland,2022-10-25,2022-10-29
ORD-103800,IKEA KALLAX,Furniture,Bookcases,294.53,1,0.2,-25.17,15.71,Dr. Darren Mcneil,Corporate,West,Nevada,2021-04-20,2021-04-23
ORD-103801,Google Pixel 7,Technology,Phones,487.66,10,0.0,67.08,19.57,Hayden Garcia,Home Office,Central,Illinois,2021-12-01,2021-12-05
ORD-103802,Global Leather Chair,Furniture,Chairs,346.68,1,0.1,-5.74,27.4,Melissa Newton,Corporate,Central,Michigan,2021-01-15,2021-01-18
ORD-103803,Ricoh Aficio,Technology,Copiers,266.37,10,0.2,-3.16,34.93,Jamie Pierce,Consumer,East,New York,2023-10-11,2023-10-14
ORD-103804,Rubbermaid Cabinet,Furniture,Furnishings,264.95,8,0.0,25.85,19.19,Vincent Mcdonald,Consumer,South,Mississippi,2023-03-18,2023-03-24
ORD-103805,Eldon Shelf,Furniture,Furnishings,338.25,7,0.0,-28.55,24.19,Jason Harrison,Corporate,South,Georgia,2023-04-13,2023-04-16
ORD-103806,Canon imageRUNNER,Technology,Copiers,280.78,7,0.0,45.04,25.09,Philip Cole,Home Office,Central,Wisconsin,2022-05-11,2022-05-12
ORD-103807,Stanley Staple Gun,Office Supplies,Fasteners,138.16,4,0.0,22.93,13.03,Meghan Martin,Consumer,South,Tennessee,2023-04-05,2023-04-08
ORD-103808,Jiffy Mailer,Office Supplies,Envelopes,95.21,7,0.0,28.06,29.34,Matthew White,Consumer,East,Pennsylvania,2022-05-24,2022-05-29
ORD-103809,3M Post-it Flags,Office Supplies,Labels,47.99,10,0.0,11.5,4.47,Timothy Robertson,Consumer,West,Arizona,2021-03-06,2021-03-11
ORD-103810,IKEA KALLAX,Furniture,Bookcases,213.73,10,0.0,15.98,32.31,Scott Gomez,Consumer,South,Alabama,2022-05-20,2022-05-25
ORD-103811,Brother Fax Machine,Technology,Machines,281.5,6,0.2,-4.67,17.46,William Ball,Home Office,Central,Illinois,2021-12-13,2021-12-18
ORD-103812,Sharp MX,Technology,Copiers,845.51,8,0.1,120.25,44.67,Amy Reyes,Consumer,South,Mississippi,2022-07-01,2022-07-05
ORD-103813,Zebra Label Printer,Technology,Machines,586.28,5,0.0,119.95,23.38,Stephen Curtis,Consumer,Central,Texas,2022-02-09,2022-02-14
ORD-103814,HP Wireless Mouse,Technology,Accessories,153.0,2,0.0,30.56,8.16,Michelle Henderson,Corporate,Central,Illinois,2023-03-18,2023-03-24
ORD-103815,Acco Staple Remover,Office Supplies,Supplies,124.33,4,0.0,22.05,32.46,Keith Lewis,Consumer,West,Colorado,2022-09-21,2022-09-23
ORD-103816,OIC Binder Clips,Office Supplies,Fasteners,120.89,4,0.3,1.84,20.04,Brett Hanson,Home Office,East,Pennsylvania,2023-01-27,2023-01-31
ORD-103817,Epson Scanner,Technology,Machines,706.33,10,0.0,112.38,43.74,John Gomez,Home Office,East,New York,2023-04-23,2023-04-26
ORD-103818,Staples Standard Envelopes,Office Supplies,Envelopes,54.88,6,0.2,2.3,30.13,Daniel Abbott,Corporate,Central,Missouri,2021-08-23,2021-08-28
ORD-103819,Sterilite Storage Box,Office Supplies,Storage,135.94,4,0.3,-15.15,32.7,Nathaniel Wade,Home Office,South,Louisiana,2023-05-31,2023-06-02
ORD-103820,Sauder Bookcase,Furniture,Bookcases,61.79,8,0.2,-3.43,20.93,Crystal Johnson,Corporate,West,Colorado,2022-08-05,2022-08-11
ORD-103821,Prepac Bookcase,Furniture,Bookcases,256.89,6,0.3,-35.87,19.41,Dennis Mason,Consumer,West,Colorado,2023-10-28,2023-11-02
ORD-103822,Google Pixel 7,Technology,Phones,561.25,10,0.1,40.62,31.48,Rachel Wright,Corporate,East,New York,2022-12-21,2022-12-23
ORD-103823,Avery Address Labels,Office Supplies,Labels,30.06,4,0.5,-2.34,19.69,Joseph Thomas,Consumer,Central,Minnesota,2021-11-15,2021-11-18
ORD-103824,Staedtler Pens,Office Supplies,Art,58.09,1,0.1,5.06,8.61,Angel Dickerson,Consumer,East,Maryland,2022-05-28,2022-05-31
ORD-103825,Humanscale Chair,Furniture,Chairs,442.45,4,0.1,0.34,34.78,Jessica Dodson,Consumer,South,Georgia,2022-03-08,2022-03-10
ORD-103826,Avery File Folder Labels,Office Supplies,Labels,87.97,6,0.3,0.36,14.69,Rebecca Lewis,Consumer,West,Nevada,2022-05-07,2022-05-12
ORD-103827,Rubbermaid Tote,Office Supplies,Storage,124.67,6,0.2,5.4,17.44,Katherine Parker,Consumer,Central,Minnesota,2022-12-11,2022-12-17
ORD-103828,Avery Shipping Labels,Office Supplies,Labels,138.64,6,0.0,15.7,20.34,Deborah Allen,Consumer,Central,Texas,2022-03-26,2022-03-31
ORD-103829,Bush Coat Rack,Furniture,Furnishings,401.17,10,0.0,23.28,15.89,John Davis,Home Office,West,Utah,2023-11-08,2023-11-11
ORD-103830,Ikea BEKANT Desk,Furniture,Tables,474.67,6,0.2,-25.11,28.38,Matthew Compton,Corporate,East,Connecticut,2023-11-10,2023-11-13
ORD-103831,Staples Copy Paper,Office Supplies,Paper,68.47,6,0.2,6.38,14.55,Wanda Yang,Home Office,Central,Ohio,2023-12-07,2023-12-10
ORD-103832,Jabra Headset,Technology,Accessories,552.91,8,0.0,117.27,26.26,Dr. Kevin Martin,Home Office,East,Connecticut,2023-08-16,2023-08-17
ORD-103833,Global Leather Chair,Furniture,Chairs,186.44,1,0.0,14.13,28.14,Sandra Dean,Consumer,East,Massachusetts,2022-11-04,2022-11-06
ORD-103834,Avery Shipping Labels,Office Supplies,Labels,89.87,9,0.0,19.59,31.68,Adam Page,Consumer,East,Maryland,2021-04-07,2021-04-12
ORD-103835,Epson Scanner,Technology,Machines,529.96,2,0.1,-0.39,15.78,Phillip Lewis,Corporate,Central,Illinois,2022-01-25,2022-01-29
ORD-103836,Jabra Headset,Technology,Accessories,463.49,7,0.2,2.55,29.29,Carol Wilson,Corporate,South,Georgia,2021-01-01,2021-01-03
ORD-103837,Konica Minolta,Technology,Copiers,275.84,8,0.2,-4.72,14.45,Samantha Atkins,Consumer,South,North Carolina,2021-09-14,2021-09-19
ORD-103838,Ikea BEKANT Desk,Furniture,Tables,284.26,1,0.2,-68.24,10.72,Dana Williams,Home Office,West,California,2022-01-10,2022-01-13
ORD-103839,Avery File Folder Labels,Office Supplies,Labels,67.56,1,0.0,11.9,30.13,Kimberly Ryan,Consumer,East,New Jersey,2023-03-03,2023-03-05
ORD-103840,Fellowes Storage Case,Office Supplies,Storage,107.05,5,0.0,19.24,28.29,Timothy Robertson,Corporate,West,California,2022-08-28,2022-08-30
ORD-103841,Bestar Folding Table,Furniture,Tables,284.19,5,0.1,27.6,9.71,Kelsey Martin,Home Office,Central,Michigan,2022-04-27,2022-04-29
ORD-103842,Canon imageRUNNER,Technology,Copiers,569.1,2,0.0,128.11,29.05,Gabriel Marshall,Corporate,South,Tennessee,2021-04-09,2021-04-14
ORD-103843,Nokia 5310,Technology,Phones,330.02,1,0.2,15.56,27.29,Patricia Hammond,Corporate,Central,Michigan,2021-03-22,2021-03-24
ORD-103844,Rubbermaid Cabinet,Furniture,Furnishings,281.93,6,0.1,2.87,18.64,Mary Lambert,Home Office,South,Louisiana,2023-07-24,2023-07-26
ORD-103845,Belkin USB Hub,Technology,Accessories,475.55,10,0.3,-42.73,37.39,Jonathan Baker,Consumer,South,Louisiana,2023-01-17,2023-01-20
ORD-103846,Navigator Paper,Office Supplies,Paper,137.78,9,0.0,29.21,25.09,Kimberly Roberts,Home Office,West,Colorado,2023-09-29,2023-10-05
ORD-103847,Nokia 5310,Technology,Phones,508.94,4,0.0,128.65,18.9,Chad Sheppard,Consumer,East,New Jersey,2023-04-04,2023-04-07
ORD-103848,Humanscale Chair,Furniture,Chairs,433.8,8,0.0,12.82,18.75,Yvonne Wilson,Consumer,East,New York,2022-06-25,2022-06-29
ORD-103849,Fellowes Storage Case,Office Supplies,Storage,104.24,6,0.0,27.37,17.8,Keith Lewis,Consumer,East,Massachusetts,2022-12-13,2022-12-16
ORD-103850,Xerox Multi-Use Paper,Office Supplies,Paper,118.54,3,0.5,-27.94,31.2,Tiffany Lloyd,Consumer,Central,Minnesota,2021-10-16,2021-10-21
ORD-103851,Steelcase Leap,Furniture,Chairs,231.16,7,0.4,-39.36,9.76,Daniel Mccoy,Home Office,East,Connecticut,2022-05-24,2022-05-29
ORD-103852,IKEA KALLAX,Furniture,Bookcases,218.59,8,0.4,-51.37,10.8,Jonathan Baker,Consumer,West,California,2021-12-07,2021-12-12
ORD-103853,Sharp MX,Technology,Copiers,662.14,8,0.5,-147.25,40.55,Patrick Hardin,Corporate,East,New York,2021-07-24,2021-07-26
ORD-103854,Brother Fax Machine,Technology,Machines,293.72,2,0.0,39.98,21.08,Michael Moore,Consumer,South,Tennessee,2022-04-23,2022-04-29
ORD-103855,Rubbermaid Cabinet,Furniture,Furnishings,349.93,5,0.1,-16.33,16.35,Jermaine Wolf,Home Office,South,Louisiana,2021-01-14,2021-01-20
ORD-103856,Hon 10500 Table,Furniture,Tables,280.32,8,0.1,10.28,18.86,Jennifer Moyer,Consumer,Central,Texas,2022-09-29,2022-10-02
ORD-103857,Avery Shipping Labels,Office Supplies,Labels,131.57,1,0.0,33.34,9.98,Patricia Jones,Consumer,Central,Illinois,2023-10-04,2023-10-08
ORD-103858,Hammermill Copy Paper,Office Supplies,Paper,67.15,1,0.2,7.99,25.84,Ryan Vasquez,Corporate,Central,Wisconsin,2022-05-26,2022-05-30
ORD-103859,Ibico MB,Office Supplies,Binders,80.42,3,0.0,12.72,22.17,Caitlin Bryant,Corporate,South,Louisiana,2021-06-07,2021-06-10
ORD-103860,Xerox WorkCentre,Technology,Copiers,382.47,4,0.0,96.35,31.65,Karen Charles,Corporate,East,New Jersey,2023-09-26,2023-10-02
ORD-103861,Google Pixel 7,Technology,Phones,436.44,2,0.0,78.83,30.51,Gary Anderson,Corporate,West,Arizona,2022-08-20,2022-08-22
ORD-103862,Avery Address Labels,Office Supplies,Labels,142.39,4,0.0,21.14,11.25,Michelle Smith,Home Office,East,New Jersey,2023-04-17,2023-04-20
ORD-103863,Ergon Chair,Furniture,Chairs,155.73,5,0.1,-9.47,14.07,Stephanie Ramirez,Corporate,South,Tennessee,2022-02-24,2022-02-27
ORD-103864,Advantus Ring Binder,Furniture,Furnishings,354.72,4,0.0,38.42,21.09,Alexandria Cowan,Corporate,East,Virginia,2022-06-18,2022-06-20
ORD-103865,Avery File Folder Labels,Office Supplies,Labels,139.37,9,0.1,21.21,22.1,Taylor Hall,Consumer,South,Alabama,2023-10-21,2023-10-24
ORD-103866,Advantus Ring Binder,Furniture,Furnishings,261.5,9,0.3,-36.59,18.43,Mary Martin,Consumer,East,Connecticut,2021-12-19,2021-12-23
ORD-103867,Samsung Galaxy S22,Technology,Phones,428.83,8,0.0,41.34,22.44,Suzanne West,Consumer,Central,Minnesota,2023-06-17,2023-06-20
ORD-103868,Fiskars Scissors,Office Supplies,Supplies,176.73,3,0.0,43.47,29.34,Michael Arroyo,Consumer,Central,Michigan,2022-06-29,2022-06-30
ORD-103869,Humanscale Chair,Furniture,Chairs,335.2,8,0.0,43.83,19.74,Carol Wilson,Consumer,West,California,2023-04-02,2023-04-06
ORD-103870,Zebra Label Printer,Technology,Machines,523.51,1,0.2,6.79,23.04,Brianna Warner,Corporate,East,Maryland,2021-10-22,2021-10-26
ORD-103871,Humanscale Chair,Furniture,Chairs,234.25,9,0.0,30.45,13.78,Taylor Johnson,Consumer,South,Tennessee,2023-06-20,2023-06-23
ORD-103872,Humanscale Chair,Furniture,Chairs,356.29,9,0.0,21.2,34.89,Theresa Brown,Consumer,West,Washington,2022-05-27,2022-05-29
ORD-103873,Prepac Bookcase,Furniture,Bookcases,480.28,6,0.3,-60.19,20.95,Timothy Best,Home Office,East,Massachusetts,2021-09-19,2021-09-25
ORD-103874,OIC Binder Clips,Office Supplies,Fasteners,113.35,10,0.2,14.69,6.15,Leslie Powell,Consumer,East,Virginia,2023-09-25,2023-09-28
ORD-103875,Avery Shipping Labels,Office Supplies,Labels,90.7,9,0.3,-0.38,11.17,Sharon Hansen,Consumer,East,Maryland,2021-07-24,2021-07-27
ORD-103876,Apple iPhone 14,Technology,Phones,539.6,8,0.5,-138.27,32.62,Jeremy Thomas,Consumer,West,Nevada,2022-10-04,2022-10-08
ORD-103877,Bush Furniture Bookcase,Furniture,Bookcases,316.49,5,0.0,33.64,24.72,Alison Taylor,Corporate,East,Virginia,2022-10-21,2022-10-24
ORD-103878,Ikea BEKANT Desk,Furniture,Tables,195.27,7,0.0,42.16,9.52,Crystal Johnson,Corporate,West,Washington,2022-06-01,2022-06-02
ORD-103879,Xerox Multi-Use Paper,Office Supplies,Paper,44.97,3,0.3,-3.82,21.18,Taylor Howard,Consumer,West,Nevada,2023-03-08,2023-03-11
ORD-103880,Bestar Folding Table,Furniture,Tables,467.71,1,0.5,-123.63,27.32,Sheila Logan,Consumer,South,North Carolina,2023-07-17,2023-07-23
ORD-103881,Nokia 5310,Technology,Phones,245.85,1,0.0,51.72,13.19,William Harrington,Corporate,East,New York,2023-01-18,2023-01-22
ORD-103882,Advantus Ring Binder,Furniture,Furnishings,486.14,1,0.1,8.99,14.38,Nathan Jennings,Home Office,West,California,2021-11-11,2021-11-15
ORD-103883,Bestar Folding Table,Furniture,Tables,621.86,7,0.4,-190.42,26.01,Sherri Holmes,Corporate,West,Utah,2021-05-09,2021-05-14
ORD-103884,Nokia 5310,Technology,Phones,521.01,8,0.2,40.81,30.15,Sandra Dean,Consumer,East,Massachusetts,2021-08-20,2021-08-23
ORD-103885,Staples Standard Staples,Office Supplies,Fasteners,118.52,5,0.1,15.38,24.36,Jennifer Browning,Consumer,South,Georgia,2021-12-08,2021-12-13
ORD-103886,Rubbermaid Cabinet,Furniture,Furnishings,275.15,10,0.0,33.63,29.4,Anthony Conley,Corporate,Central,Ohio,2023-03-11,2023-03-14
ORD-103887,Realspace Bookcase,Furniture,Bookcases,407.89,7,0.2,-12.19,28.64,Elizabeth Landry,Corporate,West,Arizona,2022-04-16,2022-04-22
ORD-103888,Motorola Edge,Technology,Phones,576.41,1,0.2,-17.84,18.57,Allison Wells,Consumer,Central,Minnesota,2021-07-19,2021-07-24
ORD-103889,Navigator Paper,Office Supplies,Paper,82.71,6,0.2,1.08,8.89,Jacqueline Yang,Consumer,Central,Illinois,2023-04-19,2023-04-21
ORD-103890,Steelcase Leap,Furniture,Chairs,263.67,2,0.3,-23.53,23.46,Jerry Curtis,Consumer,Central,Missouri,2021-03-28,2021-03-30
ORD-103891,Epson Scanner,Technology,Machines,427.28,10,0.0,132.6,34.27,Michael Smith,Corporate,Central,Minnesota,2021-09-05,2021-09-08
ORD-103892,Rubbermaid Cabinet,Furniture,Furnishings,333.21,1,0.1,7.66,27.54,Lori Levine,Corporate,East,Massachusetts,2021-12-23,2021-12-26
ORD-103893,Ricoh Aficio,Technology,Copiers,426.99,8,0.0,63.24,15.51,Taylor Howard,Corporate,West,Utah,2022-12-30,2023-01-02
ORD-103894,Tyvek Mailer,Office Supplies,Envelopes,88.15,7,0.3,3.21,24.44,Leslie Lynch,Corporate,East,Maryland,2021-09-21,2021-09-24
ORD-103895,Cardinal Binder,Office Supplies,Binders,93.65,3,0.0,16.89,22.3,Christopher Gibbs,Home Office,West,Nevada,2021-01-03,2021-01-05
ORD-103896,Xerox Multi-Use Paper,Office Supplies,Paper,60.4,7,0.4,-7.4,16.32,Rebecca Walker,Corporate,Central,Illinois,2022-08-08,2022-08-13
ORD-103897,Xerox WorkCentre,Technology,Copiers,421.82,3,0.3,-0.14,25.82,William Robbins,Home Office,Central,Missouri,2021-10-12,2021-10-15
ORD-103898,Ergon Chair,Furniture,Chairs,149.14,10,0.0,12.53,22.67,Matthew Wright,Consumer,West,Oregon,2023-09-20,2023-09-23
ORD-103899,Rubbermaid Tote,Office Supplies,Storage,94.62,9,0.0,12.14,12.02,Jennifer Wright,Consumer,Central,Wisconsin,2021-04-27,2021-04-28
ORD-103900,Logitech Keyboard,Technology,Accessories,276.62,6,0.1,18.26,14.33,Patricia Welch,Home Office,Central,Missouri,2021-10-03,2021-10-04
ORD-103901,Staedtler Pens,Office Supplies,Art,64.53,6,0.2,4.49,13.66,Alison Taylor,Consumer,South,Tennessee,2023-06-06,2023-06-13
ORD-103902,Bush Coat Rack,Furniture,Furnishings,290.73,7,0.0,21.0,34.94,Lucas Hernandez,Corporate,Central,Illinois,2022-11-11,2022-11-15
ORD-103903,Stanley Staple Gun,Office Supplies,Fasteners,103.69,1,0.0,31.75,14.59,Mark Chapman,Consumer,South,Florida,2023-09-04,2023-09-08
ORD-103904,Bestar Folding Table,Furniture,Tables,506.71,3,0.1,-38.58,30.29,Rachel Wright,Corporate,Central,Michigan,2023-04-10,2023-04-14
ORD-103905,Sauder Bookcase,Furniture,Bookcases,379.25,4,0.3,-56.47,23.61,Patricia Jones,Consumer,Central,Ohio,2023-11-08,2023-11-11
ORD-103906,Hon 4070 Chair,Furniture,Chairs,328.62,4,0.1,0.03,21.48,Kevin Wagner,Consumer,East,Connecticut,2023-05-26,2023-05-30
ORD-103907,Bush Furniture Bookcase,Furniture,Bookcases,324.11,4,0.0,34.86,34.62,Leslie Powell,Corporate,West,Arizona,2023-01-16,2023-01-20
ORD-103908,Quartet Calendar,Office Supplies,Supplies,71.47,7,0.1,6.8,25.59,Laura Martin,Corporate,East,New York,2021-11-07,2021-11-10
ORD-103909,Motorola Edge,Technology,Phones,338.21,10,0.0,64.84,12.45,Rebecca Lewis,Corporate,East,Virginia,2022-08-27,2022-09-02
ORD-103910,Realspace Bookcase,Furniture,Bookcases,381.88,8,0.0,54.48,36.25,Melanie Hall,Consumer,Central,Minnesota,2022-06-13,2022-06-16
ORD-103911,Sterilite Storage Box,Office Supplies,Storage,74.19,8,0.3,-0.43,14.83,Jennifer Cardenas,Corporate,South,Louisiana,2023-12-29,2024-01-02
ORD-103912,Brother Fax Machine,Technology,Machines,564.0,3,0.2,44.15,38.72,Jennifer Moyer,Corporate,East,Virginia,2022-10-10,2022-10-14
ORD-103913,HP Office Paper,Office Supplies,Paper,88.12,1,0.0,18.41,23.58,Scott Gomez,Consumer,West,Colorado,2023-07-05,2023-07-10
ORD-103914,Epson Scanner,Technology,Machines,440.58,7,0.1,18.73,21.92,William West,Corporate,Central,Minnesota,2023-10-01,2023-10-04
ORD-103915,Global Leather Chair,Furniture,Chairs,286.77,4,0.0,39.35,22.78,Alison Taylor,Corporate,East,Massachusetts,2021-07-12,2021-07-16
ORD-103916,Cardinal Binder,Office Supplies,Binders,110.54,6,0.1,13.98,9.87,Travis Santiago,Corporate,West,Utah,2022-05-11,2022-05-14
ORD-103917,Xerox Multi-Use Paper,Office Supplies,Paper,96.97,2,0.4,-13.7,25.62,Casey Liu,Consumer,Central,Ohio,2021-12-28,2022-01-02
ORD-103918,Safco Round Table,Furniture,Tables,394.42,9,0.3,-56.75,16.32,Sandra Dean,Consumer,East,Virginia,2022-01-02,2022-01-07
ORD-103919,Google Pixel 7,Technology,Phones,365.85,3,0.1,29.97,12.32,Jeremiah Smith,Home Office,Central,Wisconsin,2023-10-13,2023-10-17
ORD-103920,Quartet Calendar,Office Supplies,Supplies,87.99,4,0.0,17.39,15.97,Allison Wells,Consumer,West,Utah,2023-02-18,2023-02-19
ORD-103921,Rubbermaid Tote,Office Supplies,Storage,111.06,2,0.2,4.47,22.46,Joanna Ruiz,Consumer,West,Colorado,2022-01-07,2022-01-11
ORD-103922,Logitech Keyboard,Technology,Accessories,664.87,5,0.2,62.01,42.12,Adam White,Corporate,Central,Wisconsin,2023-10-12,2023-10-13
ORD-103923,Avery Flexi-View,Office Supplies,Binders,61.47,9,0.0,13.74,11.34,Christina Smith,Consumer,West,Colorado,2022-04-12,2022-04-18
ORD-103924,Samsung Galaxy S22,Technology,Phones,305.89,3,0.4,-47.82,16.04,Debra Andrade,Consumer,West,Oregon,2022-10-01,2022-10-05
ORD-103925,Avery Address Labels,Office Supplies,Labels,154.08,10,0.0,31.53,13.27,Joseph Lopez,Home Office,South,Florida,2022-10-17,2022-10-23
ORD-103926,Brother Fax Machine,Technology,Machines,467.64,1,0.3,-15.4,23.66,Travis Allen,Consumer,West,Oregon,2023-12-24,2023-12-30
ORD-103927,Realspace Bookcase,Furniture,Bookcases,189.92,2,0.1,-4.32,10.95,Theresa Estrada,Consumer,West,Arizona,2022-04-07,2022-04-10
ORD-103928,Fiskars Scissors,Office Supplies,Supplies,51.41,6,0.2,0.81,17.21,Crystal Johnson,Corporate,South,Alabama,2022-06-18,2022-06-23
ORD-103929,Staples Copy Paper,Office Supplies,Paper,21.2,10,0.2,1.85,3.7,William Harrington,Corporate,West,Nevada,2022-03-04,2022-03-09
ORD-103930,Hammermill Copy Paper,Office Supplies,Paper,155.73,7,0.2,10.49,16.69,Cindy Parker,Consumer,South,Mississippi,2022-05-31,2022-06-03
ORD-103931,Staples Copy Paper,Office Supplies,Paper,44.68,3,0.0,8.39,8.46,Carrie Owens,Home Office,Central,Minnesota,2022-10-24,2022-10-28
ORD-103932,Google Pixel 7,Technology,Phones,336.58,1,0.3,-37.32,32.75,Nicole Jimenez,Consumer,West,Colorado,2022-01-08,2022-01-09
ORD-103933,Jabra Headset,Technology,Accessories,547.63,5,0.5,-98.29,17.92,Jeffrey Golden,Corporate,West,Oregon,2023-08-20,2023-08-25
ORD-103934,Xerox WorkCentre,Technology,Copiers,225.13,9,0.1,30.67,30.62,Wanda Yang,Consumer,West,Utah,2021-04-12,2021-04-19
ORD-103935,BIC Cristal Pens,Office Supplies,Art,138.86,10,0.0,43.76,13.53,Travis Santiago,Consumer,Central,Ohio,2021-09-05,2021-09-08
ORD-103936,Hammermill Copy Paper,Office Supplies,Paper,181.69,9,0.4,-26.36,11.26,Edward Murphy,Consumer,East,New York,2021-02-15,2021-02-17
ORD-103937,Nokia 5310,Technology,Phones,861.88,6,0.0,139.87,24.61,Carrie Sanchez,Consumer,South,Alabama,2021-11-26,2021-11-29
ORD-103938,Konica Minolta,Technology,Copiers,315.21,5,0.1,36.68,22.49,Patrick Brown,Consumer,West,Arizona,2022-10-23,2022-10-30
ORD-103939,Quartet Calendar,Office Supplies,Supplies,71.37,1,0.1,11.42,4.43,Robert Franklin,Consumer,Central,Texas,2023-02-09,2023-02-12
ORD-103940,Belkin USB Hub,Technology,Accessories,198.79,2,0.2,1.6,16.0,Timothy Best,Consumer,South,Florida,2023-08-11,2023-08-12
ORD-103941,Google Pixel 7,Technology,Phones,615.69,5,0.0,109.07,31.47,Angela Hubbard,Consumer,West,Nevada,2023-08-21,2023-08-26
ORD-103942,Avery Shipping Labels,Office Supplies,Labels,94.53,3,0.0,23.04,16.56,Taylor Sims,Consumer,West,Colorado,2023-08-22,2023-08-26
ORD-103943,Avery File Folder Labels,Office Supplies,Labels,127.46,3,0.2,-2.9,11.42,James Wong,Corporate,East,Pennsylvania,2021-11-24,2021-11-26
ORD-103944,Ergon Chair,Furniture,Chairs,380.14,5,0.0,32.92,15.24,Curtis Fields,Home Office,Central,Missouri,2021-02-27,2021-03-02
ORD-103945,Anker Charger,Technology,Accessories,436.66,9,0.2,31.88,29.15,Andrew Medina,Consumer,Central,Michigan,2022-11-25,2022-12-01
ORD-103946,Canon Printer,Technology,Machines,218.93,4,0.2,-6.71,19.77,Timothy Best,Home Office,Central,Michigan,2022-03-28,2022-04-01
ORD-103947,HP LaserJet,Technology,Machines,100.33,9,0.2,-0.75,20.73,Joshua Bush,Corporate,West,Washington,2021-08-20,2021-08-23
ORD-103948,HP Office Paper,Office Supplies,Paper,132.57,6,0.1,17.76,15.41,Leslie Lynch,Consumer,West,Utah,2021-06-13,2021-06-17
ORD-103949,BIC Cristal Pens,Office Supplies,Art,47.12,1,0.0,9.22,4.06,Nathan Jennings,Consumer,South,Georgia,2022-12-09,2022-12-11
ORD-103950,Sharp MX,Technology,Copiers,171.94,8,0.0,21.28,25.85,Yvonne Wilson,Home Office,Central,Minnesota,2023-05-13,2023-05-18
ORD-103951,Stanley Staple Gun,Office Supplies,Fasteners,102.44,6,0.0,16.52,22.28,Jerome Walker,Consumer,West,Colorado,2022-12-18,2022-12-20
ORD-103952,Expo Dry Erase,Office Supplies,Art,125.6,6,0.3,-2.96,22.66,Michele Moore,Consumer,East,Maryland,2023-02-20,2023-02-24
ORD-103953,Apple iPhone 14,Technology,Phones,423.7,5,0.5,-99.11,15.33,Ryan Koch,Corporate,Central,Ohio,2022-06-26,2022-07-01
ORD-103954,Navigator Paper,Office Supplies,Paper,114.73,7,0.0,29.73,6.25,Kimberly Ryan,Corporate,Central,Illinois,2023-04-16,2023-04-19
ORD-103955,Epson Scanner,Technology,Machines,463.61,6,0.0,96.54,31.89,Lori West,Consumer,West,Colorado,2022-02-15,2022-02-18
ORD-103956,Steelcase Leap,Furniture,Chairs,284.55,8,0.0,36.17,12.72,Allison Wells,Home Office,West,Oregon,2022-04-06,2022-04-08
ORD-103957,Motorola Edge,Technology,Phones,355.94,10,0.4,-49.79,30.02,Antonio Yates,Consumer,South,Alabama,2022-06-30,2022-07-02
ORD-103958,Dixon Ticonderoga Pencils,Office Supplies,Art,81.21,5,0.1,9.51,12.23,Barbara Barber,Corporate,Central,Texas,2022-05-09,2022-05-13
ORD-103959,Rubbermaid Cabinet,Furniture,Furnishings,227.31,1,0.1,9.86,25.34,Carrie Sanchez,Corporate,Central,Texas,2023-08-08,2023-08-10
ORD-103960,Apple iPhone 14,Technology,Phones,619.7,9,0.3,-0.9,25.44,Alexandria Cowan,Consumer,East,New York,2021-03-03,2021-03-06
ORD-103961,Ricoh Aficio,Technology,Copiers,208.95,2,0.3,0.93,24.94,Trevor Martinez,Consumer,East,New York,2022-09-01,2022-09-07
ORD-103962,Wilson Jones Binder,Office Supplies,Binders,79.82,1,0.2,7.19,15.78,Allison Wells,Consumer,West,California,2021-05-07,2021-05-10
ORD-103963,Apple iPhone 14,Technology,Phones,265.01,4,0.0,49.58,29.92,Robert Franklin,Corporate,South,Florida,2021-04-26,2021-05-01
ORD-103964,HP LaserJet,Technology,Machines,460.2,7,0.0,48.68,23.83,Dr. David Hoover,Consumer,South,Alabama,2023-01-29,2023-02-03
ORD-103965,HP LaserJet,Technology,Machines,507.32,7,0.0,125.46,22.63,Cindy Parker,Home Office,West,Oregon,2023-01-03,2023-01-07
ORD-103966,Memorex Tape,Office Supplies,Supplies,84.41,9,0.0,24.31,7.52,Brandon Marsh,Consumer,West,California,2022-06-29,2022-07-03
ORD-103967,Canon imageRUNNER,Technology,Copiers,379.65,6,0.2,23.72,17.7,Allison Wells,Consumer,South,Mississippi,2022-11-17,2022-11-19
ORD-103968,Fellowes Storage Case,Office Supplies,Storage,19.01,3,0.4,0.4,12.77,Casey Liu,Consumer,East,Maryland,2021-03-15,2021-03-18
ORD-103969,Jabra Headset,Technology,Accessories,649.27,3,0.0,107.63,16.85,Abigail Berger,Consumer,East,Pennsylvania,2021-09-06,2021-09-11
ORD-103970,BIC Cristal Pens,Office Supplies,Art,26.89,10,0.1,4.15,19.55,Jeremiah Smith,Corporate,East,Connecticut,2022-09-20,2022-09-23
ORD-103971,Jabra Headset,Technology,Accessories,178.97,10,0.1,21.88,27.7,Stephen Reyes,Corporate,East,New York,2022-10-13,2022-10-18
ORD-103972,Advantus Binder Clips,Office Supplies,Fasteners,103.17,2,0.0,17.84,24.47,Rhonda Carter,Corporate,East,Virginia,2021-07-21,2021-07-27
ORD-103973,Belkin USB Hub,Technology,Accessories,589.35,6,0.2,35.53,38.1,Mark Hansen,Home Office,South,Mississippi,2023-07-15,2023-07-21
ORD-103974,Staples Standard Staples,Office Supplies,Fasteners,121.23,3,0.1,17.03,12.46,Crystal Johnson,Consumer,Central,Wisconsin,2022-06-11,2022-06-15
ORD-103975,Bush Coat Rack,Furniture,Furnishings,140.14,9,0.0,20.87,8.04,Joanna Ruiz,Consumer,South,Mississippi,2021-12-22,2021-12-25
ORD-103976,Expo Dry Erase,Office Supplies,Art,81.35,7,0.1,5.74,18.06,Kayla Hooper,Consumer,West,Utah,2022-11-16,2022-11-18
ORD-103977,Bush Coat Rack,Furniture,Furnishings,472.24,3,0.0,96.8,13.9,Rebecca Taylor,Consumer,East,New York,2023-11-25,2023-11-28
ORD-103978,Belkin USB Hub,Technology,Accessories,403.4,1,0.1,83.89,29.21,Ryan Koch,Consumer,East,New Jersey,2022-04-02,2022-04-06
ORD-103979,Rubbermaid Tote,Office Supplies,Storage,92.92,10,0.3,-3.63,13.64,Daniel Long,Consumer,East,New York,2023-06-05,2023-06-08
ORD-103980,Eldon Shelf,Furniture,Furnishings,234.34,2,0.3,-13.63,8.22,Jose Hogan,Consumer,South,Alabama,2021-08-28,2021-09-01
ORD-103981,Nokia 5310,Technology,Phones,285.18,7,0.4,-29.44,14.55,Patricia Welch,Corporate,West,Colorado,2022-07-09,2022-07-10
ORD-103982,Bestar Folding Table,Furniture,Tables,242.9,1,0.0,18.7,26.82,Dennis Mason,Corporate,West,Utah,2023-04-24,2023-04-25
ORD-103983,Jiffy Mailer,Office Supplies,Envelopes,122.97,6,0.3,-4.8,6.77,Jeffery Rogers,Corporate,East,Connecticut,2023-10-08,2023-10-11
ORD-103984,Anker Charger,Technology,Accessories,345.23,1,0.0,81.7,36.26,Rhonda Carter,Corporate,East,Maryland,2021-04-20,2021-04-24
ORD-103985,Advantus Binder Clips,Office Supplies,Fasteners,141.12,5,0.0,35.6,7.6,Sandra Dean,Consumer,Central,Missouri,2023-01-30,2023-02-04
ORD-103986,Staples Copy Paper,Office Supplies,Paper,69.05,2,0.2,2.38,28.68,Rhonda Carter,Corporate,South,Florida,2021-04-09,2021-04-12
ORD-103987,Global Leather Chair,Furniture,Chairs,319.59,8,0.0,37.09,31.9,Alison Taylor,Home Office,West,Utah,2022-03-08,2022-03-11
ORD-103988,Deflect-o Stackable,Office Supplies,Storage,58.39,5,0.0,14.96,17.5,Rebecca Walker,Consumer,Central,Ohio,2021-07-11,2021-07-18
ORD-103989,Ricoh Aficio,Technology,Copiers,423.68,9,0.0,39.92,26.57,Mark Chapman,Corporate,West,Washington,2022-02-12,2022-02-16
ORD-103990,Xerox Multi-Use Paper,Office Supplies,Paper,60.27,8,0.3,-2.72,28.03,Mary Lambert,Consumer,South,Tennessee,2021-03-15,2021-03-21
ORD-103991,Kraft Envelopes,Office Supplies,Envelopes,87.67,5,0.0,27.57,29.97,Alex Walker,Consumer,Central,Texas,2023-08-25,2023-08-31
ORD-103992,Google Pixel 7,Technology,Phones,448.11,4,0.1,25.97,14.37,Andrew Medina,Home Office,East,Virginia,2023-10-14,2023-10-15
ORD-103993,Logitech Keyboard,Technology,Accessories,445.3,7,0.0,72.31,30.41,Curtis Fields,Consumer,West,Utah,2021-01-05,2021-01-07
ORD-103994,Sauder Bookcase,Furniture,Bookcases,348.97,8,0.4,-66.64,17.02,Kayla Hooper,Consumer,South,Tennessee,2021-02-20,2021-02-24
ORD-103995,HP Wireless Mouse,Technology,Accessories,603.48,2,0.1,59.62,32.53,Ebony Adams,Corporate,Central,Wisconsin,2022-06-29,2022-07-04
ORD-103996,Acco Staple Remover,Office Supplies,Supplies,142.45,1,0.0,37.81,16.15,Leslie Lynch,Consumer,South,Florida,2021-09-14,2021-09-18
ORD-103997,Rubbermaid Cabinet,Furniture,Furnishings,225.11,9,0.1,29.38,17.84,Jeffrey Golden,Consumer,Central,Minnesota,2022-01-04,2022-01-08
ORD-103998,Avery File Folder Labels,Office Supplies,Labels,100.46,9,0.0,17.91,11.31,Dr. Darren Mcneil,Consumer,South,North Carolina,2023-11-05,2023-11-10
ORD-103999,IKEA KALLAX,Furniture,Bookcases,508.35,8,0.4,-59.03,23.37,Erika Marshall,Corporate,Central,Texas,2022-08-26,2022-08-30
ORD-104000,Tyvek Mailer,Office Supplies,Envelopes,88.94,10,0.0,17.33,15.37,Sherri Holmes,Corporate,Central,Texas,2021-03-17,2021-03-21
ORD-104001,Staples Standard Staples,Office Supplies,Fasteners,84.48,8,0.1,14.85,26.19,Gabriel Marshall,Consumer,East,New York,2022-03-19,2022-03-21
ORD-104002,Motorola Edge,Technology,Phones,614.46,2,0.3,-19.34,26.8,Deanna Johnson,Home Office,East,Virginia,2021-11-18,2021-11-23
ORD-104003,Sterilite Storage Box,Office Supplies,Storage,93.26,6,0.1,20.04,21.65,Lucas Hernandez,Consumer,East,New York,2023-04-06,2023-04-10
ORD-104004,BIC Cristal Pens,Office Supplies,Art,79.99,4,0.1,15.32,13.5,Sharon Hansen,Corporate,South,North Carolina,2023-10-26,2023-10-30
ORD-104005,IKEA KALLAX,Furniture,Bookcases,275.43,9,0.0,33.48,22.74,Bridget Kirby,Consumer,East,Maryland,2021-03-27,2021-03-31
ORD-104006,Bush Coat Rack,Furniture,Furnishings,296.37,5,0.2,-18.61,19.49,Jonathan White,Consumer,East,Connecticut,2022-02-11,2022-02-15
ORD-104007,Staples Standard Envelopes,Office Supplies,Envelopes,77.92,2,0.0,22.38,29.82,Erika Marshall,Corporate,West,Colorado,2021-03-31,2021-04-02
ORD-104008,Ergon Chair,Furniture,Chairs,222.05,8,0.1,-3.78,32.92,Jennifer Cardenas,Consumer,East,Virginia,2021-02-15,2021-02-18
ORD-104009,Bestar Folding Table,Furniture,Tables,564.52,10,0.1,38.89,30.57,Ryan Koch,Consumer,Central,Missouri,2021-06-05,2021-06-08
ORD-104010,Avery File Folder Labels,Office Supplies,Labels,13.68,8,0.3,-0.66,22.4,Ashley Johnston,Corporate,South,Alabama,2022-05-31,2022-06-03
ORD-104011,Brother Fax Machine,Technology,Machines,120.08,1,0.2,-3.31,27.07,Carmen Fowler,Home Office,West,California,2021-10-24,2021-10-29
ORD-104012,IKEA KALLAX,Furniture,Bookcases,86.62,6,0.1,1.14,29.24,Nathan Jennings,Corporate,East,New York,2023-06-27,2023-07-01
ORD-104013,Deflect-o Stackable,Office Supplies,Storage,53.46,5,0.0,11.92,10.91,Aaron Little,Home Office,West,Washington,2023-02-25,2023-03-01
ORD-104014,Humanscale Chair,Furniture,Chairs,114.99,7,0.2,-6.42,22.61,Holly Smith,Corporate,West,Washington,2022-07-30,2022-08-01
ORD-104015,BIC Cristal Pens,Office Supplies,Art,76.72,2,0.1,16.5,8.91,Jessica Dodson,Consumer,West,Nevada,2023-11-08,2023-11-13
ORD-104016,Acco Staple Remover,Office Supplies,Supplies,135.16,7,0.0,35.04,19.0,Travis Santiago,Consumer,East,Virginia,2023-07-10,2023-07-14
ORD-104017,Sauder Bookcase,Furniture,Bookcases,270.81,6,0.1,32.3,22.21,Karen Dawson,Home Office,East,New York,2022-06-07,2022-06-12
ORD-104018,Rubbermaid Tote,Office Supplies,Storage,40.3,8,0.1,2.81,14.13,Melissa Thompson,Consumer,South,Alabama,2022-02-19,2022-02-25
ORD-104019,Xerox WorkCentre,Technology,Copiers,396.59,8,0.0,116.08,34.64,Dana Williams,Consumer,Central,Ohio,2022-06-18,2022-06-19
ORD-104020,Fellowes Storage Case,Office Supplies,Storage,83.53,7,0.1,10.93,15.16,Erika Marshall,Consumer,South,North Carolina,2021-09-19,2021-09-23
ORD-104021,Canon Printer,Technology,Machines,179.29,10,0.0,40.75,18.71,Rebecca Taylor,Consumer,West,Utah,2023-07-20,2023-07-23
ORD-104022,Bush Furniture Bookcase,Furniture,Bookcases,424.38,5,0.1,25.23,20.44,Deborah Allen,Consumer,West,Colorado,2023-01-04,2023-01-07
ORD-104023,Lorell Glass Table,Furniture,Tables,234.49,7,0.3,-41.11,31.28,Sherri Holmes,Home Office,East,New York,2022-06-17,2022-06-20
ORD-104024,HP Wireless Mouse,Technology,Accessories,203.1,8,0.0,37.41,30.71,Patrick Brown,Consumer,Central,Wisconsin,2021-12-03,2021-12-08
ORD-104025,Staples Standard Staples,Office Supplies,Fasteners,55.43,4,0.1,4.5,12.5,Matthew White,Home Office,East,Pennsylvania,2023-11-27,2023-11-30
ORD-104026,HP LaserJet,Technology,Machines,342.21,9,0.0,53.23,29.39,Daniel Mccoy,Corporate,East,New Jersey,2021-12-28,2022-01-02
ORD-104027,Safco Round Table,Furniture,Tables,245.44,8,0.0,30.27,17.38,Abigail Berger,Consumer,West,Nevada,2021-04-06,2021-04-10
ORD-104028,Wilson Jones Binder,Office Supplies,Binders,92.53,3,0.0,19.02,18.05,Kayla Nichols,Home Office,South,Florida,2023-07-24,2023-07-26
ORD-104029,Avery Shipping Labels,Office Supplies,Labels,95.86,4,0.4,-14.34,20.28,Lori Levine,Consumer,South,Georgia,2023-02-14,2023-02-20
ORD-104030,Humanscale Chair,Furniture,Chairs,322.63,10,0.2,-16.93,23.57,Jared Clark,Corporate,West,Oregon,2021-08-29,2021-09-01
ORD-104031,Sanford Markers,Office Supplies,Art,41.9,3,0.0,11.3,17.18,Kimberly Ryan,Consumer,West,Washington,2023-06-03,2023-06-06
ORD-104032,Memorex Tape,Office Supplies,Supplies,61.79,9,0.2,3.99,13.94,Leslie Lynch,Consumer,South,Mississippi,2023-05-18,2023-05-21
ORD-104033,Bestar Folding Table,Furniture,Tables,449.73,1,0.3,-42.15,17.1,Adam Johnson,Corporate,Central,Texas,2021-10-16,2021-10-19
ORD-104034,IKEA KALLAX,Furniture,Bookcases,314.12,2,0.5,-99.93,18.62,Patricia Welch,Home Office,Central,Texas,2021-05-24,2021-05-27
ORD-104035,Logitech Keyboard,Technology,Accessories,561.6,8,0.0,120.03,30.53,Nathaniel Wade,Corporate,East,Virginia,2022-10-07,2022-10-11
ORD-104036,Konica Minolta,Technology,Copiers,311.06,4,0.0,43.63,32.11,Thomas Gutierrez,Corporate,South,Louisiana,2021-01-04,2021-01-07
ORD-104037,Hon 10500 Table,Furniture,Tables,61.32,4,0.5,-17.92,10.84,Kimberly Kelley,Consumer,Central,Texas,2022-09-02,2022-09-05
ORD-104038,Samsung Galaxy S22,Technology,Phones,396.77,6,0.3,-1.27,27.02,Alison Taylor,Corporate,Central,Ohio,2021-12-25,2021-12-30
ORD-104039,Mead Envelopes,Office Supplies,Envelopes,101.49,8,0.0,29.1,16.6,Patrick Hardin,Consumer,South,Tennessee,2022-08-22,2022-08-26
ORD-104040,Apple iPhone 14,Technology,Phones,298.42,5,0.0,70.7,30.69,Laurie Smith,Home Office,Central,Missouri,2021-09-15,2021-09-18
ORD-104041,Maco Labels,Office Supplies,Labels,73.07,5,0.2,7.23,28.7,James Smith,Consumer,South,Georgia,2022-01-31,2022-02-05
ORD-104042,Canon imageRUNNER,Technology,Copiers,176.6,4,0.1,19.74,23.64,Edward Murphy,Consumer,West,Utah,2023-11-06,2023-11-11
ORD-104043,Staples Standard Staples,Office Supplies,Fasteners,26.49,2,0.0,5.47,25.93,Keith Lewis,Corporate,Central,Texas,2023-02-12,2023-02-17
ORD-104044,Kraft Envelopes,Office Supplies,Envelopes,104.09,3,0.0,20.19,20.72,Jerry Curtis,Corporate,South,Alabama,2022-06-30,2022-07-03
ORD-104045,Apple iPhone 14,Technology,Phones,241.93,10,0.2,15.07,13.02,Daniel Long,Consumer,West,California,2022-03-01,2022-03-05
ORD-104046,Mead Envelopes,Office Supplies,Envelopes,86.69,2,0.1,10.01,31.4,Lucas Hernandez,Consumer,Central,Ohio,2021-03-25,2021-03-27
ORD-104047,Xerox Multi-Use Paper,Office Supplies,Paper,91.34,1,0.3,10.21,13.65,Antonio Yates,Corporate,East,New Jersey,2021-05-05,2021-05-09
ORD-104048,Global Leather Chair,Furniture,Chairs,448.42,4,0.4,-72.59,23.21,Robert Franklin,Home Office,East,Virginia,2022-07-08,2022-07-13
ORD-104049,Apple iPhone 14,Technology,Phones,479.69,10,0.2,13.59,30.3,Cindy Parker,Consumer,East,New Jersey,2023-01-03,2023-01-06
ORD-104050,AT-A-GLANCE Planner,Office Supplies,Supplies,13.33,10,0.3,-0.72,9.61,Jennifer Wilson,Consumer,East,Connecticut,2021-09-24,2021-09-28
ORD-104051,Mead Envelopes,Office Supplies,Envelopes,74.62,10,0.0,9.42,21.62,David Marshall,Home Office,West,California,2022-08-23,2022-08-25
ORD-104052,Hon 4070 Chair,Furniture,Chairs,171.11,2,0.0,0.16,32.94,James Reed,Corporate,South,Mississippi,2023-03-26,2023-03-27
ORD-104053,Rubbermaid Cabinet,Furniture,Furnishings,305.4,5,0.4,-54.69,22.42,Stephanie Stevenson,Consumer,West,Arizona,2022-03-20,2022-03-27
ORD-104054,Sterilite Storage Box,Office Supplies,Storage,125.42,1,0.0,30.19,10.34,Nathan Bradshaw,Consumer,East,New Jersey,2021-09-16,2021-09-18
ORD-104055,Stanley Staple Gun,Office Supplies,Fasteners,59.17,1,0.0,7.3,11.64,Tina Williams,Corporate,East,Virginia,2022-12-06,2022-12-12
ORD-104056,Avery Flexi-View,Office Supplies,Binders,33.78,6,0.4,-5.52,20.92,John Burgess,Corporate,West,Washington,2022-11-08,2022-11-11
ORD-104057,Advantus Binder Clips,Office Supplies,Fasteners,61.56,4,0.1,8.13,21.15,Donald Morales,Corporate,East,Maryland,2023-07-12,2023-07-17
ORD-104058,Avery Flexi-View,Office Supplies,Binders,57.55,10,0.3,-0.18,30.72,Andrew Medina,Consumer,South,Tennessee,2022-04-26,2022-04-30
ORD-104059,Prepac Bookcase,Furniture,Bookcases,282.13,5,0.2,-16.78,13.75,Ronald Ramsey,Home Office,South,Alabama,2021-11-14,2021-11-16
ORD-104060,Anker Charger,Technology,Accessories,592.44,10,0.2,-23.11,40.78,Alyssa Cook,Corporate,Central,Michigan,2022-06-18,2022-06-20
ORD-104061,Konica Minolta,Technology,Copiers,476.99,6,0.5,-105.27,33.87,Mark Chapman,Consumer,West,Utah,2021-04-03,2021-04-05
ORD-104062,Staples Standard Envelopes,Office Supplies,Envelopes,79.33,9,0.0,20.96,9.69,Tommy Patterson,Consumer,East,Massachusetts,2023-04-19,2023-04-23
ORD-104063,Steelcase Leap,Furniture,Chairs,415.48,9,0.0,21.89,30.49,Carol Wilson,Consumer,East,New Jersey,2021-02-15,2021-02-19
ORD-104064,Hammermill Copy Paper,Office Supplies,Paper,84.17,2,0.2,6.23,25.5,Ashley Johnston,Home Office,Central,Minnesota,2023-03-03,2023-03-05
ORD-104065,Avery Heavy Duty Binder,Office Supplies,Binders,81.26,6,0.4,-5.75,23.52,Jennifer Moyer,Consumer,Central,Wisconsin,2021-10-04,2021-10-08
ORD-104066,Sterilite Storage Box,Office Supplies,Storage,99.0,10,0.1,22.93,6.63,Karen Dawson,Consumer,Central,Ohio,2023-02-28,2023-03-02
ORD-104067,Wilson Jones Binder,Office Supplies,Binders,41.03,7,0.0,8.78,6.42,Carrie Owens,Consumer,West,Arizona,2021-04-30,2021-05-04
ORD-104068,Canon Printer,Technology,Machines,264.64,7,0.3,-7.88,11.85,Jeremy Thomas,Consumer,South,Louisiana,2022-09-23,2022-09-27
ORD-104069,Prepac Bookcase,Furniture,Bookcases,115.94,1,0.0,13.6,9.77,William Smith,Home Office,East,Maryland,2023-03-06,2023-03-11
ORD-104070,Avery Flexi-View,Office Supplies,Binders,69.84,6,0.2,1.63,14.93,Douglas Rodriguez,Home Office,South,Alabama,2022-03-01,2022-03-04
ORD-104071,Jabra Headset,Technology,Accessories,178.56,5,0.0,27.99,11.16,Gregory Simmons,Consumer,Central,Illinois,2023-08-10,2023-08-16
ORD-104072,Steelcase Leap,Furniture,Chairs,440.14,1,0.0,43.46,28.37,Cory Pitts,Corporate,West,Arizona,2023-11-01,2023-11-02
ORD-104073,Staples Standard Staples,Office Supplies,Fasteners,110.09,3,0.0,33.38,17.23,Jared Clark,Corporate,East,Massachusetts,2021-01-16,2021-01-20
ORD-104074,Acco Staple Remover,Office Supplies,Supplies,98.44,1,0.3,-4.72,15.03,William Ball,Home Office,South,North Carolina,2022-01-02,2022-01-04
ORD-104075,AT-A-GLANCE Planner,Office Supplies,Supplies,104.95,9,0.0,20.23,14.75,Jeffrey Golden,Consumer,East,New Jersey,2021-06-12,2021-06-18
ORD-104076,Safco Round Table,Furniture,Tables,249.47,3,0.1,-13.97,11.81,James Patel,Consumer,West,Washington,2023-01-24,2023-01-26
ORD-104077,Staedtler Pens,Office Supplies,Art,119.64,10,0.0,24.01,30.48,Karen Dawson,Consumer,East,Maryland,2023-12-11,2023-12-14
ORD-104078,3M Post-it Flags,Office Supplies,Labels,95.83,8,0.1,8.45,7.92,Ronald Ingram,Consumer,West,California,2021-12-19,2021-12-22
ORD-104079,Advantus Ring Binder,Furniture,Furnishings,362.31,3,0.0,22.43,12.01,William Smith,Consumer,Central,Texas,2022-05-16,2022-05-18
ORD-104080,Motorola Edge,Technology,Phones,387.33,2,0.0,86.72,23.3,Cory Gibson,Home Office,South,North Carolina,2021-02-02,2021-02-03
ORD-104081,HP Office Paper,Office Supplies,Paper,115.3,3,0.4,-11.66,31.38,Joseph Rodriguez,Home Office,Central,Wisconsin,2023-09-07,2023-09-11
ORD-104082,Motorola Edge,Technology,Phones,127.1,10,0.1,31.73,31.63,Colton Lee,Corporate,South,Tennessee,2021-02-18,2021-02-24
ORD-104083,Rubbermaid Cabinet,Furniture,Furnishings,519.5,8,0.2,-12.4,34.62,John Davis,Consumer,East,New York,2023-07-11,2023-07-15
ORD-104084,Rubbermaid Tote,Office Supplies,Storage,65.9,1,0.1,8.85,28.91,Andrew Medina,Consumer,West,Arizona,2023-02-18,2023-02-21
ORD-104085,Brother Fax Machine,Technology,Machines,323.05,8,0.3,1.03,35.73,Edward Clark,Consumer,West,California,2022-08-02,2022-08-05
ORD-104086,Mead Envelopes,Office Supplies,Envelopes,98.4,4,0.3,-5.83,7.28,Joseph Rodriguez,Corporate,West,Washington,2022-08-01,2022-08-03
ORD-104087,Google Pixel 7,Technology,Phones,334.68,5,0.2,25.46,34.3,Christian Walker,Home Office,South,Louisiana,2022-09-16,2022-09-19
ORD-104088,Apple iPhone 14,Technology,Phones,666.02,6,0.1,117.5,40.69,Brittany Joyce,Corporate,Central,Illinois,2023-04-27,2023-05-01
ORD-104089,Jabra Headset,Technology,Accessories,531.13,7,0.0,88.89,24.49,Philip Cole,Corporate,East,New Jersey,2021-09-20,2021-09-23
ORD-104090,Acco Binder Clips,Office Supplies,Fasteners,33.73,4,0.1,5.22,25.61,Kyle Washington,Consumer,Central,Wisconsin,2021-09-24,2021-09-27
ORD-104091,Ergon Chair,Furniture,Chairs,309.78,2,0.0,33.15,35.52,Taylor Johnson,Corporate,East,New Jersey,2023-08-04,2023-08-08
ORD-104092,Advantus Binder Clips,Office Supplies,Fasteners,91.72,9,0.2,-0.58,9.42,Travis Santiago,Corporate,East,Pennsylvania,2023-10-17,2023-10-21
ORD-104093,Hon 10500 Table,Furniture,Tables,376.89,5,0.1,19.45,21.26,Theresa Brown,Home Office,South,Tennessee,2022-09-21,2022-09-27
ORD-104094,Humanscale Chair,Furniture,Chairs,391.88,8,0.2,-4.97,18.83,Eric Hood,Consumer,East,Connecticut,2023-07-29,2023-07-31
ORD-104095,Bush Coat Rack,Furniture,Furnishings,382.49,4,0.2,-30.79,17.19,Dennis Schaefer,Corporate,Central,Ohio,2023-07-02,2023-07-05
ORD-104096,Wilson Jones Binder,Office Supplies,Binders,87.73,2,0.3,-1.35,26.12,Patrick Dixon,Consumer,South,Tennessee,2021-07-29,2021-08-02
ORD-104097,Jiffy Mailer,Office Supplies,Envelopes,93.45,8,0.2,10.27,24.29,Antonio Yates,Consumer,South,Alabama,2022-07-22,2022-07-26
ORD-104098,Acco Binder Clips,Office Supplies,Fasteners,110.6,2,0.1,26.97,8.02,Lori Levine,Consumer,Central,Texas,2023-09-03,2023-09-08
ORD-104099,Prepac Bookcase,Furniture,Bookcases,574.78,9,0.0,59.77,26.59,Bridget Kirby,Corporate,West,California,2022-06-21,2022-06-23
ORD-104100,Bush Furniture Bookcase,Furniture,Bookcases,170.4,8,0.0,27.58,20.77,Casey Liu,Home Office,Central,Missouri,2021-09-18,2021-09-21
ORD-104101,Fellowes Storage Case,Office Supplies,Storage,72.71,4,0.1,7.27,8.62,Michael Smith,Home Office,West,Utah,2023-06-02,2023-06-05
ORD-104102,Logitech Keyboard,Technology,Accessories,346.25,10,0.1,26.89,22.28,Kimberly Byrd,Consumer,Central,Illinois,2021-10-04,2021-10-09
ORD-104103,Wilson Jones Binder,Office Supplies,Binders,109.59,8,0.5,-28.27,17.05,Robert Foster,Consumer,South,Tennessee,2023-02-10,2023-02-13
ORD-104104,Ikea BEKANT Desk,Furniture,Tables,180.67,3,0.0,21.17,26.39,Joshua Butler,Corporate,Central,Michigan,2023-02-05,2023-02-06
ORD-104105,Xerox WorkCentre,Technology,Copiers,509.67,6,0.0,108.09,23.91,Christopher Gibbs,Corporate,Central,Minnesota,2023-05-16,2023-05-20
ORD-104106,Hammermill Copy Paper,Office Supplies,Paper,64.81,8,0.1,5.9,5.22,Timothy Wiggins,Corporate,West,California,2022-06-26,2022-06-28
ORD-104107,Bestar Folding Table,Furniture,Tables,249.2,6,0.0,27.91,18.14,Matthew White,Consumer,East,Virginia,2021-04-30,2021-05-06
ORD-104108,Prepac Bookcase,Furniture,Bookcases,488.26,4,0.0,-1.16,17.57,Michael Smith,Consumer,South,North Carolina,2022-01-02,2022-01-07
ORD-104109,Brother Fax Machine,Technology,Machines,374.68,8,0.0,42.48,14.37,Janet King,Corporate,East,Virginia,2021-03-09,2021-03-12
ORD-104110,Mead Envelopes,Office Supplies,Envelopes,37.13,3,0.1,6.99,14.48,Andrew Salazar,Consumer,West,Colorado,2023-08-14,2023-08-17
ORD-104111,Bush Coat Rack,Furniture,Furnishings,375.35,1,0.0,45.97,12.23,Philip Cole,Home Office,South,Georgia,2021-06-18,2021-06-21
ORD-104112,Bestar Folding Table,Furniture,Tables,420.52,3,0.0,31.97,24.74,Gabriel Marshall,Home Office,West,Oregon,2022-02-28,2022-03-01
ORD-104113,Staples Copy Paper,Office Supplies,Paper,76.16,9,0.2,12.89,15.3,Joanna Ruiz,Consumer,West,Colorado,2021-04-01,2021-04-04
ORD-104114,Samsung Galaxy S22,Technology,Phones,370.55,6,0.2,21.03,13.92,Krystal Arias,Consumer,South,Florida,2022-05-28,2022-05-31
ORD-104115,Eldon Shelf,Furniture,Furnishings,310.77,7,0.0,2.36,19.62,Rebecca Rubio,Home Office,West,California,2022-05-23,2022-05-25
ORD-104116,Avery Heavy Duty Binder,Office Supplies,Binders,24.57,5,0.0,4.69,19.34,Krystal Arias,Home Office,West,Arizona,2021-03-13,2021-03-16
ORD-104117,Konica Minolta,Technology,Copiers,578.98,8,0.4,-58.24,15.47,Emily Copeland,Corporate,East,Pennsylvania,2021-04-02,2021-04-07
ORD-104118,Bestar Folding Table,Furniture,Tables,419.69,7,0.2,-45.89,32.23,Robert Franklin,Consumer,South,Mississippi,2021-01-22,2021-01-25
ORD-104119,Sauder Bookcase,Furniture,Bookcases,503.9,6,0.3,-94.86,32.84,Randy Terry,Corporate,East,Connecticut,2023-03-25,2023-03-26
ORD-104120,AT-A-GLANCE Planner,Office Supplies,Supplies,96.81,9,0.0,21.25,9.79,Travis Allen,Consumer,East,Virginia,2021-12-27,2022-01-01
ORD-104121,Google Pixel 7,Technology,Phones,382.18,10,0.0,94.37,20.04,Michele Moore,Corporate,Central,Texas,2021-12-17,2021-12-21
ORD-104122,Lorell Mirror,Furniture,Furnishings,225.39,3,0.0,7.33,14.48,William Robbins,Consumer,East,Massachusetts,2022-06-11,2022-06-13
ORD-104123,Maco Labels,Office Supplies,Labels,90.64,4,0.0,18.13,22.71,Suzanne West,Consumer,South,Florida,2023-01-16,2023-01-21
ORD-104124,Maco Labels,Office Supplies,Labels,198.08,6,0.3,2.74,22.52,Bianca Melton,Home Office,West,Nevada,2021-04-08,2021-04-12
ORD-104125,Ergon Chair,Furniture,Chairs,260.88,6,0.0,12.31,8.9,Cheryl Banks,Corporate,East,Massachusetts,2023-03-08,2023-03-11
ORD-104126,Sauder Bookcase,Furniture,Bookcases,84.37,5,0.1,-2.64,4.84,Angel Dickerson,Consumer,West,Colorado,2022-01-17,2022-01-22
ORD-104127,Jabra Headset,Technology,Accessories,428.39,4,0.3,4.87,19.36,Bianca Melton,Consumer,East,New Jersey,2021-11-15,2021-11-19
ORD-104128,Bestar Folding Table,Furniture,Tables,444.6,10,0.0,49.55,16.15,Joanna Ruiz,Corporate,South,Louisiana,2021-12-28,2021-12-31
ORD-104129,Belkin USB Hub,Technology,Accessories,358.29,4,0.0,69.31,18.52,Rebecca Taylor,Corporate,South,Louisiana,2023-05-04,2023-05-08
ORD-104130,Ibico MB,Office Supplies,Binders,73.4,2,0.2,10.71,5.16,Cheryl Banks,Corporate,Central,Minnesota,2023-08-24,2023-08-26
ORD-104131,Motorola Edge,Technology,Phones,379.73,3,0.1,36.33,37.47,Yvonne Wilson,Consumer,East,Connecticut,2023-11-03,2023-11-08
ORD-104132,Ricoh Aficio,Technology,Copiers,55.47,3,0.2,0.57,23.3,Carrie Sanchez,Consumer,Central,Texas,2022-09-11,2022-09-14
ORD-104133,Wilson Jones Binder,Office Supplies,Binders,116.77,2,0.0,19.46,28.69,Jasmine Anderson,Consumer,Central,Texas,2023-09-19,2023-09-21
ORD-104134,Ricoh Aficio,Technology,Copiers,289.88,6,0.3,-5.9,35.49,Nicole Gomez,Consumer,Central,Illinois,2022-01-20,2022-01-25
ORD-104135,Safco Round Table,Furniture,Tables,132.8,7,0.1,9.68,25.14,Kyle Washington,Consumer,Central,Illinois,2021-05-21,2021-05-24
ORD-104136,Lorell Glass Table,Furniture,Tables,246.14,2,0.5,-78.62,10.45,Vincent Mcdonald,Corporate,South,Tennessee,2022-11-30,2022-12-05
ORD-104137,Staples Copy Paper,Office Supplies,Paper,54.04,10,0.2,4.26,18.59,Brittany Joyce,Corporate,West,Washington,2021-06-25,2021-06-28
ORD-104138,Humanscale Chair,Furniture,Chairs,605.18,6,0.5,-157.91,36.37,Gary Anderson,Corporate,West,Nevada,2023-03-30,2023-04-02
ORD-104139,Fellowes Storage Case,Office Supplies,Storage,62.34,2,0.4,-2.69,20.36,Kyle Washington,Corporate,Central,Minnesota,2023-02-14,2023-02-17
ORD-104140,Bestar Folding Table,Furniture,Tables,272.0,10,0.2,2.37,29.85,Melanie Hall,Consumer,West,Nevada,2023-04-25,2023-04-29
ORD-104141,Maco Labels,Office Supplies,Labels,115.81,3,0.0,8.44,8.11,Michele Hess,Consumer,East,Maryland,2022-12-13,2022-12-17
ORD-104142,Konica Minolta,Technology,Copiers,249.35,3,0.0,56.66,10.65,Christopher Gibbs,Consumer,South,Mississippi,2023-05-07,2023-05-09
ORD-104143,Nokia 5310,Technology,Phones,434.27,10,0.0,55.94,17.96,Deborah Warren,Home Office,South,Georgia,2022-01-16,2022-01-20
ORD-104144,Hon 4070 Chair,Furniture,Chairs,233.97,4,0.2,-36.34,16.51,Jessica Scott,Home Office,West,Arizona,2023-06-28,2023-07-01
ORD-104145,Xerox WorkCentre,Technology,Copiers,395.86,2,0.5,-43.33,19.5,Kimberly Garrett,Consumer,East,New Jersey,2023-11-03,2023-11-07
ORD-104146,Staples Standard Staples,Office Supplies,Fasteners,115.76,10,0.2,19.62,22.4,Mark Hansen,Consumer,East,Maryland,2023-05-24,2023-05-28
ORD-104147,Safco Round Table,Furniture,Tables,415.89,5,0.3,-36.86,17.02,Jason Pineda,Corporate,Central,Michigan,2021-05-13,2021-05-18
ORD-104148,Canon Printer,Technology,Machines,725.85,3,0.2,28.21,21.49,Cory Pitts,Consumer,South,Mississippi,2023-11-03,2023-11-09
ORD-104149,Epson Scanner,Technology,Machines,380.04,6,0.1,57.63,28.81,Ashley Johnston,Home Office,East,Pennsylvania,2023-03-27,2023-04-02
ORD-104150,Ibico MB,Office Supplies,Binders,136.52,5,0.1,15.84,11.01,Donald Morales,Corporate,East,Massachusetts,2023-05-06,2023-05-10
ORD-104151,Kraft Envelopes,Office Supplies,Envelopes,66.91,2,0.3,-0.87,15.52,Donna Jones,Home Office,West,Washington,2022-09-12,2022-09-15
ORD-104152,Google Pixel 7,Technology,Phones,543.04,8,0.2,32.53,26.93,Joseph Lopez,Consumer,East,New Jersey,2022-08-19,2022-08-24
ORD-104153,Ricoh Aficio,Technology,Copiers,182.13,4,0.3,6.48,11.34,Jose Jones,Consumer,South,Florida,2022-05-01,2022-05-04
ORD-104154,Advantus Binder Clips,Office Supplies,Fasteners,69.48,10,0.1,8.81,31.01,Keith Lewis,Corporate,South,Alabama,2023-07-18,2023-07-23
ORD-104155,Lorell Glass Table,Furniture,Tables,201.68,7,0.4,-17.16,21.94,James Reed,Corporate,West,California,2021-04-18,2021-04-21
ORD-104156,Fellowes Storage Case,Office Supplies,Storage,97.75,10,0.3,-6.11,22.19,Thomas Gutierrez,Consumer,South,North Carolina,2023-07-16,2023-07-19
ORD-104157,Epson Scanner,Technology,Machines,548.23,7,0.0,119.76,33.03,Leslie Powell,Consumer,East,New Jersey,2022-12-07,2022-12-10
ORD-104158,Acco Staple Remover,Office Supplies,Supplies,83.99,8,0.1,15.29,20.58,Karen Charles,Consumer,South,Tennessee,2022-07-11,2022-07-12
ORD-104159,Anker Charger,Technology,Accessories,277.95,7,0.2,-1.29,10.08,Stephanie Stevenson,Consumer,East,Connecticut,2021-04-28,2021-05-02
ORD-104160,Bestar Folding Table,Furniture,Tables,68.77,8,0.1,-3.18,28.51,Lucas Hernandez,Consumer,East,Pennsylvania,2023-11-10,2023-11-13
ORD-104161,Prepac Bookcase,Furniture,Bookcases,526.92,7,0.0,95.94,23.31,Matthew White,Corporate,East,Virginia,2022-09-25,2022-09-28
ORD-104162,Dixon Ticonderoga Pencils,Office Supplies,Art,92.11,4,0.1,20.55,15.83,Michael Smith,Corporate,Central,Wisconsin,2023-03-14,2023-03-18
ORD-104163,Hon 4070 Chair,Furniture,Chairs,290.79,6,0.3,-44.25,34.88,Holly Smith,Consumer,South,Mississippi,2023-05-13,2023-05-16
ORD-104164,Lorell Glass Table,Furniture,Tables,316.78,10,0.1,4.36,18.43,David Johnson,Home Office,Central,Ohio,2022-12-03,2022-12-07
ORD-104165,Ikea BEKANT Desk,Furniture,Tables,284.18,6,0.2,-0.8,16.15,Cindy Parker,Consumer,South,Louisiana,2021-09-21,2021-09-25
ORD-104166,Staples Standard Staples,Office Supplies,Fasteners,94.8,5,0.0,24.23,6.82,Brittany Joyce,Home Office,East,New Jersey,2023-07-04,2023-07-08
ORD-104167,Navigator Paper,Office Supplies,Paper,123.0,5,0.4,-9.91,20.32,Robert Allen,Home Office,South,Tennessee,2022-06-01,2022-06-04
ORD-104168,Motorola Edge,Technology,Phones,254.76,8,0.5,-73.28,29.43,William Robbins,Corporate,West,Colorado,2023-01-09,2023-01-12
ORD-104169,Deflect-o Stackable,Office Supplies,Storage,94.76,10,0.3,-2.71,18.08,William West,Home Office,West,California,2022-02-16,2022-02-19
ORD-104170,Google Pixel 7,Technology,Phones,423.98,10,0.3,-25.78,12.1,Amanda Garcia,Home Office,Central,Missouri,2021-06-07,2021-06-11
ORD-104171,OIC Binder Clips,Office Supplies,Fasteners,172.67,2,0.2,-1.12,8.14,Christopher Gibbs,Corporate,East,New Jersey,2021-12-14,2021-12-19
ORD-104172,Ikea BEKANT Desk,Furniture,Tables,71.21,10,0.0,8.3,9.27,Susan Lawson,Consumer,West,Utah,2021-04-13,2021-04-17
ORD-104173,Wilson Jones Binder,Office Supplies,Binders,77.95,3,0.2,5.91,6.04,Joshua Bush,Home Office,South,North Carolina,2022-12-30,2022-12-31
ORD-104174,Hon 10500 Table,Furniture,Tables,380.07,10,0.5,-89.62,23.95,Kelsey Martin,Corporate,West,Colorado,2022-12-13,2022-12-20
ORD-104175,Sharp MX,Technology,Copiers,168.84,4,0.0,25.69,28.61,Christina Smith,Consumer,Central,Ohio,2023-09-11,2023-09-15
ORD-104176,OIC Binder Clips,Office Supplies,Fasteners,103.72,4,0.2,10.22,20.23,Ronald Ramsey,Corporate,Central,Illinois,2022-05-19,2022-05-24
ORD-104177,Logitech Keyboard,Technology,Accessories,760.95,5,0.2,51.58,38.18,Randy Terry,Corporate,East,Massachusetts,2021-04-19,2021-04-23
ORD-104178,3M Post-it Flags,Office Supplies,Labels,88.18,4,0.0,15.47,23.32,Joshua Butler,Corporate,East,Massachusetts,2021-03-26,2021-03-29
ORD-104179,Staples Copy Paper,Office Supplies,Paper,71.94,2,0.2,2.18,18.78,Daniel Long,Corporate,East,Connecticut,2022-04-24,2022-04-30
ORD-104180,Rubbermaid Tote,Office Supplies,Storage,110.97,8,0.5,-18.55,23.2,Timothy Wiggins,Consumer,West,Washington,2021-07-08,2021-07-13
ORD-104181,Navigator Paper,Office Supplies,Paper,47.64,9,0.1,5.63,27.91,Phillip Lewis,Home Office,East,Pennsylvania,2021-08-21,2021-08-25
ORD-104182,BIC Cristal Pens,Office Supplies,Art,118.08,6,0.1,18.61,12.66,Samantha Hendrix,Home Office,South,Alabama,2023-09-10,2023-09-16
ORD-104183,3M Post-it Flags,Office Supplies,Labels,108.2,9,0.0,25.88,21.14,Cory Gibson,Consumer,Central,Missouri,2021-05-11,2021-05-17
ORD-104184,Dixon Ticonderoga Pencils,Office Supplies,Art,142.05,2,0.1,21.56,15.16,Joseph Lopez,Consumer,Central,Minnesota,2023-03-15,2023-03-17
ORD-104185,Nokia 5310,Technology,Phones,348.24,8,0.0,46.74,34.13,Dustin Patterson,Consumer,East,Maryland,2021-06-04,2021-06-07
ORD-104186,Apple iPhone 14,Technology,Phones,449.94,4,0.0,26.08,26.03,Joseph Lopez,Corporate,South,Mississippi,2022-05-10,2022-05-14
ORD-104187,3M Post-it Flags,Office Supplies,Labels,84.1,10,0.0,17.64,18.75,James Smith,Consumer,East,Virginia,2023-06-30,2023-07-03
ORD-104188,IKEA KALLAX,Furniture,Bookcases,146.26,6,0.2,-15.56,14.1,Bianca Melton,Consumer,West,California,2021-12-17,2021-12-20
ORD-104189,Ikea BEKANT Desk,Furniture,Tables,407.16,9,0.3,-52.31,23.73,Nicole Jimenez,Consumer,South,North Carolina,2022-09-24,2022-09-28
ORD-104190,Konica Minolta,Technology,Copiers,426.29,6,0.3,-19.05,31.73,Christopher Vasquez,Corporate,Central,Minnesota,2022-01-22,2022-01-26
ORD-104191,Belkin USB Hub,Technology,Accessories,424.82,4,0.2,34.9,15.04,Mark Chapman,Consumer,East,Maryland,2023-12-21,2023-12-24
ORD-104192,Canon imageRUNNER,Technology,Copiers,429.75,6,0.4,-91.5,14.68,Brianna Warner,Home Office,Central,Missouri,2021-05-19,2021-05-21
ORD-104193,Google Pixel 7,Technology,Phones,670.82,4,0.2,25.84,37.93,Christopher Hernandez,Home Office,South,Mississippi,2023-06-03,2023-06-06
ORD-104194,Lorell Mirror,Furniture,Furnishings,239.29,5,0.1,-10.21,10.45,Eric Hood,Home Office,West,California,2021-11-21,2021-11-24
ORD-104195,Prepac Bookcase,Furniture,Bookcases,357.51,7,0.4,-80.75,20.89,David Marshall,Corporate,West,Colorado,2022-03-02,2022-03-05
ORD-104196,HP LaserJet,Technology,Machines,661.86,5,0.4,-104.11,18.26,Courtney Gardner,Home Office,East,Connecticut,2021-05-11,2021-05-15
ORD-104197,Quartet Calendar,Office Supplies,Supplies,63.2,3,0.0,16.73,15.53,Theresa Estrada,Consumer,West,Utah,2022-09-04,2022-09-07
ORD-104198,Rubbermaid Cabinet,Furniture,Furnishings,421.03,6,0.2,-21.71,24.55,Jason Pineda,Consumer,South,Tennessee,2022-08-22,2022-08-27
ORD-104199,Sauder Bookcase,Furniture,Bookcases,391.16,7,0.4,-86.79,34.16,Kyle Washington,Corporate,South,Tennessee,2021-01-10,2021-01-13
ORD-104200,Steelcase Leap,Furniture,Chairs,338.06,7,0.1,26.45,9.84,Rebecca Lewis,Home Office,West,Utah,2021-05-17,2021-05-19
ORD-104201,Bush Coat Rack,Furniture,Furnishings,385.04,1,0.3,-57.16,18.78,Lisa Graves,Home Office,Central,Illinois,2021-12-06,2021-12-09
ORD-104202,Canon imageRUNNER,Technology,Copiers,626.38,2,0.1,-11.43,36.13,Mary Fernandez,Consumer,West,Arizona,2023-03-25,2023-03-28
ORD-104203,Sanford Markers,Office Supplies,Art,155.67,3,0.3,-16.39,28.08,Jose Hogan,Consumer,West,Washington,2022-11-08,2022-11-09
ORD-104204,Acco Binder Clips,Office Supplies,Fasteners,69.93,7,0.0,15.24,30.22,Alex Walker,Consumer,South,Mississippi,2021-01-26,2021-01-28
ORD-104205,Ricoh Aficio,Technology,Copiers,386.56,3,0.2,27.18,36.32,Curtis Fields,Consumer,South,Louisiana,2021-07-16,2021-07-21
ORD-104206,Avery Shipping Labels,Office Supplies,Labels,56.15,6,0.1,8.59,21.96,April Howard,Home Office,Central,Texas,2022-07-19,2022-07-22
ORD-104207,Prepac Bookcase,Furniture,Bookcases,240.61,6,0.0,27.61,34.58,Colton Lee,Consumer,Central,Texas,2021-05-17,2021-05-20
ORD-104208,HP LaserJet,Technology,Machines,399.64,2,0.0,73.79,27.39,William Ball,Corporate,South,Georgia,2021-04-01,2021-04-03
ORD-104209,Avery Heavy Duty Binder,Office Supplies,Binders,72.4,10,0.3,-3.29,21.6,Taylor Howard,Consumer,Central,Wisconsin,2022-05-05,2022-05-08
ORD-104210,Sauder Bookcase,Furniture,Bookcases,344.47,6,0.3,-31.97,15.5,Travis Allen,Corporate,East,Virginia,2021-07-28,2021-08-01
ORD-104211,Sanford Markers,Office Supplies,Art,70.86,9,0.4,-10.16,26.39,Angel Dickerson,Consumer,East,Maryland,2022-08-19,2022-08-22
ORD-104212,Fellowes Storage Case,Office Supplies,Storage,109.63,9,0.1,15.17,13.95,Matthew White,Consumer,Central,Minnesota,2023-11-19,2023-11-21
ORD-104213,Sauder Bookcase,Furniture,Bookcases,409.66,8,0.3,-75.91,37.69,Donald Morales,Consumer,East,Connecticut,2021-03-13,2021-03-17
ORD-104214,Eldon Shelf,Furniture,Furnishings,96.47,10,0.0,7.08,10.63,Mary Meza,Home Office,South,Florida,2023-06-26,2023-07-01
ORD-104215,HP LaserJet,Technology,Machines,287.38,6,0.1,27.61,18.59,Meghan Martin,Home Office,West,Nevada,2023-01-18,2023-01-23
ORD-104216,Eldon Mobile,Office Supplies,Storage,69.62,6,0.0,17.9,22.56,Jose Hogan,Consumer,West,Washington,2021-11-24,2021-11-27
ORD-104217,Ergon Chair,Furniture,Chairs,275.42,1,0.0,29.61,14.59,Kayla Hooper,Consumer,West,Nevada,2022-05-31,2022-06-04
ORD-104218,Epson Scanner,Technology,Machines,435.22,4,0.2,12.95,27.93,Debra Andrade,Consumer,South,Alabama,2021-06-07,2021-06-11
ORD-104219,Rubbermaid Tote,Office Supplies,Storage,89.23,5,0.1,14.77,7.08,John Gomez,Consumer,West,Nevada,2022-02-03,2022-02-07
ORD-104220,Hon 4070 Chair,Furniture,Chairs,214.52,2,0.2,2.14,13.6,Todd Khan,Corporate,East,Maryland,2023-08-28,2023-09-02
ORD-104221,Dixon Ticonderoga Pencils,Office Supplies,Art,82.43,5,0.0,12.73,29.09,Rhonda Allen,Consumer,West,California,2023-08-28,2023-09-01
ORD-104222,Cardinal Binder,Office Supplies,Binders,96.02,4,0.0,17.04,18.69,Cheryl Banks,Consumer,South,Alabama,2021-01-26,2021-01-30
ORD-104223,Avery File Folder Labels,Office Supplies,Labels,111.29,3,0.0,36.78,6.69,Dr. Kevin Martin,Consumer,West,Colorado,2021-03-25,2021-03-30
ORD-104224,3M Post-it Flags,Office Supplies,Labels,64.83,2,0.1,10.15,11.19,Jason Harrison,Consumer,East,Connecticut,2022-08-01,2022-08-05
ORD-104225,HP Office Paper,Office Supplies,Paper,33.82,1,0.2,2.8,27.05,Angel Dickerson,Home Office,West,Colorado,2022-12-25,2022-12-28
ORD-104226,Canon Printer,Technology,Machines,268.29,4,0.3,-24.48,29.57,Jessica Scott,Corporate,South,Florida,2022-01-17,2022-01-21
ORD-104227,3M Post-it Flags,Office Supplies,Labels,54.76,6,0.2,5.29,16.87,William Smith,Home Office,East,Pennsylvania,2022-05-04,2022-05-07
ORD-104228,Avery Flexi-View,Office Supplies,Binders,122.23,9,0.0,27.03,16.47,Dennis Mason,Consumer,West,Washington,2021-12-16,2021-12-19
ORD-104229,Brother Fax Machine,Technology,Machines,271.69,5,0.1,48.76,10.63,David Marshall,Consumer,South,Alabama,2021-12-01,2021-12-06
ORD-104230,Google Pixel 7,Technology,Phones,289.93,3,0.0,20.85,21.14,James Reed,Corporate,West,California,2023-03-01,2023-03-07
ORD-104231,Staples Standard Envelopes,Office Supplies,Envelopes,104.67,2,0.3,-7.88,11.71,Christopher Thompson,Home Office,South,Georgia,2023-02-13,2023-02-16
ORD-104232,Cardinal Binder,Office Supplies,Binders,121.64,9,0.4,-14.48,31.86,Kenneth Lynch,Home Office,Central,Ohio,2022-11-13,2022-11-14
ORD-104233,Nokia 5310,Technology,Phones,506.59,6,0.0,126.69,37.74,Jonathan White,Home Office,Central,Minnesota,2022-10-31,2022-11-01
ORD-104234,IKEA KALLAX,Furniture,Bookcases,164.94,5,0.1,-1.37,27.54,Adam Johnson,Consumer,South,Mississippi,2022-07-24,2022-07-28
ORD-104235,Fiskars Scissors,Office Supplies,Supplies,87.58,5,0.3,4.98,13.54,William Harrington,Corporate,South,Georgia,2022-09-20,2022-09-27
ORD-104236,Realspace Bookcase,Furniture,Bookcases,230.99,6,0.0,16.23,11.25,Kimberly Byrd,Consumer,Central,Minnesota,2022-08-04,2022-08-07
ORD-104237,Rubbermaid Cabinet,Furniture,Furnishings,367.38,10,0.0,26.13,11.02,Suzanne West,Home Office,South,North Carolina,2023-11-14,2023-11-19
ORD-104238,Bush Furniture Bookcase,Furniture,Bookcases,328.3,4,0.3,-71.43,28.54,Amanda Garcia,Home Office,East,Pennsylvania,2022-05-03,2022-05-10
ORD-104239,Hon 10500 Table,Furniture,Tables,575.72,8,0.2,-73.34,41.48,Jennifer Montgomery,Home Office,South,Tennessee,2023-10-20,2023-10-23
ORD-104240,Samsung Galaxy S22,Technology,Phones,358.52,4,0.3,-22.09,28.46,William Harrington,Home Office,Central,Missouri,2022-05-30,2022-06-04
ORD-104241,Canon imageRUNNER,Technology,Copiers,716.03,3,0.0,81.45,25.35,Janet King,Home Office,West,Washington,2022-07-18,2022-07-23
ORD-104242,Eldon Shelf,Furniture,Furnishings,548.04,4,0.1,31.71,38.93,Kaitlin Young,Consumer,East,Virginia,2021-05-21,2021-05-25
ORD-104243,Brother Fax Machine,Technology,Machines,476.74,4,0.5,-128.35,24.96,Brian Williams,Corporate,East,New York,2023-09-30,2023-10-06
ORD-104244,Hon 10500 Table,Furniture,Tables,378.54,10,0.0,24.16,37.24,Jeremy Cervantes,Home Office,West,Washington,2022-12-31,2023-01-04
ORD-104245,Mead Envelopes,Office Supplies,Envelopes,130.53,10,0.2,1.49,10.51,Jermaine Wolf,Consumer,East,Connecticut,2023-01-27,2023-02-01
ORD-104246,3M Post-it Flags,Office Supplies,Labels,86.38,5,0.0,16.61,22.49,Robert Foster,Corporate,West,Utah,2021-09-03,2021-09-06
ORD-104247,Avery File Folder Labels,Office Supplies,Labels,58.4,10,0.1,10.34,21.06,Amanda Garcia,Corporate,Central,Minnesota,2022-10-16,2022-10-19
ORD-104248,Avery File Folder Labels,Office Supplies,Labels,107.13,1,0.3,4.33,21.69,Stephanie Stevenson,Consumer,Central,Texas,2022-07-08,2022-07-10
ORD-104249,Acco Staple Remover,Office Supplies,Supplies,33.04,5,0.2,3.74,3.76,Christopher Vasquez,Consumer,East,Massachusetts,2021-06-15,2021-06-19
ORD-104250,BIC Cristal Pens,Office Supplies,Art,170.17,1,0.4,-20.86,9.61,Matthew Molina,Corporate,Central,Michigan,2023-11-23,2023-11-27
ORD-104251,Tyvek Mailer,Office Supplies,Envelopes,150.64,3,0.0,31.16,9.02,Jasmine Anderson,Home Office,South,Alabama,2021-10-05,2021-10-07
ORD-104252,Acco Staple Remover,Office Supplies,Supplies,46.08,3,0.5,-9.0,15.82,Raymond Guerra,Corporate,Central,Ohio,2023-10-28,2023-11-02
ORD-104253,Avery Address Labels,Office Supplies,Labels,123.54,9,0.1,12.12,8.35,Alex Walker,Corporate,East,Virginia,2021-06-07,2021-06-10
ORD-104254,Ibico MB,Office Supplies,Binders,70.79,1,0.3,0.69,17.02,Mary Fernandez,Consumer,East,New York,2023-04-11,2023-04-14
ORD-104255,Dixon Ticonderoga Pencils,Office Supplies,Art,90.1,6,0.0,22.46,31.34,Christian Walker,Consumer,East,Massachusetts,2023-03-10,2023-03-12
ORD-104256,Tyvek Mailer,Office Supplies,Envelopes,97.61,4,0.1,16.01,28.11,Tiffany Lloyd,Corporate,Central,Texas,2021-02-09,2021-02-12
ORD-104257,Ibico MB,Office Supplies,Binders,76.17,2,0.3,-0.64,10.65,Taylor Sims,Home Office,Central,Missouri,2023-07-13,2023-07-20
ORD-104258,Nokia 5310,Technology,Phones,261.62,3,0.0,63.95,11.29,Colton Lee,Consumer,West,Washington,2021-04-08,2021-04-14
ORD-104259,Global Leather Chair,Furniture,Chairs,233.89,4,0.1,17.88,17.48,Shawn Martinez,Consumer,East,New York,2021-10-13,2021-10-17
ORD-104260,BIC Cristal Pens,Office Supplies,Art,82.52,3,0.0,18.99,27.57,Bridget Kirby,Home Office,West,Utah,2023-02-25,2023-03-02
ORD-104261,OIC Binder Clips,Office Supplies,Fasteners,74.16,10,0.0,12.55,14.49,Matthew Compton,Home Office,South,Georgia,2023-03-17,2023-03-20
ORD-104262,IKEA KALLAX,Furniture,Bookcases,100.63,3,0.5,-35.5,11.91,Joseph Smith,Home Office,West,Utah,2021-04-20,2021-04-23
ORD-104263,Bestar Folding Table,Furniture,Tables,271.13,8,0.0,29.99,20.31,Melissa Jenkins,Consumer,South,Louisiana,2023-05-19,2023-05-22
ORD-104264,Bush Furniture Bookcase,Furniture,Bookcases,431.25,1,0.0,33.51,32.73,Kimberly Cooper,Corporate,West,Oregon,2021-01-25,2021-01-28
ORD-104265,HP LaserJet,Technology,Machines,268.89,4,0.1,7.49,25.05,Christopher Gibbs,Consumer,South,Alabama,2022-06-18,2022-06-25
ORD-104266,Stanley Staple Gun,Office Supplies,Fasteners,105.36,1,0.0,30.47,15.37,Mary Lambert,Consumer,South,Georgia,2023-03-27,2023-03-28
ORD-104267,Staples Standard Envelopes,Office Supplies,Envelopes,130.52,5,0.3,2.02,12.5,Jennifer Moyer,Corporate,East,New York,2022-12-04,2022-12-07
ORD-104268,Staples Standard Staples,Office Supplies,Fasteners,110.43,9,0.1,24.83,20.01,Brett Hanson,Home Office,South,Alabama,2021-07-11,2021-07-14
ORD-104269,Epson Scanner,Technology,Machines,463.13,9,0.1,61.28,32.93,Elizabeth Landry,Consumer,West,Nevada,2023-12-24,2023-12-29
ORD-104270,Fiskars Scissors,Office Supplies,Supplies,79.73,10,0.2,-0.65,6.16,Kaitlin Young,Corporate,West,Oregon,2023-07-09,2023-07-13
ORD-104271,Rubbermaid Cabinet,Furniture,Furnishings,227.94,9,0.0,22.69,29.34,Tina Williams,Consumer,South,Alabama,2022-09-14,2022-09-17
ORD-104272,Deflect-o Stackable,Office Supplies,Storage,91.95,9,0.0,29.09,19.15,David Hernandez,Consumer,West,Utah,2023-07-17,2023-07-21
ORD-104273,IKEA KALLAX,Furniture,Bookcases,319.75,3,0.3,-25.92,20.54,Caitlin Bryant,Home Office,East,New York,2023-04-08,2023-04-14
ORD-104274,Expo Dry Erase,Office Supplies,Art,76.08,1,0.4,-8.79,24.07,James Reed,Consumer,Central,Texas,2021-05-26,2021-05-30
ORD-104275,3M Post-it Flags,Office Supplies,Labels,47.47,6,0.1,4.88,13.84,William Robbins,Corporate,East,Virginia,2023-01-24,2023-01-29
ORD-104276,Sterilite Storage Box,Office Supplies,Storage,106.86,5,0.0,23.55,16.14,Dean Ortiz,Corporate,West,Colorado,2022-01-06,2022-01-07
ORD-104277,Sauder Bookcase,Furniture,Bookcases,423.15,9,0.5,-123.11,21.93,Brianna Warner,Consumer,East,Pennsylvania,2021-08-10,2021-08-14
ORD-104278,Advantus Binder Clips,Office Supplies,Fasteners,78.72,1,0.3,6.88,30.21,Nathan Jennings,Consumer,East,New York,2022-03-31,2022-04-02
ORD-104279,Realspace Bookcase,Furniture,Bookcases,298.73,8,0.3,-24.45,15.3,Matthew White,Consumer,South,Alabama,2023-09-20,2023-09-21
ORD-104280,Sharp MX,Technology,Copiers,345.81,8,0.0,74.52,34.93,Carla Park,Consumer,West,Nevada,2022-03-19,2022-03-26
ORD-104281,Quartet Calendar,Office Supplies,Supplies,119.7,1,0.0,27.58,11.21,Dennis Schaefer,Consumer,Central,Illinois,2021-06-22,2021-06-23
ORD-104282,Deflect-o Stackable,Office Supplies,Storage,14.66,1,0.1,2.07,12.44,Patrick Hardin,Consumer,East,Connecticut,2023-01-29,2023-02-02
ORD-104283,Xerox WorkCentre,Technology,Copiers,606.87,3,0.0,125.24,18.29,Timothy Ford,Consumer,East,New York,2022-05-15,2022-05-20
ORD-104284,Motorola Edge,Technology,Phones,481.33,2,0.3,-70.33,36.74,William Ball,Corporate,East,Virginia,2023-03-22,2023-03-26
ORD-104285,Prepac Bookcase,Furniture,Bookcases,223.55,7,0.2,-8.82,31.8,David Martinez,Corporate,East,New York,2021-05-20,2021-05-24
ORD-104286,Stanley Staple Gun,Office Supplies,Fasteners,103.13,4,0.3,4.2,20.15,David Johnson,Consumer,Central,Illinois,2021-05-13,2021-05-14
ORD-104287,Bush Furniture Bookcase,Furniture,Bookcases,292.62,7,0.1,11.79,11.78,William Ball,Corporate,Central,Minnesota,2021-11-07,2021-11-10
ORD-104288,Jiffy Mailer,Office Supplies,Envelopes,90.52,6,0.0,15.45,31.06,Kelly May,Home Office,Central,Missouri,2023-09-20,2023-09-21
ORD-104289,Nokia 5310,Technology,Phones,49.07,9,0.0,9.89,22.75,Elizabeth Landry,Home Office,West,Oregon,2022-07-19,2022-07-25
ORD-104290,Xerox Multi-Use Paper,Office Supplies,Paper,95.57,7,0.0,18.07,30.96,Joseph Rodriguez,Home Office,Central,Texas,2022-12-09,2022-12-13
ORD-104291,Jiffy Mailer,Office Supplies,Envelopes,38.19,3,0.0,9.6,4.21,Joshua Butler,Home Office,South,Tennessee,2022-01-03,2022-01-06
ORD-104292,Sanford Markers,Office Supplies,Art,81.49,8,0.1,13.68,24.39,Emily Copeland,Corporate,West,California,2021-07-04,2021-07-08
ORD-104293,Bestar Folding Table,Furniture,Tables,533.69,10,0.0,-3.77,38.55,Joshua Butler,Consumer,South,Alabama,2023-08-05,2023-08-08
ORD-104294,Konica Minolta,Technology,Copiers,298.06,3,0.1,26.69,9.82,Holly Smith,Consumer,South,Mississippi,2022-09-05,2022-09-09
ORD-104295,Fellowes Storage Case,Office Supplies,Storage,136.55,2,0.5,-35.75,13.77,Alex Walker,Consumer,East,Maryland,2021-11-17,2021-11-23
ORD-104296,Mead Envelopes,Office Supplies,Envelopes,151.95,6,0.1,22.31,25.4,Jason Clark,Consumer,Central,Wisconsin,2022-11-03,2022-11-08
ORD-104297,Memorex Tape,Office Supplies,Supplies,86.93,9,0.2,4.35,10.46,Matthew White,Consumer,Central,Texas,2021-08-30,2021-09-02
ORD-104298,Avery File Folder Labels,Office Supplies,Labels,76.04,7,0.5,-9.7,11.46,Kenneth Lynch,Consumer,West,Utah,2021-12-24,2021-12-28
ORD-104299,HP LaserJet,Technology,Machines,239.04,5,0.2,8.91,12.89,Jessica Dodson,Corporate,Central,Michigan,2023-12-31,2024-01-04
ORD-104300,Motorola Edge,Technology,Phones,348.53,5,0.0,49.45,34.69,Taylor Barry,Consumer,West,Nevada,2021-03-03,2021-03-07
ORD-104301,Anker Charger,Technology,Accessories,823.76,7,0.1,99.64,41.32,Rachel Wright,Consumer,Central,Wisconsin,2021-12-19,2021-12-26
ORD-104302,Rubbermaid Cabinet,Furniture,Furnishings,383.59,1,0.5,-93.26,37.07,Timothy Ford,Consumer,South,Louisiana,2021-09-29,2021-10-04
ORD-104303,Konica Minolta,Technology,Copiers,182.58,8,0.1,34.25,6.87,Krystal Arias,Corporate,East,Virginia,2021-01-02,2021-01-04
ORD-104304,Motorola Edge,Technology,Phones,11.43,4,0.0,1.62,9.8,Shawn Martinez,Consumer,East,Maryland,2022-09-29,2022-10-04
ORD-104305,HP LaserJet,Technology,Machines,336.55,1,0.1,43.44,11.46,Douglas Rodriguez,Home Office,South,Louisiana,2022-07-14,2022-07-16
ORD-104306,Sauder Bookcase,Furniture,Bookcases,336.25,2,0.4,-76.78,19.73,Joseph Rodriguez,Home Office,Central,Michigan,2022-02-18,2022-02-23
ORD-104307,Avery Heavy Duty Binder,Office Supplies,Binders,89.62,5,0.0,15.33,5.75,Mary Martin,Corporate,East,Maryland,2021-03-20,2021-03-24
ORD-104308,Google Pixel 7,Technology,Phones,170.44,8,0.2,9.6,23.38,Angela Hubbard,Corporate,Central,Michigan,2023-07-30,2023-08-02
ORD-104309,Advantus Ring Binder,Furniture,Furnishings,393.24,7,0.2,7.56,29.63,Sheryl Wright,Consumer,West,Utah,2021-01-18,2021-01-23
ORD-104310,Google Pixel 7,Technology,Phones,283.6,8,0.5,-52.57,16.13,Taylor Sims,Home Office,Central,Texas,2021-07-25,2021-07-27
ORD-104311,Fellowes Storage Case,Office Supplies,Storage,80.92,5,0.2,9.67,28.61,Timothy Wiggins,Consumer,West,Arizona,2022-06-30,2022-07-05
ORD-104312,Lorell Glass Table,Furniture,Tables,432.64,9,0.2,-21.39,34.15,Christopher Vasquez,Consumer,East,Massachusetts,2022-07-31,2022-08-06
ORD-104313,Realspace Bookcase,Furniture,Bookcases,269.26,5,0.1,18.32,17.46,Stephen Reyes,Corporate,Central,Texas,2022-09-29,2022-10-04
ORD-104314,Safco Round Table,Furniture,Tables,387.63,9,0.4,-98.54,25.42,Taylor Barry,Corporate,Central,Missouri,2023-11-07,2023-11-13
ORD-104315,Epson Scanner,Technology,Machines,197.55,3,0.0,32.71,7.21,Lisa Joyce,Corporate,East,Maryland,2022-01-19,2022-01-25
ORD-104316,Avery Heavy Duty Binder,Office Supplies,Binders,138.49,6,0.0,38.41,25.72,Lisa Joyce,Corporate,South,Tennessee,2022-09-07,2022-09-11
ORD-104317,Lorell Mirror,Furniture,Furnishings,176.52,4,0.0,7.35,15.67,Joel Simmons,Consumer,West,Colorado,2021-03-06,2021-03-10
ORD-104318,Hammermill Copy Paper,Office Supplies,Paper,130.79,4,0.1,10.88,28.85,Michelle Hansen MD,Consumer,West,Colorado,2022-05-10,2022-05-16
ORD-104319,Hon 10500 Table,Furniture,Tables,371.12,3,0.3,-63.39,14.69,James Reed,Corporate,South,Louisiana,2022-01-11,2022-01-16
ORD-104320,Hammermill Copy Paper,Office Supplies,Paper,141.75,2,0.1,14.38,9.13,Thomas Gutierrez,Corporate,West,California,2023-01-12,2023-01-16
ORD-104321,Hon 10500 Table,Furniture,Tables,447.2,2,0.0,48.85,21.12,Joel Simmons,Home Office,West,Oregon,2022-05-02,2022-05-06
ORD-104322,Eldon Shelf,Furniture,Furnishings,340.26,6,0.4,-108.38,27.87,Jamie Pierce,Consumer,South,Florida,2022-09-25,2022-09-28
ORD-104323,Stanley Staple Gun,Office Supplies,Fasteners,19.51,4,0.2,0.96,24.61,Kimberly Roberts,Consumer,West,Oregon,2021-06-21,2021-06-27
ORD-104324,Google Pixel 7,Technology,Phones,449.5,9,0.1,19.66,26.4,Charles Avila,Consumer,East,Virginia,2022-02-12,2022-02-16
ORD-104325,Konica Minolta,Technology,Copiers,235.81,8,0.3,-7.53,8.99,Jared Clark,Consumer,Central,Illinois,2023-09-02,2023-09-06
ORD-104326,Kraft Envelopes,Office Supplies,Envelopes,108.01,3,0.5,-20.19,19.92,Nicole Jimenez,Corporate,South,Tennessee,2023-06-20,2023-06-25
ORD-104327,IKEA KALLAX,Furniture,Bookcases,403.62,4,0.0,16.67,31.75,Cory Pitts,Consumer,East,Massachusetts,2023-03-22,2023-03-26
ORD-104328,IKEA KALLAX,Furniture,Bookcases,267.29,2,0.1,27.37,18.96,Sandra Dean,Consumer,East,Pennsylvania,2021-06-21,2021-06-23
ORD-104329,Rubbermaid Tote,Office Supplies,Storage,92.19,9,0.0,20.86,9.48,William Ball,Corporate,West,Washington,2021-01-21,2021-01-25
ORD-104330,Global Leather Chair,Furniture,Chairs,586.71,10,0.1,-29.32,26.55,James Gomez,Consumer,East,Virginia,2021-07-02,2021-07-05
ORD-104331,Acco Binder Clips,Office Supplies,Fasteners,115.49,6,0.3,7.3,25.92,Kimberly Byrd,Consumer,West,California,2022-08-19,2022-08-23
ORD-104332,Sauder Bookcase,Furniture,Bookcases,271.02,2,0.1,17.07,11.04,Dennis Mason,Home Office,Central,Michigan,2023-07-13,2023-07-17
ORD-104333,Brother Fax Machine,Technology,Machines,252.88,6,0.1,16.6,17.59,Rebecca Walker,Consumer,West,Colorado,2022-05-16,2022-05-19
ORD-104334,Humanscale Chair,Furniture,Chairs,356.2,1,0.1,21.35,36.81,Douglas Rodriguez,Home Office,East,Pennsylvania,2023-11-02,2023-11-07
ORD-104335,Kraft Envelopes,Office Supplies,Envelopes,125.87,1,0.1,27.5,22.16,Jennifer Wright,Consumer,Central,Wisconsin,2023-05-26,2023-05-29
ORD-104336,Avery File Folder Labels,Office Supplies,Labels,87.84,5,0.3,3.49,22.27,Carrie Owens,Home Office,South,Mississippi,2023-02-02,2023-02-05
ORD-104337,HP Office Paper,Office Supplies,Paper,79.05,9,0.3,1.98,13.18,Patrick Dixon,Consumer,West,Arizona,2022-06-16,2022-06-18
ORD-104338,Nokia 5310,Technology,Phones,443.2,2,0.0,89.65,17.72,Dominique Salinas,Home Office,West,California,2023-03-06,2023-03-08
ORD-104339,Expo Dry Erase,Office Supplies,Art,103.55,4,0.1,6.19,28.18,Bridget Kirby,Consumer,East,Connecticut,2021-09-07,2021-09-11
ORD-104340,Avery Flexi-View,Office Supplies,Binders,54.03,2,0.1,7.84,13.86,Kara Davis,Consumer,Central,Illinois,2023-12-31,2024-01-03
ORD-104341,Nokia 5310,Technology,Phones,140.04,3,0.0,31.03,9.34,Jonathan Baker,Consumer,South,Louisiana,2023-05-13,2023-05-17
ORD-104342,Avery File Folder Labels,Office Supplies,Labels,117.89,7,0.0,27.86,25.59,Kayla Nichols,Home Office,East,Virginia,2021-06-27,2021-06-30
ORD-104343,Logitech Keyboard,Technology,Accessories,230.62,4,0.0,57.43,26.87,Thomas Gutierrez,Corporate,South,North Carolina,2023-09-26,2023-10-02
ORD-104344,Safco Round Table,Furniture,Tables,554.47,7,0.2,-29.19,15.78,Travis Allen,Consumer,Central,Minnesota,2023-09-29,2023-10-03
ORD-104345,Rubbermaid Cabinet,Furniture,Furnishings,371.26,8,0.0,40.87,13.01,Jose Hogan,Consumer,East,Massachusetts,2023-11-29,2023-12-04
ORD-104346,Rubbermaid Tote,Office Supplies,Storage,106.97,5,0.0,22.89,26.31,Joshua Butler,Corporate,East,Virginia,2022-11-07,2022-11-10
ORD-104347,Google Pixel 7,Technology,Phones,404.47,8,0.0,91.12,19.23,Rhonda Carter,Consumer,Central,Minnesota,2021-02-18,2021-02-20
ORD-104348,Prepac Bookcase,Furniture,Bookcases,591.47,4,0.2,-76.89,29.89,Eric Hood,Corporate,West,California,2022-08-29,2022-09-01
ORD-104349,Epson Scanner,Technology,Machines,393.39,6,0.0,47.59,31.65,Rebecca Walker,Consumer,South,Tennessee,2021-12-29,2021-12-31
ORD-104350,Rubbermaid Cabinet,Furniture,Furnishings,501.04,6,0.2,-44.79,29.75,Emily Copeland,Corporate,East,Connecticut,2022-11-29,2022-12-01
ORD-104351,Ricoh Aficio,Technology,Copiers,179.09,4,0.0,37.95,11.05,Robert Harris,Home Office,Central,Michigan,2023-05-29,2023-06-02
ORD-104352,Safco Round Table,Furniture,Tables,519.32,3,0.2,-13.93,32.96,Tommy Patterson,Consumer,East,New York,2022-05-04,2022-05-08
ORD-104353,Advantus Ring Binder,Furniture,Furnishings,334.58,4,0.4,-66.76,15.99,Jasmine Anderson,Home Office,East,Massachusetts,2023-07-02,2023-07-05
ORD-104354,Fiskars Scissors,Office Supplies,Supplies,135.27,5,0.0,23.85,18.37,Suzanne West,Consumer,Central,Missouri,2023-02-09,2023-02-12
ORD-104355,Sanford Markers,Office Supplies,Art,86.42,1,0.2,3.23,11.36,Robert Franklin,Corporate,East,Pennsylvania,2021-09-07,2021-09-11
ORD-104356,Avery Flexi-View,Office Supplies,Binders,52.63,1,0.0,10.71,21.99,Jeremy Thomas,Corporate,West,Colorado,2023-11-13,2023-11-15
ORD-104357,Ricoh Aficio,Technology,Copiers,587.24,8,0.1,75.36,28.47,Frederick Finley,Home Office,East,Virginia,2023-06-15,2023-06-18
ORD-104358,IKEA KALLAX,Furniture,Bookcases,387.32,8,0.2,-20.4,23.63,Carmen Fowler,Corporate,South,Alabama,2023-08-15,2023-08-19
ORD-104359,Bush Coat Rack,Furniture,Furnishings,372.8,7,0.1,-7.47,34.97,Anthony Conley,Consumer,Central,Michigan,2021-07-22,2021-07-25
ORD-104360,Kraft Envelopes,Office Supplies,Envelopes,80.1,3,0.3,-0.83,22.71,Frederick Moss,Home Office,East,Connecticut,2021-12-29,2022-01-03
ORD-104361,Staples Standard Staples,Office Supplies,Fasteners,98.88,6,0.0,23.34,11.14,Patricia Jones,Consumer,East,New York,2023-03-26,2023-03-29
ORD-104362,Advantus Binder Clips,Office Supplies,Fasteners,85.57,8,0.5,-17.02,14.81,Rebecca Walker,Corporate,East,New Jersey,2021-04-12,2021-04-17
ORD-104363,Brother Fax Machine,Technology,Machines,915.24,1,0.0,206.24,48.02,Holly Smith,Consumer,Central,Minnesota,2021-07-14,2021-07-21
ORD-104364,Nokia 5310,Technology,Phones,476.1,3,0.3,-34.12,28.47,Courtney Gardner,Home Office,Central,Missouri,2023-05-06,2023-05-11
ORD-104365,Bush Coat Rack,Furniture,Furnishings,255.85,8,0.1,3.44,18.29,Courtney Gardner,Consumer,South,Tennessee,2021-04-21,2021-04-24
ORD-104366,3M Post-it Flags,Office Supplies,Labels,99.37,5,0.2,-3.38,31.64,Aaron Little,Consumer,Central,Wisconsin,2021-08-21,2021-08-27
ORD-104367,Anker Charger,Technology,Accessories,158.9,3,0.4,-27.31,30.81,Dean Ortiz,Home Office,Central,Texas,2021-09-04,2021-09-07
ORD-104368,Steelcase Leap,Furniture,Chairs,334.86,5,0.0,29.48,27.99,Amy Reyes,Consumer,East,Virginia,2021-03-07,2021-03-11
ORD-104369,Dixon Ticonderoga Pencils,Office Supplies,Art,137.3,4,0.0,20.03,22.85,Mark Hansen,Consumer,South,Louisiana,2021-03-07,2021-03-10
ORD-104370,Memorex Tape,Office Supplies,Supplies,65.96,2,0.3,3.69,25.48,Penny Wilson,Home Office,South,Mississippi,2022-09-30,2022-10-02
ORD-104371,Staples Standard Staples,Office Supplies,Fasteners,94.2,8,0.0,24.89,28.98,Nicole Jimenez,Consumer,West,California,2023-08-19,2023-08-23
ORD-104372,Humanscale Chair,Furniture,Chairs,556.15,10,0.1,-8.17,16.29,Travis Allen,Corporate,Central,Illinois,2021-10-01,2021-10-03
ORD-104373,HP LaserJet,Technology,Machines,394.11,6,0.0,65.57,21.58,Scott Gomez,Consumer,South,Mississippi,2021-10-22,2021-10-25
ORD-104374,Xerox WorkCentre,Technology,Copiers,97.27,7,0.3,-7.35,16.71,Patricia Hammond,Home Office,South,North Carolina,2021-12-18,2021-12-21
ORD-104375,Lorell Mirror,Furniture,Furnishings,415.73,2,0.0,52.81,26.85,David Martinez,Home Office,East,Maryland,2022-03-15,2022-03-18
ORD-104376,Avery Flexi-View,Office Supplies,Binders,109.81,8,0.2,4.53,5.24,William Harrington,Corporate,South,Louisiana,2022-02-04,2022-02-09
ORD-104377,Advantus Ring Binder,Furniture,Furnishings,231.27,9,0.5,-54.7,15.46,William West,Consumer,Central,Ohio,2021-12-17,2021-12-21
ORD-104378,Avery Shipping Labels,Office Supplies,Labels,74.09,7,0.5,-12.25,30.59,Rebecca Walker,Corporate,South,Alabama,2022-02-06,2022-02-07
ORD-104379,Prepac Bookcase,Furniture,Bookcases,329.6,7,0.1,30.68,29.37,Jessica Scott,Corporate,East,Maryland,2023-05-18,2023-05-23
ORD-104380,Prepac Bookcase,Furniture,Bookcases,426.57,10,0.0,15.03,21.74,Susan Lawson,Consumer,West,Colorado,2022-09-15,2022-09-19
ORD-104381,Jabra Headset,Technology,Accessories,219.99,9,0.0,45.97,30.58,Travis Allen,Home Office,Central,Ohio,2023-04-05,2023-04-09
ORD-104382,Fellowes Storage Case,Office Supplies,Storage,87.94,7,0.0,17.35,5.25,Travis Santiago,Corporate,West,California,2022-11-03,2022-11-06
ORD-104383,Anker Charger,Technology,Accessories,572.5,3,0.0,108.42,25.07,Katherine Evans,Consumer,South,North Carolina,2023-11-01,2023-11-03
ORD-104384,Ergon Chair,Furniture,Chairs,316.29,8,0.0,43.96,17.06,Donald Morales,Home Office,Central,Missouri,2022-05-04,2022-05-08
ORD-104385,Bestar Folding Table,Furniture,Tables,264.99,4,0.5,-58.71,12.41,Eric Chandler,Consumer,Central,Michigan,2021-11-05,2021-11-09
ORD-104386,Hammermill Copy Paper,Office Supplies,Paper,64.78,7,0.0,16.38,21.28,Jeremy Cervantes,Consumer,West,Oregon,2023-10-26,2023-10-28
ORD-104387,AT-A-GLANCE Planner,Office Supplies,Supplies,135.88,10,0.3,-12.07,12.35,Erika Marshall,Home Office,West,Colorado,2022-05-06,2022-05-10
ORD-104388,Bush Coat Rack,Furniture,Furnishings,268.8,9,0.1,20.73,22.67,Ebony Adams,Corporate,West,Arizona,2022-02-05,2022-02-09
ORD-104389,Avery Shipping Labels,Office Supplies,Labels,127.03,6,0.0,26.86,9.38,Kenneth Lynch,Consumer,South,Alabama,2022-12-09,2022-12-13
ORD-104390,Maco Labels,Office Supplies,Labels,66.49,3,0.0,17.81,20.63,Raymond Guerra,Corporate,South,Georgia,2022-11-13,2022-11-14
ORD-104391,Eldon Shelf,Furniture,Furnishings,452.03,10,0.4,-125.77,33.1,Joel Simmons,Home Office,West,Washington,2021-02-21,2021-02-24
ORD-104392,Bestar Folding Table,Furniture,Tables,165.53,9,0.0,18.42,7.84,Cory Gibson,Corporate,South,Louisiana,2022-12-20,2022-12-22
ORD-104393,AT-A-GLANCE Planner,Office Supplies,Supplies,110.14,10,0.1,13.77,19.59,Brandon Marsh,Corporate,South,Tennessee,2023-04-08,2023-04-11
ORD-104394,Ricoh Aficio,Technology,Copiers,518.69,10,0.0,74.95,14.26,Matthew Molina,Home Office,South,Alabama,2021-05-19,2021-05-26
ORD-104395,Canon imageRUNNER,Technology,Copiers,71.65,4,0.0,11.38,11.98,Adam Johnson,Consumer,Central,Texas,2022-03-18,2022-03-22
ORD-104396,Ergon Chair,Furniture,Chairs,317.59,7,0.3,-48.84,11.54,Matthew Wright,Corporate,Central,Missouri,2023-08-26,2023-08-29
ORD-104397,Anker Charger,Technology,Accessories,224.62,4,0.1,2.07,16.89,Kayla Nichols,Consumer,South,Georgia,2021-10-17,2021-10-21
ORD-104398,Kraft Envelopes,Office Supplies,Envelopes,73.55,4,0.1,13.6,23.7,James Smith,Consumer,East,Massachusetts,2021-10-29,2021-11-03
ORD-104399,Hammermill Copy Paper,Office Supplies,Paper,130.2,3,0.3,5.13,31.95,Kimberly Ryan,Home Office,South,Tennessee,2022-12-28,2023-01-01
ORD-104400,Wilson Jones Binder,Office Supplies,Binders,63.89,4,0.0,10.37,20.68,Sherri Holmes,Corporate,East,New Jersey,2022-10-04,2022-10-08
ORD-104401,Staples Standard Envelopes,Office Supplies,Envelopes,105.89,7,0.0,26.66,6.78,Jacqueline Yang,Consumer,South,Mississippi,2023-02-07,2023-02-10
ORD-104402,Lorell Mirror,Furniture,Furnishings,358.02,5,0.4,-114.82,20.39,Mary Lambert,Consumer,West,Washington,2023-10-20,2023-10-24
ORD-104403,Bestar Folding Table,Furniture,Tables,205.97,3,0.1,3.81,16.93,Jack Miranda,Consumer,East,New York,2021-06-23,2021-06-28
ORD-104404,Bush Coat Rack,Furniture,Furnishings,368.47,10,0.0,50.98,24.88,Holly Smith,Home Office,South,Mississippi,2021-05-03,2021-05-08
ORD-104405,Brother Fax Machine,Technology,Machines,433.08,2,0.4,-53.47,25.59,Jack Miranda,Corporate,South,Louisiana,2021-03-21,2021-03-26
ORD-104406,Staples Copy Paper,Office Supplies,Paper,92.72,7,0.2,8.74,25.65,Timothy Robertson,Consumer,Central,Missouri,2021-05-25,2021-05-27
ORD-104407,Prepac Bookcase,Furniture,Bookcases,347.54,3,0.3,-47.51,16.87,Wanda Yang,Corporate,West,Utah,2021-06-15,2021-06-21
ORD-104408,Bestar Folding Table,Furniture,Tables,277.8,10,0.0,28.91,29.26,Matthew Wright,Consumer,West,California,2022-12-30,2023-01-05
ORD-104409,Kraft Envelopes,Office Supplies,Envelopes,105.51,4,0.4,-9.14,11.55,James Patel,Corporate,South,Tennessee,2022-01-24,2022-01-28
ORD-104410,Humanscale Chair,Furniture,Chairs,355.7,10,0.0,59.45,11.87,Donna Jones,Corporate,East,New Jersey,2021-06-12,2021-06-15
ORD-104411,Apple iPhone 14,Technology,Phones,452.43,1,0.2,-5.63,25.62,Kimberly Byrd,Home Office,West,Arizona,2023-06-03,2023-06-08
ORD-104412,Staples Copy Paper,Office Supplies,Paper,118.28,5,0.0,17.94,20.09,Diane Murphy,Corporate,West,Utah,2021-08-20,2021-08-22
ORD-104413,Rubbermaid Tote,Office Supplies,Storage,55.39,9,0.0,13.12,13.84,Christina Hoffman,Corporate,West,California,2023-11-30,2023-12-04
ORD-104414,Xerox WorkCentre,Technology,Copiers,492.62,3,0.2,-20.81,14.29,Curtis Fields,Consumer,West,Colorado,2021-06-03,2021-06-07
ORD-104415,Rubbermaid Cabinet,Furniture,Furnishings,264.06,9,0.5,-87.22,15.63,Aaron Little,Home Office,Central,Minnesota,2022-12-26,2022-12-30
ORD-104416,Ricoh Aficio,Technology,Copiers,332.13,8,0.2,22.31,35.08,Christina Hoffman,Consumer,Central,Michigan,2021-02-01,2021-02-05
ORD-104417,Eldon Shelf,Furniture,Furnishings,394.78,1,0.3,-55.65,35.91,Joseph Lopez,Consumer,Central,Michigan,2023-02-03,2023-02-06
ORD-104418,Ergon Chair,Furniture,Chairs,244.48,6,0.0,7.95,10.52,Laura Martin,Corporate,Central,Ohio,2021-04-07,2021-04-12
ORD-104419,Ricoh Aficio,Technology,Copiers,637.23,1,0.5,-121.32,32.42,Raymond Guerra,Home Office,South,Tennessee,2022-03-29,2022-04-04
ORD-104420,Quartet Calendar,Office Supplies,Supplies,67.39,4,0.3,1.08,17.21,Bridget Kirby,Corporate,Central,Michigan,2023-11-14,2023-11-19
ORD-104421,OIC Binder Clips,Office Supplies,Fasteners,87.75,10,0.0,18.05,9.9,Courtney Gardner,Consumer,Central,Texas,2022-05-25,2022-05-29
ORD-104422,Sterilite Storage Box,Office Supplies,Storage,103.93,5,0.1,10.7,29.63,Mary Meza,Consumer,East,New York,2021-11-09,2021-11-11
ORD-104423,Avery File Folder Labels,Office Supplies,Labels,79.0,1,0.0,17.86,22.08,Kyle Washington,Consumer,East,New York,2022-09-24,2022-09-26
ORD-104424,Global Leather Chair,Furniture,Chairs,250.07,4,0.0,33.37,15.11,Jessica Hill,Corporate,West,California,2021-10-01,2021-10-04
ORD-104425,Global Leather Chair,Furniture,Chairs,534.29,3,0.1,-9.46,20.82,Stephanie Stevenson,Consumer,Central,Michigan,2021-11-29,2021-12-02
ORD-104426,Bush Coat Rack,Furniture,Furnishings,110.18,6,0.4,-35.27,6.3,Jeremiah Smith,Corporate,South,Tennessee,2021-11-11,2021-11-16
ORD-104427,Staples Standard Envelopes,Office Supplies,Envelopes,85.19,1,0.4,-11.34,27.74,Samantha Smith,Consumer,East,New Jersey,2021-04-12,2021-04-16
ORD-104428,Realspace Bookcase,Furniture,Bookcases,334.94,8,0.2,-17.88,34.29,Crystal Williams DVM,Corporate,East,Connecticut,2022-07-07,2022-07-10
ORD-104429,Wilson Jones Binder,Office Supplies,Binders,38.7,5,0.0,5.0,14.75,Melissa Newton,Corporate,East,New Jersey,2022-07-15,2022-07-19
ORD-104430,Hon 4070 Chair,Furniture,Chairs,345.51,7,0.0,36.89,24.39,Charles Avila,Consumer,South,North Carolina,2022-11-30,2022-12-03
ORD-104431,Staples Standard Envelopes,Office Supplies,Envelopes,76.37,7,0.1,4.36,20.85,Carrie Owens,Consumer,South,Georgia,2023-01-12,2023-01-15
ORD-104432,Anker Charger,Technology,Accessories,485.42,9,0.0,118.25,24.26,Carrie Sanchez,Corporate,Central,Missouri,2022-12-23,2022-12-27
ORD-104433,Stanley Staple Gun,Office Supplies,Fasteners,98.9,5,0.0,17.57,9.3,Curtis Fields,Corporate,East,Connecticut,2022-01-13,2022-01-16
ORD-104434,HP LaserJet,Technology,Machines,417.13,4,0.0,46.59,21.08,Jessica Smith,Consumer,East,Maryland,2023-11-25,2023-11-28
ORD-104435,Tyvek Mailer,Office Supplies,Envelopes,123.85,1,0.0,27.75,19.16,Sheryl Wright,Consumer,East,Virginia,2022-02-13,2022-02-15
ORD-104436,Hon 10500 Table,Furniture,Tables,97.82,8,0.3,-15.17,7.01,Jose Hogan,Consumer,West,Colorado,2023-08-31,2023-09-02
ORD-104437,Mead Envelopes,Office Supplies,Envelopes,104.83,4,0.0,21.32,22.23,Christopher Gibbs,Home Office,Central,Wisconsin,2023-04-15,2023-04-19
ORD-104438,Advantus Binder Clips,Office Supplies,Fasteners,81.17,8,0.0,12.89,17.49,Samantha Atkins,Consumer,South,North Carolina,2022-10-06,2022-10-10
ORD-104439,Rubbermaid Cabinet,Furniture,Furnishings,377.98,7,0.0,25.54,34.81,Adam Johnson,Corporate,South,Tennessee,2023-05-10,2023-05-12
ORD-104440,Ergon Chair,Furniture,Chairs,51.23,6,0.0,4.17,28.27,Cindy Parker,Consumer,East,Connecticut,2022-08-16,2022-08-19
ORD-104441,Lorell Glass Table,Furniture,Tables,427.74,1,0.0,34.5,23.05,Michele Hess,Consumer,South,Georgia,2021-09-16,2021-09-19
ORD-104442,Ricoh Aficio,Technology,Copiers,688.08,4,0.1,83.57,42.69,Christopher Hernandez,Consumer,East,New Jersey,2021-06-28,2021-07-02
ORD-104443,Eldon Mobile,Office Supplies,Storage,100.84,7,0.2,5.4,13.08,Laura Martin,Consumer,East,New Jersey,2022-01-03,2022-01-04
ORD-104444,Hon 10500 Table,Furniture,Tables,301.81,4,0.0,26.21,26.03,Adam White,Consumer,South,Alabama,2021-06-06,2021-06-09
ORD-104445,Memorex Tape,Office Supplies,Supplies,80.33,6,0.0,19.8,20.34,James Smith,Corporate,Central,Michigan,2023-11-04,2023-11-06
ORD-104446,Jiffy Mailer,Office Supplies,Envelopes,60.05,7,0.1,5.18,30.0,Christopher Hernandez,Consumer,West,Arizona,2021-07-22,2021-07-25
ORD-104447,Ergon Chair,Furniture,Chairs,175.22,9,0.4,-20.63,16.84,Matthew Jones,Consumer,East,Connecticut,2023-08-15,2023-08-17
ORD-104448,Dixon Ticonderoga Pencils,Office Supplies,Art,106.97,8,0.4,-9.07,26.41,John Burgess,Corporate,East,Virginia,2022-09-29,2022-10-03
ORD-104449,Ikea BEKANT Desk,Furniture,Tables,183.1,6,0.2,-5.28,10.02,Travis Santiago,Corporate,East,Massachusetts,2023-02-28,2023-03-03
ORD-104450,Acco Staple Remover,Office Supplies,Supplies,86.27,7,0.0,19.9,31.58,Alex Walker,Consumer,West,California,2021-04-08,2021-04-12
ORD-104451,Canon imageRUNNER,Technology,Copiers,253.74,5,0.3,-13.19,12.02,William Smith,Home Office,South,Alabama,2023-07-25,2023-07-27
ORD-104452,Steelcase Leap,Furniture,Chairs,259.14,3,0.0,15.99,28.64,Brianna Warner,Consumer,South,Georgia,2023-03-02,2023-03-07
ORD-104453,Brother Fax Machine,Technology,Machines,527.46,2,0.0,54.39,31.33,Donald Morales,Corporate,South,Georgia,2023-01-20,2023-01-23
ORD-104454,Eldon Shelf,Furniture,Furnishings,377.77,3,0.1,20.48,34.38,Tommy Patterson,Corporate,East,Connecticut,2023-06-09,2023-06-12
ORD-104455,Avery Address Labels,Office Supplies,Labels,61.85,10,0.2,1.17,6.64,Diane Murphy,Consumer,South,North Carolina,2022-10-06,2022-10-08
ORD-104456,Global Leather Chair,Furniture,Chairs,283.24,7,0.0,32.32,19.81,Danny Dodson,Home Office,Central,Ohio,2022-02-14,2022-02-17
ORD-104457,Safco Round Table,Furniture,Tables,291.66,9,0.2,-11.18,17.45,Timothy Best,Home Office,South,Alabama,2022-01-11,2022-01-13
ORD-104458,Dixon Ticonderoga Pencils,Office Supplies,Art,146.42,8,0.0,28.5,22.03,Joanna Ruiz,Corporate,Central,Illinois,2022-09-08,2022-09-11
ORD-104459,Sauder Bookcase,Furniture,Bookcases,104.18,10,0.2,-1.95,31.96,John Gomez,Home Office,West,Arizona,2023-07-01,2023-07-04
ORD-104460,Lorell Mirror,Furniture,Furnishings,512.0,2,0.2,-20.67,15.35,Susan Lawson,Consumer,Central,Missouri,2022-02-18,2022-02-22
ORD-104461,Ricoh Aficio,Technology,Copiers,235.96,3,0.0,41.01,15.47,Elizabeth Landry,Corporate,West,Colorado,2021-09-19,2021-09-23
ORD-104462,Acco Binder Clips,Office Supplies,Fasteners,54.21,4,0.2,5.0,27.99,Jennifer Cardenas,Corporate,South,North Carolina,2023-11-14,2023-11-17
ORD-104463,Anker Charger,Technology,Accessories,193.79,6,0.2,0.97,32.04,Dana Williams,Consumer,Central,Texas,2022-02-15,2022-02-19
ORD-104464,Google Pixel 7,Technology,Phones,249.31,7,0.4,-33.32,8.56,Jerome Walker,Home Office,West,Colorado,2022-11-27,2022-11-29
ORD-104465,BIC Cristal Pens,Office Supplies,Art,78.28,6,0.1,11.65,7.41,Tiffany Lloyd,Home Office,South,Florida,2023-06-05,2023-06-11
ORD-104466,Logitech Keyboard,Technology,Accessories,413.58,4,0.1,20.95,37.22,Keith Lewis,Home Office,West,Washington,2021-04-06,2021-04-10
ORD-104467,Eldon Mobile,Office Supplies,Storage,110.06,6,0.4,-11.27,7.87,Theresa Estrada,Consumer,West,Washington,2021-08-07,2021-08-09
ORD-104468,Bestar Folding Table,Furniture,Tables,191.38,2,0.0,40.58,15.45,Christopher Thompson,Home Office,South,Louisiana,2021-09-17,2021-09-23
ORD-104469,Acco Binder Clips,Office Supplies,Fasteners,105.25,9,0.3,-2.91,18.44,Eric Hood,Corporate,East,Virginia,2023-08-31,2023-09-02
ORD-104470,Avery Heavy Duty Binder,Office Supplies,Binders,135.29,3,0.1,31.4,13.77,Allison Wells,Corporate,Central,Missouri,2023-10-22,2023-10-27
ORD-104471,Rubbermaid Tote,Office Supplies,Storage,85.35,10,0.2,6.6,10.31,Emily Copeland,Corporate,Central,Ohio,2022-02-05,2022-02-11
ORD-104472,Ikea BEKANT Desk,Furniture,Tables,191.44,10,0.1,2.42,11.58,Jessica Chapman,Consumer,East,Virginia,2023-03-04,2023-03-09
ORD-104473,Hon 10500 Table,Furniture,Tables,286.11,7,0.0,31.26,13.64,Kaitlin Young,Corporate,South,Tennessee,2021-07-25,2021-07-28
ORD-104474,Logitech Keyboard,Technology,Accessories,463.24,10,0.2,22.23,12.6,Robert Harris,Corporate,South,Alabama,2022-03-17,2022-03-20
ORD-104475,Bush Coat Rack,Furniture,Furnishings,338.52,10,0.5,-122.05,13.1,Laura Martin,Corporate,West,Colorado,2023-06-14,2023-06-17
ORD-104476,Fiskars Scissors,Office Supplies,Supplies,59.97,10,0.2,1.96,4.44,Jessica Chapman,Consumer,South,Florida,2022-08-18,2022-08-22
ORD-104477,Humanscale Chair,Furniture,Chairs,276.13,8,0.0,42.12,14.04,Kayla Elliott,Corporate,Central,Minnesota,2021-10-18,2021-10-21
ORD-104478,Konica Minolta,Technology,Copiers,223.93,6,0.3,-17.44,29.98,Patricia Hammond,Consumer,South,Alabama,2021-12-06,2021-12-11
ORD-104479,Logitech Keyboard,Technology,Accessories,562.48,6,0.3,-42.18,34.62,Randy Terry,Corporate,East,Maryland,2022-07-05,2022-07-08
ORD-104480,Canon imageRUNNER,Technology,Copiers,483.67,4,0.0,83.69,21.85,Alexandria Cowan,Consumer,South,Louisiana,2022-09-17,2022-09-21
ORD-104481,Avery Address Labels,Office Supplies,Labels,98.22,1,0.1,12.63,21.96,Emily Copeland,Consumer,West,Nevada,2023-06-18,2023-06-21
ORD-104482,3M Post-it Flags,Office Supplies,Labels,111.35,4,0.0,15.89,20.55,Kaitlin Young,Consumer,Central,Texas,2022-11-09,2022-11-13
ORD-104483,HP LaserJet,Technology,Machines,351.87,10,0.4,-44.04,12.94,David Hoffman,Consumer,South,Florida,2022-11-14,2022-11-16
ORD-104484,Motorola Edge,Technology,Phones,495.39,5,0.0,126.15,34.17,Nicole Jimenez,Home Office,East,Virginia,2021-04-02,2021-04-06
ORD-104485,Anker Charger,Technology,Accessories,347.44,10,0.2,32.65,34.49,Kaitlin Young,Consumer,South,Louisiana,2022-12-16,2022-12-17
ORD-104486,Expo Dry Erase,Office Supplies,Art,68.91,4,0.2,8.71,24.35,Frederick Finley,Consumer,Central,Michigan,2023-04-30,2023-05-03
ORD-104487,Xerox WorkCentre,Technology,Copiers,540.79,2,0.1,29.38,32.93,Matthew Wright,Consumer,Central,Texas,2022-01-01,2022-01-04
ORD-104488,Eldon Mobile,Office Supplies,Storage,99.83,7,0.1,13.72,9.77,Michael Moore,Corporate,Central,Missouri,2022-07-21,2022-07-23
ORD-104489,Bestar Folding Table,Furniture,Tables,385.07,7,0.0,34.21,17.71,Katherine Parker,Home Office,Central,Missouri,2021-07-20,2021-07-24
ORD-104490,Eldon Shelf,Furniture,Furnishings,273.13,10,0.2,2.31,24.86,Sherri Holmes,Corporate,West,California,2021-11-23,2021-11-28
ORD-104491,Mead Envelopes,Office Supplies,Envelopes,86.84,4,0.0,22.69,6.22,Chad Sheppard,Consumer,East,New York,2022-05-21,2022-05-24
ORD-104492,Xerox WorkCentre,Technology,Copiers,373.94,8,0.3,8.73,35.35,Phillip Lewis,Consumer,South,Florida,2022-12-19,2022-12-24
ORD-104493,Eldon Shelf,Furniture,Furnishings,228.6,6,0.0,15.84,13.71,Melissa Newton,Consumer,South,Georgia,2023-08-02,2023-08-04
ORD-104494,Tyvek Mailer,Office Supplies,Envelopes,138.78,2,0.0,27.44,30.24,Michele Hess,Consumer,South,North Carolina,2021-01-16,2021-01-18
ORD-104495,Bush Coat Rack,Furniture,Furnishings,502.13,5,0.0,72.6,24.17,Jessica Scott,Consumer,West,Arizona,2021-05-24,2021-05-30
ORD-104496,Ikea BEKANT Desk,Furniture,Tables,291.44,10,0.0,2.72,10.88,Drew Salazar,Corporate,East,Pennsylvania,2023-06-05,2023-06-07
ORD-104497,Konica Minolta,Technology,Copiers,406.91,7,0.4,-54.9,30.2,Melanie Hall,Consumer,South,Florida,2023-02-20,2023-02-24
ORD-104498,Staples Standard Envelopes,Office Supplies,Envelopes,127.35,4,0.0,38.13,14.33,Jeremy Thomas,Corporate,West,Arizona,2022-11-05,2022-11-07
ORD-104499,Bush Furniture Bookcase,Furniture,Bookcases,227.8,5,0.1,13.68,18.53,Christopher Hernandez,Corporate,South,Mississippi,2022-03-20,2022-03-25
ORD-104500,Safco Round Table,Furniture,Tables,401.85,1,0.5,-98.99,21.5,Carrie Owens,Corporate,West,California,2023-06-17,2023-06-20
ORD-104501,Belkin USB Hub,Technology,Accessories,489.79,5,0.0,40.59,25.22,Karen Dawson,Consumer,East,New Jersey,2021-01-14,2021-01-20
ORD-104502,Kraft Envelopes,Office Supplies,Envelopes,85.03,1,0.5,-20.22,22.27,Carrie Owens,Consumer,East,Massachusetts,2022-02-23,2022-02-24
ORD-104503,Staples Standard Envelopes,Office Supplies,Envelopes,83.52,7,0.4,-4.26,9.18,Alyssa Cook,Corporate,South,Alabama,2021-08-24,2021-08-27
ORD-104504,Ricoh Aficio,Technology,Copiers,458.82,7,0.1,72.22,37.67,Dominique Salinas,Consumer,Central,Ohio,2021-11-09,2021-11-13
ORD-104505,Realspace Bookcase,Furniture,Bookcases,351.01,7,0.1,-15.77,21.05,Christina Hoffman,Home Office,South,Louisiana,2023-09-13,2023-09-17
ORD-104506,Avery File Folder Labels,Office Supplies,Labels,10.67,9,0.4,-0.99,25.13,Jason Harrison,Consumer,West,Washington,2022-02-03,2022-02-04
ORD-104507,Deflect-o Stackable,Office Supplies,Storage,83.15,5,0.3,-5.72,12.31,Carol Wilson,Corporate,East,Connecticut,2023-07-16,2023-07-17
ORD-104508,Realspace Bookcase,Furniture,Bookcases,105.92,1,0.3,-18.72,19.83,Emily Copeland,Home Office,Central,Michigan,2021-07-12,2021-07-17
ORD-104509,Google Pixel 7,Technology,Phones,378.88,8,0.1,50.5,29.77,William Robinson,Consumer,West,Utah,2022-10-31,2022-11-07
ORD-104510,Nokia 5310,Technology,Phones,440.18,10,0.0,114.62,35.57,David Marshall,Consumer,South,Tennessee,2021-05-27,2021-05-30
ORD-104511,AT-A-GLANCE Planner,Office Supplies,Supplies,56.86,7,0.1,10.47,9.3,Crystal Johnson,Corporate,East,Connecticut,2021-11-20,2021-11-24
ORD-104512,Memorex Tape,Office Supplies,Supplies,91.51,4,0.0,23.31,27.59,Debra Andrade,Consumer,East,Pennsylvania,2022-04-01,2022-04-04
ORD-104513,Mead Envelopes,Office Supplies,Envelopes,76.03,3,0.1,14.72,8.68,Curtis Fields,Home Office,Central,Wisconsin,2021-10-12,2021-10-18
ORD-104514,Samsung Galaxy S22,Technology,Phones,457.24,4,0.0,66.77,26.75,Timothy Ford,Corporate,West,Oregon,2021-03-14,2021-03-17
ORD-104515,Avery Shipping Labels,Office Supplies,Labels,89.62,9,0.3,-2.87,17.15,William Clark,Corporate,South,Mississippi,2023-01-06,2023-01-08
ORD-104516,Deflect-o Stackable,Office Supplies,Storage,105.65,5,0.0,17.01,21.13,Stephen Curtis,Consumer,West,Washington,2021-11-19,2021-11-22
ORD-104517,Fellowes Storage Case,Office Supplies,Storage,89.06,9,0.0,21.35,17.19,Travis Santiago,Consumer,East,New Jersey,2023-02-24,2023-03-01
ORD-104518,Humanscale Chair,Furniture,Chairs,313.96,5,0.3,-22.81,25.87,Melissa Thompson,Corporate,East,New Jersey,2022-02-10,2022-02-11
ORD-104519,Sanford Markers,Office Supplies,Art,114.77,2,0.0,25.21,25.79,Robert Harris,Corporate,West,Utah,2021-09-10,2021-09-14
ORD-104520,Avery Shipping Labels,Office Supplies,Labels,96.93,9,0.0,22.76,31.67,Deborah Allen,Home Office,East,New Jersey,2023-11-27,2023-11-30
ORD-104521,Logitech Keyboard,Technology,Accessories,474.53,10,0.5,-147.71,13.92,Lisa Joyce,Home Office,Central,Illinois,2023-06-17,2023-06-21
ORD-104522,Expo Dry Erase,Office Supplies,Art,80.35,10,0.1,5.29,22.16,Rhonda Allen,Home Office,East,Virginia,2022-08-02,2022-08-05
ORD-104523,Sauder Bookcase,Furniture,Bookcases,463.39,7,0.3,-66.28,19.64,Chad Sheppard,Corporate,South,Florida,2021-01-13,2021-01-15
ORD-104524,Sauder Bookcase,Furniture,Bookcases,286.8,2,0.0,41.54,9.11,Dr. Kevin Martin,Consumer,South,Georgia,2021-04-30,2021-05-04
ORD-104525,Avery Heavy Duty Binder,Office Supplies,Binders,103.51,3,0.1,8.65,24.76,Deanna Johnson,Consumer,West,Nevada,2022-10-18,2022-10-21
ORD-104526,Prepac Bookcase,Furniture,Bookcases,301.49,4,0.0,25.1,22.99,Lori West,Consumer,West,Arizona,2022-07-03,2022-07-05
ORD-104527,OIC Binder Clips,Office Supplies,Fasteners,34.17,2,0.3,-1.86,8.29,Vincent Mcdonald,Corporate,South,Mississippi,2021-08-31,2021-09-03
ORD-104528,Samsung Galaxy S22,Technology,Phones,380.63,2,0.3,-25.03,25.49,Janice Webb,Corporate,East,New Jersey,2021-05-01,2021-05-06
ORD-104529,Apple iPhone 14,Technology,Phones,172.84,6,0.0,41.06,15.58,Nathan Jennings,Consumer,Central,Michigan,2023-12-13,2023-12-15
ORD-104530,Hon 4070 Chair,Furniture,Chairs,297.75,4,0.0,30.33,15.11,Keith Lewis,Corporate,Central,Illinois,2023-03-25,2023-03-29
ORD-104531,Sterilite Storage Box,Office Supplies,Storage,102.82,10,0.0,18.57,19.33,Jason Harrison,Consumer,West,Nevada,2021-06-17,2021-06-20
ORD-104532,Eldon Shelf,Furniture,Furnishings,364.76,4,0.0,29.78,28.37,Patricia Hammond,Corporate,East,Virginia,2022-07-17,2022-07-22
ORD-104533,Hon 4070 Chair,Furniture,Chairs,202.41,9,0.0,26.04,33.99,William Harrington,Consumer,Central,Michigan,2023-06-28,2023-07-02
ORD-104534,Motorola Edge,Technology,Phones,648.67,5,0.2,36.48,16.54,Deborah Warren,Corporate,West,Oregon,2021-12-04,2021-12-10
ORD-104535,Bush Furniture Bookcase,Furniture,Bookcases,420.76,10,0.4,-103.52,31.68,James Smith,Consumer,Central,Minnesota,2022-08-29,2022-09-01
ORD-104536,Bush Coat Rack,Furniture,Furnishings,118.29,1,0.0,20.64,22.06,Brandon Morse,Consumer,West,Washington,2021-02-13,2021-02-19
ORD-104537,Samsung Galaxy S22,Technology,Phones,738.72,2,0.1,130.86,28.23,Kelly May,Corporate,East,Massachusetts,2021-07-02,2021-07-06
ORD-104538,OIC Binder Clips,Office Supplies,Fasteners,79.25,1,0.4,-12.5,18.68,Jeremy Thomas,Corporate,Central,Missouri,2021-08-06,2021-08-09
ORD-104539,Ibico MB,Office Supplies,Binders,55.9,10,0.0,7.59,25.2,Yvonne Wilson,Consumer,East,Connecticut,2021-09-17,2021-09-21
ORD-104540,Zebra Label Printer,Technology,Machines,392.82,8,0.0,102.24,32.21,Casey Liu,Home Office,West,Utah,2022-06-06,2022-06-11
ORD-104541,Rubbermaid Tote,Office Supplies,Storage,85.47,7,0.0,20.1,22.56,Katherine Evans,Home Office,East,Maryland,2023-04-20,2023-04-25
ORD-104542,Avery Flexi-View,Office Supplies,Binders,134.02,2,0.1,16.05,24.55,Samantha Atkins,Consumer,West,Utah,2022-07-13,2022-07-17
ORD-104543,Rubbermaid Tote,Office Supplies,Storage,155.14,6,0.3,12.35,21.65,Lisa Graves,Consumer,South,Georgia,2023-03-11,2023-03-14
ORD-104544,Motorola Edge,Technology,Phones,389.02,8,0.0,58.79,34.98,Krystal Arias,Corporate,South,Florida,2022-12-10,2022-12-14
ORD-104545,Realspace Bookcase,Furniture,Bookcases,393.67,7,0.0,32.53,23.23,David Barrett,Corporate,Central,Illinois,2021-11-22,2021-11-27
ORD-104546,Avery Heavy Duty Binder,Office Supplies,Binders,52.99,1,0.0,15.05,22.66,Tina Williams,Consumer,East,Pennsylvania,2022-11-18,2022-11-21
ORD-104547,3M Post-it Flags,Office Supplies,Labels,128.93,7,0.0,29.37,25.06,Christina Hoffman,Corporate,South,Tennessee,2021-02-06,2021-02-10
ORD-104548,Steelcase Leap,Furniture,Chairs,158.46,4,0.0,6.1,28.44,Jennifer Browning,Corporate,East,Maryland,2022-11-26,2022-11-28
ORD-104549,Eldon Shelf,Furniture,Furnishings,322.87,4,0.3,-53.27,31.57,Philip Cole,Corporate,South,Louisiana,2023-11-18,2023-11-22
ORD-104550,Sharp MX,Technology,Copiers,355.43,1,0.0,82.14,16.6,Samantha West,Consumer,Central,Texas,2022-02-23,2022-02-26
ORD-104551,Apple iPhone 14,Technology,Phones,527.31,6,0.1,89.07,36.06,Erica Scott,Home Office,West,Nevada,2022-03-21,2022-03-22
ORD-104552,Realspace Bookcase,Furniture,Bookcases,191.13,8,0.1,0.54,7.83,Ryan Vasquez,Consumer,Central,Wisconsin,2021-02-02,2021-02-04
ORD-104553,Expo Dry Erase,Office Supplies,Art,114.29,10,0.3,0.27,26.28,Nicole Gomez,Consumer,East,New Jersey,2021-04-06,2021-04-10
ORD-104554,Ricoh Aficio,Technology,Copiers,655.18,2,0.1,79.29,21.34,Emily Copeland,Consumer,West,Nevada,2021-08-17,2021-08-21
ORD-104555,Humanscale Chair,Furniture,Chairs,531.77,10,0.2,-17.55,38.84,Robert Foster,Consumer,South,North Carolina,2023-07-01,2023-07-05
ORD-104556,Jiffy Mailer,Office Supplies,Envelopes,123.99,5,0.0,25.27,9.21,Adam White,Corporate,South,Alabama,2022-01-04,2022-01-08
ORD-104557,Memorex Tape,Office Supplies,Supplies,90.46,6,0.4,-4.93,5.91,Christian Walker,Corporate,Central,Illinois,2022-11-03,2022-11-08
ORD-104558,Nokia 5310,Technology,Phones,668.08,1,0.0,144.61,40.31,David Marshall,Corporate,South,Tennessee,2023-05-31,2023-06-02
ORD-104559,Xerox WorkCentre,Technology,Copiers,396.69,5,0.4,-28.22,11.53,Jennifer Wright,Home Office,South,North Carolina,2021-08-20,2021-08-26
ORD-104560,Staples Standard Staples,Office Supplies,Fasteners,19.86,5,0.0,2.96,13.94,Katherine Evans,Corporate,West,Arizona,2022-05-09,2022-05-12
ORD-104561,Safco Round Table,Furniture,Tables,391.8,3,0.1,8.11,16.97,Robert Foster,Consumer,South,Mississippi,2022-10-01,2022-10-04
ORD-104562,Safco Round Table,Furniture,Tables,382.66,9,0.0,39.5,35.03,Jared Clark,Consumer,Central,Missouri,2021-04-08,2021-04-12
ORD-104563,Navigator Paper,Office Supplies,Paper,108.27,9,0.1,10.75,18.32,Dr. David Hoover,Home Office,Central,Ohio,2022-01-01,2022-01-06
ORD-104564,Navigator Paper,Office Supplies,Paper,108.26,10,0.2,11.88,31.4,Cory Pitts,Home Office,East,Maryland,2022-01-21,2022-01-23
ORD-104565,OIC Binder Clips,Office Supplies,Fasteners,129.06,10,0.1,31.06,8.77,Kayla Hooper,Consumer,South,Tennessee,2023-10-23,2023-10-28
ORD-104566,Rubbermaid Tote,Office Supplies,Storage,97.81,2,0.0,22.86,31.84,Christopher Vasquez,Corporate,Central,Michigan,2021-03-23,2021-03-26
ORD-104567,Sharp MX,Technology,Copiers,166.29,5,0.0,25.51,8.32,Adam Johnson,Consumer,Central,Ohio,2021-03-10,2021-03-12
ORD-104568,Rubbermaid Tote,Office Supplies,Storage,83.82,8,0.0,22.84,8.85,Wanda Yang,Corporate,East,New Jersey,2023-05-24,2023-05-29
ORD-104569,HP LaserJet,Technology,Machines,312.24,10,0.2,18.68,17.9,Christopher Hernandez,Home Office,West,Utah,2022-01-19,2022-01-20
ORD-104570,Quartet Calendar,Office Supplies,Supplies,89.95,4,0.0,18.99,24.56,David Hoffman,Consumer,East,Maryland,2023-07-31,2023-08-01
ORD-104571,Belkin USB Hub,Technology,Accessories,449.82,8,0.1,36.18,36.94,Erica Scott,Home Office,South,Tennessee,2023-11-30,2023-12-07
ORD-104572,Bestar Folding Table,Furniture,Tables,258.52,9,0.0,3.82,19.47,Andrew Salazar,Home Office,Central,Illinois,2023-02-09,2023-02-12
ORD-104573,Quartet Calendar,Office Supplies,Supplies,82.07,7,0.3,-3.61,18.94,Theresa Brown,Home Office,Central,Michigan,2023-11-07,2023-11-14
ORD-104574,IKEA KALLAX,Furniture,Bookcases,248.08,5,0.0,29.98,23.29,Ryan Koch,Corporate,East,Virginia,2023-06-19,2023-06-23
ORD-104575,Kraft Envelopes,Office Supplies,Envelopes,111.08,8,0.5,-18.7,10.83,Matthew Jones,Consumer,South,North Carolina,2022-06-28,2022-07-01
ORD-104576,Advantus Ring Binder,Furniture,Furnishings,429.45,9,0.4,-82.12,29.55,Patrick Dixon,Consumer,Central,Wisconsin,2021-08-09,2021-08-11
ORD-104577,Avery Shipping Labels,Office Supplies,Labels,80.56,4,0.0,15.86,19.11,Kayla Hooper,Corporate,South,Louisiana,2023-06-23,2023-06-26
ORD-104578,Sterilite Storage Box,Office Supplies,Storage,100.01,7,0.1,16.87,24.29,Michelle Smith,Corporate,South,Louisiana,2022-01-02,2022-01-05
ORD-104579,Motorola Edge,Technology,Phones,633.66,8,0.1,101.11,23.67,James Wong,Home Office,East,Maryland,2022-08-03,2022-08-07
ORD-104580,Anker Charger,Technology,Accessories,323.36,6,0.3,-21.05,18.81,Randy Terry,Consumer,South,North Carolina,2021-12-26,2021-12-28
ORD-104581,Samsung Galaxy S22,Technology,Phones,517.36,10,0.0,120.75,33.56,Kimberly Roberts,Corporate,West,Colorado,2021-06-25,2021-06-27
ORD-104582,Steelcase Leap,Furniture,Chairs,422.68,2,0.1,7.1,33.05,Anthony Conley,Consumer,South,Mississippi,2023-05-31,2023-06-04
ORD-104583,Memorex Tape,Office Supplies,Supplies,49.87,3,0.0,8.48,12.32,Donald Morales,Corporate,East,Virginia,2022-12-18,2022-12-22
ORD-104584,IKEA KALLAX,Furniture,Bookcases,342.72,8,0.1,12.72,35.94,Raymond Guerra,Corporate,West,Colorado,2021-10-01,2021-10-04
ORD-104585,Belkin USB Hub,Technology,Accessories,234.21,2,0.0,42.68,25.3,David Martinez,Consumer,East,Virginia,2022-02-05,2022-02-11
ORD-104586,HP LaserJet,Technology,Machines,511.0,5,0.1,21.69,31.74,Rodney Bentley,Corporate,East,New York,2023-10-22,2023-10-24
ORD-104587,3M Post-it Flags,Office Supplies,Labels,125.36,10,0.0,25.21,8.95,Brandon Marsh,Corporate,West,Washington,2022-11-13,2022-11-16
ORD-104588,Maco Labels,Office Supplies,Labels,130.24,10,0.1,14.76,15.28,Elizabeth Landry,Home Office,South,Alabama,2021-05-16,2021-05-20
ORD-104589,Bush Coat Rack,Furniture,Furnishings,186.8,6,0.1,-0.54,27.17,Michael Aguilar,Consumer,South,Georgia,2023-11-17,2023-11-21
ORD-104590,Jabra Headset,Technology,Accessories,394.78,7,0.3,-31.36,25.08,James Smith,Consumer,East,Maryland,2023-05-25,2023-05-27
ORD-104591,Navigator Paper,Office Supplies,Paper,83.09,10,0.0,19.67,18.82,Samantha Atkins,Consumer,East,Massachusetts,2022-12-14,2022-12-18
ORD-104592,Ricoh Aficio,Technology,Copiers,382.61,9,0.4,-54.83,26.59,Taylor Sims,Home Office,South,Louisiana,2021-04-22,2021-04-27
ORD-104593,Zebra Label Printer,Technology,Machines,136.52,5,0.3,-5.52,24.29,Brian Williams,Consumer,West,California,2023-10-21,2023-10-23
ORD-104594,HP LaserJet,Technology,Machines,395.73,10,0.1,71.44,29.42,Crystal Johnson,Corporate,West,Colorado,2021-03-29,2021-04-02
ORD-104595,Motorola Edge,Technology,Phones,259.67,6,0.0,23.26,18.54,Dr. Kevin Martin,Corporate,East,Pennsylvania,2021-10-21,2021-10-23
ORD-104596,Google Pixel 7,Technology,Phones,508.89,1,0.0,100.42,27.69,Eric Hood,Home Office,Central,Texas,2022-07-26,2022-07-27
ORD-104597,Hon 4070 Chair,Furniture,Chairs,188.99,1,0.1,-10.68,14.53,Lori West,Consumer,West,Washington,2023-07-15,2023-07-18
ORD-104598,Jabra Headset,Technology,Accessories,655.98,7,0.0,164.46,33.29,Joseph Thomas,Home Office,South,North Carolina,2023-08-09,2023-08-13
ORD-104599,Avery File Folder Labels,Office Supplies,Labels,10.4,5,0.0,2.05,22.52,Beth Baker,Corporate,West,Washington,2021-06-08,2021-06-13
ORD-104600,Mead Envelopes,Office Supplies,Envelopes,143.25,6,0.2,5.19,22.41,Joanna Ruiz,Corporate,West,California,2023-09-13,2023-09-16
ORD-104601,Logitech Keyboard,Technology,Accessories,331.5,9,0.1,28.46,23.66,Krystal Arias,Home Office,West,Oregon,2021-11-01,2021-11-03
ORD-104602,Motorola Edge,Technology,Phones,230.66,8,0.0,21.86,18.75,Laurie Smith,Home Office,East,Pennsylvania,2021-12-11,2021-12-15
ORD-104603,BIC Cristal Pens,Office Supplies,Art,123.68,8,0.0,15.81,21.74,James Smith,Home Office,Central,Wisconsin,2021-04-30,2021-05-03
ORD-104604,Motorola Edge,Technology,Phones,449.56,4,0.0,100.85,13.11,Dominique Salinas,Corporate,South,Mississippi,2023-06-17,2023-06-19
ORD-104605,Mead Envelopes,Office Supplies,Envelopes,43.56,7,0.1,4.09,13.89,Lisa Joyce,Corporate,South,Georgia,2022-09-04,2022-09-06
ORD-104606,Xerox Multi-Use Paper,Office Supplies,Paper,128.82,8,0.0,31.77,10.72,Taylor Sims,Corporate,Central,Minnesota,2022-03-14,2022-03-18
ORD-104607,Global Leather Chair,Furniture,Chairs,235.93,7,0.0,37.78,10.7,Karen Dawson,Consumer,South,Louisiana,2022-01-19,2022-01-23
ORD-104608,Advantus Ring Binder,Furniture,Furnishings,454.78,5,0.1,15.21,25.42,Emily Copeland,Consumer,East,Massachusetts,2021-01-14,2021-01-16
ORD-104609,Hammermill Copy Paper,Office Supplies,Paper,61.19,4,0.2,2.41,31.09,Frederick Finley,Corporate,South,Louisiana,2023-02-15,2023-02-19
ORD-104610,Canon Printer,Technology,Machines,455.82,9,0.1,41.28,30.65,Kevin Wagner,Home Office,West,California,2022-05-06,2022-05-09
ORD-104611,Dixon Ticonderoga Pencils,Office Supplies,Art,120.05,1,0.1,7.62,11.75,Rhonda Allen,Consumer,East,New Jersey,2021-01-09,2021-01-10
ORD-104612,HP Office Paper,Office Supplies,Paper,42.18,2,0.3,-0.46,4.26,Joshua Bush,Consumer,South,Tennessee,2023-01-06,2023-01-09
ORD-104613,BIC Cristal Pens,Office Supplies,Art,74.27,10,0.2,2.13,25.25,Jacqueline Yang,Consumer,South,Mississippi,2021-07-08,2021-07-11
ORD-104614,Konica Minolta,Technology,Copiers,127.11,9,0.2,2.67,19.11,Daniel Mccoy,Corporate,Central,Illinois,2023-09-25,2023-09-27
ORD-104615,Expo Dry Erase,Office Supplies,Art,88.31,6,0.0,22.31,23.36,Samantha Hendrix,Consumer,West,California,2023-08-05,2023-08-09
ORD-104616,Avery File Folder Labels,Office Supplies,Labels,92.2,6,0.0,19.67,29.35,Brett Hanson,Home Office,South,Mississippi,2022-11-28,2022-11-29
ORD-104617,Acco Binder Clips,Office Supplies,Fasteners,127.66,7,0.1,9.49,26.43,Emily Copeland,Consumer,South,North Carolina,2021-06-30,2021-07-04
ORD-104618,Wilson Jones Binder,Office Supplies,Binders,107.16,1,0.0,14.62,29.55,Kimberly Kelley,Corporate,West,Colorado,2022-06-05,2022-06-08
ORD-104619,Ricoh Aficio,Technology,Copiers,275.86,2,0.0,32.93,21.33,Eric Hood,Corporate,West,Nevada,2021-01-28,2021-02-02
ORD-104620,Belkin USB Hub,Technology,Accessories,535.11,4,0.0,94.57,25.24,Jerry Curtis,Corporate,Central,Missouri,2023-11-06,2023-11-11
ORD-104621,Belkin USB Hub,Technology,Accessories,407.84,5,0.0,50.84,24.49,Jessica Dodson,Consumer,Central,Ohio,2021-12-03,2021-12-07
ORD-104622,Sterilite Storage Box,Office Supplies,Storage,80.41,1,0.4,-11.11,20.77,Jeffery Rogers,Corporate,East,Maryland,2023-01-26,2023-01-29
ORD-104623,Realspace Bookcase,Furniture,Bookcases,356.01,5,0.1,-10.52,25.72,Jessica Smith,Consumer,West,Arizona,2021-09-09,2021-09-13
ORD-104624,Advantus Ring Binder,Furniture,Furnishings,469.58,6,0.2,-67.52,13.68,Dennis Mason,Home Office,East,New Jersey,2022-08-08,2022-08-10
ORD-104625,Realspace Bookcase,Furniture,Bookcases,213.22,2,0.1,22.15,27.85,Christopher Hernandez,Home Office,Central,Illinois,2021-02-08,2021-02-12
ORD-104626,IKEA KALLAX,Furniture,Bookcases,257.78,1,0.0,8.83,13.5,Jonathan Baker,Corporate,Central,Michigan,2021-10-06,2021-10-12
ORD-104627,Sauder Bookcase,Furniture,Bookcases,336.29,7,0.2,-28.17,36.48,Kaitlin Young,Corporate,Central,Texas,2021-06-29,2021-07-02
ORD-104628,Advantus Ring Binder,Furniture,Furnishings,209.7,2,0.0,9.48,16.95,Isaac Riley DVM,Home Office,West,Utah,2023-07-18,2023-07-19
ORD-104629,Xerox WorkCentre,Technology,Copiers,852.94,1,0.1,74.57,43.78,Robert Harris,Corporate,West,Nevada,2023-04-03,2023-04-04
ORD-104630,Realspace Bookcase,Furniture,Bookcases,78.93,2,0.1,7.47,21.22,James Smith,Corporate,East,Massachusetts,2021-12-04,2021-12-08
ORD-104631,Deflect-o Stackable,Office Supplies,Storage,109.55,3,0.1,11.14,8.69,Theresa Estrada,Home Office,East,New York,2023-03-07,2023-03-08
ORD-104632,Mead Envelopes,Office Supplies,Envelopes,60.14,4,0.0,15.26,17.52,Jason Harrison,Consumer,South,North Carolina,2021-06-28,2021-07-02
ORD-104633,Avery Address Labels,Office Supplies,Labels,82.1,9,0.2,-2.98,15.66,Christopher Vasquez,Home Office,Central,Minnesota,2022-04-03,2022-04-10
ORD-104634,Rubbermaid Cabinet,Furniture,Furnishings,524.47,6,0.2,-42.85,35.05,Michele Hess,Consumer,South,Alabama,2021-07-13,2021-07-17
ORD-104635,Dixon Ticonderoga Pencils,Office Supplies,Art,137.86,10,0.2,17.08,14.89,Courtney Gardner,Home Office,East,Massachusetts,2023-02-22,2023-02-28
ORD-104636,Samsung Galaxy S22,Technology,Phones,249.84,8,0.0,57.88,24.91,Stephen Curtis,Consumer,Central,Minnesota,2022-12-04,2022-12-08
ORD-104637,Apple iPhone 14,Technology,Phones,305.77,9,0.0,26.5,11.42,Melissa Thompson,Consumer,Central,Missouri,2022-05-19,2022-05-22
ORD-104638,Quartet Calendar,Office Supplies,Supplies,76.41,4,0.0,18.33,30.38,Stephen Reyes,Consumer,West,Oregon,2022-01-17,2022-01-20
ORD-104639,Xerox WorkCentre,Technology,Copiers,335.96,1,0.0,55.32,10.89,Kevin Wagner,Corporate,South,Tennessee,2021-06-11,2021-06-17
ORD-104640,Hon 10500 Table,Furniture,Tables,447.23,5,0.0,47.1,28.86,Michael Aguilar,Consumer,East,Massachusetts,2021-04-20,2021-04-26
ORD-104641,Hammermill Copy Paper,Office Supplies,Paper,63.01,4,0.0,16.07,26.77,Jeffrey Golden,Corporate,East,New York,2021-05-16,2021-05-20
ORD-104642,Motorola Edge,Technology,Phones,441.63,10,0.0,23.81,21.42,Sandra Torres,Consumer,East,New York,2021-12-12,2021-12-16
ORD-104643,Advantus Ring Binder,Furniture,Furnishings,361.4,7,0.5,-101.34,18.93,Edward Murphy,Consumer,Central,Ohio,2021-06-09,2021-06-13
ORD-104644,OIC Binder Clips,Office Supplies,Fasteners,90.64,4,0.0,23.98,15.54,Lisa Graves,Home Office,East,New Jersey,2021-06-04,2021-06-08
ORD-104645,Eldon Shelf,Furniture,Furnishings,229.31,10,0.0,26.79,25.77,Brittany Joyce,Corporate,East,New Jersey,2022-11-04,2022-11-08
ORD-104646,Avery Shipping Labels,Office Supplies,Labels,39.86,7,0.0,9.58,16.49,Dennis Mason,Corporate,West,Utah,2021-01-31,2021-02-05
ORD-104647,Konica Minolta,Technology,Copiers,722.49,7,0.2,-21.49,32.95,Brittany Joyce,Corporate,South,Louisiana,2023-02-15,2023-02-19
ORD-104648,Memorex Tape,Office Supplies,Supplies,65.69,8,0.4,-8.9,25.68,Beth Baker,Corporate,South,Louisiana,2021-11-20,2021-11-24
ORD-104649,Rubbermaid Cabinet,Furniture,Furnishings,325.6,9,0.0,15.25,33.88,Chad Sheppard,Consumer,South,Tennessee,2023-05-19,2023-05-22
ORD-104650,Dixon Ticonderoga Pencils,Office Supplies,Art,103.48,10,0.0,27.15,17.7,Erika Marshall,Consumer,West,Utah,2022-10-14,2022-10-15
ORD-104651,Expo Dry Erase,Office Supplies,Art,107.1,8,0.0,14.09,11.78,Douglas Rodriguez,Corporate,South,Alabama,2022-08-02,2022-08-06
ORD-104652,Bush Furniture Bookcase,Furniture,Bookcases,429.42,3,0.0,63.07,17.47,Susan Lawson,Home Office,East,Massachusetts,2023-01-24,2023-01-27
ORD-104653,Lorell Glass Table,Furniture,Tables,409.62,10,0.2,-16.94,20.55,Wanda Yang,Home Office,East,Pennsylvania,2022-11-12,2022-11-16
ORD-104654,Navigator Paper,Office Supplies,Paper,97.05,8,0.1,18.6,20.66,John Burgess,Home Office,West,Nevada,2023-10-21,2023-10-24
ORD-104655,Staples Copy Paper,Office Supplies,Paper,151.55,6,0.2,1.87,12.1,Jessica Chapman,Corporate,West,Washington,2021-05-21,2021-05-26
ORD-104656,Ricoh Aficio,Technology,Copiers,582.5,9,0.2,9.14,27.83,Theresa Brown,Corporate,South,Florida,2022-09-20,2022-09-23
ORD-104657,BIC Cristal Pens,Office Supplies,Art,85.85,5,0.0,12.29,14.81,Samantha Hendrix,Corporate,Central,Missouri,2021-08-17,2021-08-21
ORD-104658,Canon imageRUNNER,Technology,Copiers,364.43,9,0.2,-10.88,14.72,Jack Miranda,Consumer,South,Tennessee,2021-04-07,2021-04-13
ORD-104659,Avery File Folder Labels,Office Supplies,Labels,75.16,7,0.1,6.4,6.2,Jared Clark,Home Office,East,New Jersey,2023-10-06,2023-10-08
ORD-104660,Apple iPhone 14,Technology,Phones,338.17,10,0.0,54.0,33.81,Matthew Molina,Consumer,Central,Missouri,2021-06-06,2021-06-10
ORD-104661,Xerox Multi-Use Paper,Office Supplies,Paper,93.1,10,0.2,-1.93,5.74,Theresa Estrada,Consumer,West,California,2023-09-03,2023-09-08
ORD-104662,Hon 4070 Chair,Furniture,Chairs,136.54,5,0.4,-27.57,13.26,Kimberly Roberts,Consumer,South,Georgia,2021-03-13,2021-03-15
ORD-104663,Bestar Folding Table,Furniture,Tables,214.31,7,0.3,-18.49,27.67,Katherine Evans,Consumer,West,Oregon,2022-12-09,2022-12-12
ORD-104664,Ikea BEKANT Desk,Furniture,Tables,337.03,7,0.2,-10.0,23.48,John Gomez,Consumer,West,Nevada,2021-06-28,2021-07-01
ORD-104665,IKEA KALLAX,Furniture,Bookcases,479.28,1,0.0,40.51,27.89,Jennifer Moyer,Consumer,West,Oregon,2022-11-13,2022-11-14
ORD-104666,Eldon Shelf,Furniture,Furnishings,241.06,8,0.1,15.33,24.7,Lucas Hernandez,Consumer,South,Louisiana,2023-04-27,2023-04-30
ORD-104667,Bush Furniture Bookcase,Furniture,Bookcases,371.14,5,0.3,-55.44,12.17,Matthew Compton,Consumer,Central,Missouri,2022-03-02,2022-03-05
ORD-104668,HP Office Paper,Office Supplies,Paper,134.53,9,0.0,28.17,31.27,Katherine Evans,Corporate,West,Oregon,2022-10-10,2022-10-13
ORD-104669,Realspace Bookcase,Furniture,Bookcases,313.93,3,0.4,-68.73,11.6,Frederick Moss,Corporate,Central,Illinois,2023-02-15,2023-02-21
ORD-104670,Cardinal Binder,Office Supplies,Binders,60.09,4,0.5,-10.58,11.36,Lisa Joyce,Home Office,South,Mississippi,2021-03-12,2021-03-15
ORD-104671,Ibico MB,Office Supplies,Binders,134.7,10,0.0,32.63,16.04,Jennifer Wilson,Consumer,West,Colorado,2023-08-25,2023-08-29
ORD-104672,Dixon Ticonderoga Pencils,Office Supplies,Art,90.99,3,0.4,-9.83,16.39,Michelle Bell,Consumer,South,Georgia,2022-03-09,2022-03-12
ORD-104673,Anker Charger,Technology,Accessories,462.94,1,0.4,-47.46,23.8,Christopher Hernandez,Corporate,East,Pennsylvania,2023-09-30,2023-10-04
ORD-104674,HP Wireless Mouse,Technology,Accessories,507.48,8,0.1,42.33,26.48,Emily Copeland,Consumer,West,Oregon,2022-05-05,2022-05-10
ORD-104675,Sterilite Storage Box,Office Supplies,Storage,100.39,8,0.0,24.49,30.63,Patrick Hardin,Home Office,South,Alabama,2023-03-31,2023-04-02
ORD-104676,Mead Envelopes,Office Supplies,Envelopes,57.77,4,0.0,13.2,14.24,Samantha Hernandez,Corporate,East,Pennsylvania,2021-11-02,2021-11-05
ORD-104677,Acco Staple Remover,Office Supplies,Supplies,20.84,5,0.2,1.75,30.34,Jennifer Ellison,Corporate,Central,Ohio,2022-12-23,2022-12-26
ORD-104678,Konica Minolta,Technology,Copiers,515.65,3,0.1,70.84,29.78,Kerry Jackson,Home Office,East,Virginia,2021-02-27,2021-03-03
ORD-104679,Acco Binder Clips,Office Supplies,Fasteners,77.36,7,0.0,18.21,8.06,Curtis Fields,Consumer,South,Alabama,2021-12-21,2021-12-23
ORD-104680,Realspace Bookcase,Furniture,Bookcases,480.87,4,0.4,-71.8,38.48,Penny Wilson,Home Office,West,Washington,2023-09-27,2023-09-28
ORD-104681,Bush Coat Rack,Furniture,Furnishings,306.5,3,0.0,32.79,11.94,Robert Harris,Corporate,West,Nevada,2022-06-01,2022-06-03
ORD-104682,AT-A-GLANCE Planner,Office Supplies,Supplies,125.55,5,0.0,18.2,13.15,Brandon Morse,Consumer,Central,Michigan,2022-12-03,2022-12-10
ORD-104683,IKEA KALLAX,Furniture,Bookcases,271.23,1,0.0,45.24,17.11,James Smith,Consumer,East,New York,2021-07-04,2021-07-07
ORD-104684,Safco Round Table,Furniture,Tables,427.02,4,0.0,50.59,21.64,Jessica Hill,Consumer,Central,Missouri,2022-12-18,2022-12-21
ORD-104685,Konica Minolta,Technology,Copiers,169.07,9,0.3,-10.57,26.47,Jeremy Thomas,Consumer,Central,Missouri,2023-01-26,2023-01-29
ORD-104686,Safco Round Table,Furniture,Tables,239.21,3,0.0,27.88,13.05,Danny Dodson,Corporate,East,New York,2023-07-12,2023-07-13
ORD-104687,HP LaserJet,Technology,Machines,280.5,10,0.5,-76.1,20.21,Michele Hess,Consumer,South,Georgia,2023-07-08,2023-07-11
ORD-104688,Ikea BEKANT Desk,Furniture,Tables,62.22,1,0.3,-4.91,19.36,Christopher Vasquez,Consumer,Central,Missouri,2022-12-15,2022-12-17
ORD-104689,Sharp MX,Technology,Copiers,346.04,3,0.5,-73.41,25.59,Michael Arroyo,Corporate,East,Connecticut,2021-04-07,2021-04-11
ORD-104690,Navigator Paper,Office Supplies,Paper,89.93,5,0.1,7.79,7.01,Karen Charles,Consumer,Central,Missouri,2021-09-22,2021-09-25
ORD-104691,Lorell Glass Table,Furniture,Tables,158.91,1,0.3,-30.24,30.85,Jennifer Ellison,Consumer,East,Pennsylvania,2021-04-12,2021-04-16
ORD-104692,Safco Round Table,Furniture,Tables,223.22,9,0.4,-45.02,14.15,Cory Pitts,Home Office,South,Alabama,2021-12-13,2021-12-16
ORD-104693,Samsung Galaxy S22,Technology,Phones,282.69,9,0.0,75.57,26.17,Jasmine Anderson,Consumer,West,Utah,2022-05-29,2022-06-04
ORD-104694,Sharp MX,Technology,Copiers,574.34,1,0.4,-57.19,29.12,Dennis Mason,Consumer,East,Massachusetts,2023-08-28,2023-09-01
ORD-104695,HP LaserJet,Technology,Machines,390.85,2,0.4,-25.13,13.09,Brianna Warner,Consumer,West,Colorado,2021-10-31,2021-11-03
ORD-104696,Deflect-o Stackable,Office Supplies,Storage,83.02,10,0.2,4.85,30.76,Stephen Reyes,Home Office,East,New York,2022-01-18,2022-01-20
ORD-104697,Avery Flexi-View,Office Supplies,Binders,95.44,4,0.1,16.71,27.4,Brett Hanson,Home Office,East,New Jersey,2022-08-17,2022-08-21
ORD-104698,Anker Charger,Technology,Accessories,511.91,10,0.1,39.03,26.9,David Barrett,Consumer,East,Virginia,2023-10-23,2023-10-27
ORD-104699,Belkin USB Hub,Technology,Accessories,324.72,8,0.0,68.84,17.92,Lucas Hernandez,Home Office,South,Alabama,2023-12-04,2023-12-08
ORD-104700,Mead Envelopes,Office Supplies,Envelopes,112.89,5,0.1,13.58,28.74,Kyle Washington,Consumer,Central,Missouri,2022-01-13,2022-01-18
ORD-104701,Ergon Chair,Furniture,Chairs,119.54,4,0.0,10.71,11.3,Jennifer Wilson,Corporate,East,Maryland,2023-10-15,2023-10-17
ORD-104702,Avery Flexi-View,Office Supplies,Binders,109.95,2,0.0,34.11,19.59,Carla Chen,Consumer,West,Washington,2022-04-02,2022-04-08
ORD-104703,Wilson Jones Binder,Office Supplies,Binders,51.67,2,0.0,10.27,12.24,Timothy Wiggins,Consumer,West,Arizona,2023-06-08,2023-06-11
ORD-104704,Mead Envelopes,Office Supplies,Envelopes,77.54,10,0.0,22.32,23.72,Melissa Newton,Corporate,Central,Minnesota,2021-08-26,2021-08-28
ORD-104705,Advantus Ring Binder,Furniture,Furnishings,305.81,5,0.1,-7.76,16.64,Mary Meza,Corporate,West,Nevada,2022-10-29,2022-11-02
ORD-104706,Sauder Bookcase,Furniture,Bookcases,377.04,1,0.4,-90.58,32.84,Lisa Graves,Consumer,East,Maryland,2021-06-30,2021-07-03
ORD-104707,Belkin USB Hub,Technology,Accessories,214.1,7,0.0,28.98,14.45,Deanna Johnson,Consumer,Central,Missouri,2021-01-10,2021-01-15
ORD-104708,Ergon Chair,Furniture,Chairs,518.09,6,0.0,61.76,25.52,Rebecca Lewis,Corporate,South,Alabama,2022-10-06,2022-10-08
ORD-104709,Eldon Mobile,Office Supplies,Storage,93.45,6,0.2,4.44,11.8,Michael Smith,Home Office,East,Maryland,2021-08-19,2021-08-22
ORD-104710,Advantus Binder Clips,Office Supplies,Fasteners,99.35,1,0.1,15.3,13.79,Jeremiah Smith,Home Office,East,Connecticut,2022-02-24,2022-02-25
ORD-104711,Avery File Folder Labels,Office Supplies,Labels,99.35,7,0.3,-1.42,12.76,Carla Park,Consumer,East,Massachusetts,2021-07-11,2021-07-15
ORD-104712,Steelcase Leap,Furniture,Chairs,414.26,1,0.1,8.76,12.91,Joanna Ruiz,Home Office,East,Maryland,2022-05-02,2022-05-06
ORD-104713,Bush Coat Rack,Furniture,Furnishings,192.65,10,0.0,13.37,29.5,James Wong,Consumer,South,North Carolina,2023-07-06,2023-07-08
ORD-104714,Stanley Staple Gun,Office Supplies,Fasteners,26.67,4,0.1,6.44,5.83,Patricia Hammond,Corporate,Central,Ohio,2023-02-23,2023-02-26
ORD-104715,Fellowes Storage Case,Office Supplies,Storage,117.61,8,0.5,-26.05,8.21,Ashley Johnson,Home Office,Central,Minnesota,2023-01-17,2023-01-22
ORD-104716,Hon 4070 Chair,Furniture,Chairs,276.18,7,0.5,-91.65,27.56,Melissa Thompson,Home Office,South,Louisiana,2021-10-30,2021-11-04
ORD-104717,Xerox WorkCentre,Technology,Copiers,656.81,2,0.1,19.05,27.58,Kara Davis,Consumer,West,California,2022-05-04,2022-05-06
ORD-104718,HP LaserJet,Technology,Machines,428.32,3,0.2,6.24,24.08,Thomas Gutierrez,Corporate,East,New York,2022-05-27,2022-06-02
ORD-104719,Staples Copy Paper,Office Supplies,Paper,116.46,8,0.1,15.7,24.23,Kelly May,Consumer,Central,Ohio,2021-07-21,2021-07-26
ORD-104720,BIC Cristal Pens,Office Supplies,Art,33.74,3,0.0,7.0,11.73,Deborah Warren,Consumer,South,Tennessee,2021-02-09,2021-02-11
ORD-104721,AT-A-GLANCE Planner,Office Supplies,Supplies,58.89,5,0.1,8.48,28.53,Dr. Darren Mcneil,Corporate,Central,Illinois,2022-12-18,2022-12-22
ORD-104722,Canon Printer,Technology,Machines,639.47,5,0.3,-93.98,27.2,James Smith,Consumer,East,New Jersey,2021-02-06,2021-02-13
ORD-104723,Brother Fax Machine,Technology,Machines,281.96,10,0.5,-69.82,30.07,Kayla Elliott,Corporate,South,Mississippi,2023-02-06,2023-02-08
ORD-104724,Lorell Mirror,Furniture,Furnishings,264.2,5,0.0,36.2,34.4,Jonathan White,Consumer,Central,Wisconsin,2021-04-09,2021-04-12
ORD-104725,Tyvek Mailer,Office Supplies,Envelopes,84.45,9,0.0,20.33,31.63,Dennis Mason,Consumer,South,Florida,2022-05-08,2022-05-10
ORD-104726,Konica Minolta,Technology,Copiers,309.88,10,0.1,34.55,23.01,Ronald Ramsey,Consumer,West,Nevada,2022-07-23,2022-07-26
ORD-104727,Memorex Tape,Office Supplies,Supplies,114.89,6,0.0,21.07,16.62,Brandon Marsh,Consumer,South,Tennessee,2021-07-30,2021-08-03
ORD-104728,Acco Staple Remover,Office Supplies,Supplies,115.0,4,0.0,25.6,31.49,Aaron Little,Consumer,South,North Carolina,2021-06-23,2021-06-26
ORD-104729,Staples Standard Staples,Office Supplies,Fasteners,123.45,9,0.0,25.92,10.93,Jessica Chapman,Home Office,South,Mississippi,2021-07-21,2021-07-23
ORD-104730,Xerox Multi-Use Paper,Office Supplies,Paper,102.2,1,0.0,22.28,31.98,Erika Marshall,Home Office,Central,Missouri,2021-09-29,2021-10-03
ORD-104731,Eldon Shelf,Furniture,Furnishings,298.45,6,0.1,9.83,27.79,Mark Hansen,Consumer,Central,Texas,2023-03-29,2023-04-01
ORD-104732,Rubbermaid Cabinet,Furniture,Furnishings,374.42,5,0.1,-15.9,35.69,Gary Anderson,Consumer,West,Colorado,2022-03-27,2022-03-30
ORD-104733,Logitech Keyboard,Technology,Accessories,639.38,5,0.0,55.64,29.85,Emily Copeland,Home Office,Central,Texas,2022-04-30,2022-05-03
ORD-104734,Logitech Keyboard,Technology,Accessories,300.43,9,0.2,4.59,22.87,Donna Jones,Consumer,West,Washington,2021-05-10,2021-05-13
ORD-104735,Steelcase Leap,Furniture,Chairs,359.48,3,0.4,-50.76,30.53,Todd Khan,Consumer,Central,Michigan,2023-08-14,2023-08-15
ORD-104736,Bestar Folding Table,Furniture,Tables,87.01,8,0.1,-0.47,6.69,Mark Hansen,Home Office,Central,Illinois,2021-07-25,2021-07-27
ORD-104737,Jiffy Mailer,Office Supplies,Envelopes,21.94,7,0.0,4.86,8.88,Kyle Washington,Corporate,South,Tennessee,2022-09-15,2022-09-18
ORD-104738,Samsung Galaxy S22,Technology,Phones,453.47,8,0.2,45.14,15.37,Krystal Arias,Consumer,East,Pennsylvania,2023-07-14,2023-07-19
ORD-104739,Bestar Folding Table,Furniture,Tables,324.48,5,0.5,-80.41,12.97,Cory Gibson,Home Office,East,New York,2023-06-30,2023-07-03
ORD-104740,Staples Standard Staples,Office Supplies,Fasteners,108.68,2,0.3,-4.54,21.98,Carmen Fowler,Corporate,West,Colorado,2023-07-11,2023-07-13
ORD-104741,Apple iPhone 14,Technology,Phones,184.57,8,0.3,-8.54,6.93,Kaitlin Young,Consumer,East,New Jersey,2023-07-14,2023-07-18
ORD-104742,Lorell Mirror,Furniture,Furnishings,130.95,2,0.1,11.1,26.12,Thomas Gutierrez,Consumer,Central,Texas,2022-03-11,2022-03-15
ORD-104743,Apple iPhone 14,Technology,Phones,384.07,3,0.2,30.63,11.95,Rebecca Lewis,Consumer,Central,Michigan,2022-05-18,2022-05-20
ORD-104744,Fellowes Storage Case,Office Supplies,Storage,74.63,4,0.1,11.45,21.58,Jason Pineda,Consumer,East,New York,2022-11-29,2022-12-04
ORD-104745,Avery Shipping Labels,Office Supplies,Labels,96.7,6,0.3,-2.15,9.83,Rhonda Allen,Corporate,West,Colorado,2021-10-05,2021-10-08
ORD-104746,Humanscale Chair,Furniture,Chairs,258.08,6,0.1,10.23,29.61,Holly Smith,Home Office,South,Alabama,2022-07-03,2022-07-07
ORD-104747,Lorell Glass Table,Furniture,Tables,198.86,3,0.4,-55.77,27.8,Melissa Jenkins,Consumer,East,New Jersey,2022-10-07,2022-10-10
ORD-104748,HP LaserJet,Technology,Machines,608.85,5,0.2,34.31,27.75,Gary Anderson,Consumer,East,New York,2022-12-03,2022-12-07
ORD-104749,Anker Charger,Technology,Accessories,420.54,5,0.1,77.07,33.13,Alexandria Cowan,Corporate,Central,Wisconsin,2021-09-04,2021-09-08
ORD-104750,Bush Coat Rack,Furniture,Furnishings,277.87,5,0.0,46.16,25.55,Jennifer Wright,Home Office,Central,Ohio,2022-09-11,2022-09-15
ORD-104751,Wilson Jones Binder,Office Supplies,Binders,95.62,2,0.0,16.14,26.22,Vincent Mcdonald,Corporate,West,Nevada,2023-08-08,2023-08-10
ORD-104752,Expo Dry Erase,Office Supplies,Art,149.14,2,0.4,-7.53,9.56,Jared Clark,Consumer,South,Mississippi,2021-06-24,2021-06-27
ORD-104753,Safco Round Table,Furniture,Tables,295.48,1,0.3,-30.62,30.35,Danny Dodson,Consumer,East,Virginia,2022-12-22,2022-12-25
ORD-104754,Navigator Paper,Office Supplies,Paper,77.08,5,0.1,13.99,15.21,Chad Sheppard,Consumer,South,Alabama,2023-06-23,2023-06-27
ORD-104755,Lorell Glass Table,Furniture,Tables,23.07,4,0.1,-0.71,7.73,Stephen Reyes,Corporate,East,Virginia,2021-04-15,2021-04-19
ORD-104756,Kraft Envelopes,Office Supplies,Envelopes,121.34,9,0.2,5.77,14.12,Ashley Johnston,Corporate,South,Georgia,2021-06-21,2021-06-25
ORD-104757,Steelcase Leap,Furniture,Chairs,334.91,3,0.1,-15.85,23.26,Emily Copeland,Consumer,East,Maryland,2021-01-23,2021-01-26
ORD-104758,Sanford Markers,Office Supplies,Art,149.13,8,0.4,-6.04,10.77,Kaitlin Young,Corporate,South,Louisiana,2023-03-21,2023-03-26
ORD-104759,Acco Binder Clips,Office Supplies,Fasteners,83.58,2,0.2,3.32,27.87,Michelle Hansen MD,Home Office,Central,Michigan,2022-04-17,2022-04-22
ORD-104760,Wilson Jones Binder,Office Supplies,Binders,122.95,9,0.0,39.24,14.22,William Clark,Corporate,Central,Michigan,2023-07-16,2023-07-19
ORD-104761,Belkin USB Hub,Technology,Accessories,562.6,9,0.0,162.36,16.96,Matthew Jones,Home Office,East,Connecticut,2022-11-15,2022-11-20
ORD-104762,HP LaserJet,Technology,Machines,262.42,10,0.2,-5.5,8.89,Matthew Jones,Corporate,West,California,2021-06-11,2021-06-13
ORD-104763,Samsung Galaxy S22,Technology,Phones,219.77,7,0.4,-25.91,23.38,Lucas Hernandez,Home Office,Central,Illinois,2021-11-08,2021-11-12
ORD-104764,Eldon Mobile,Office Supplies,Storage,95.62,3,0.0,20.31,15.95,Stephen Curtis,Corporate,West,Colorado,2021-04-04,2021-04-09
ORD-104765,Navigator Paper,Office Supplies,Paper,115.9,10,0.2,14.1,10.32,Andrew Salazar,Consumer,South,Tennessee,2022-08-16,2022-08-18
ORD-104766,Sanford Markers,Office Supplies,Art,41.18,1,0.0,7.83,12.95,Timothy Best,Consumer,West,Oregon,2022-12-18,2022-12-22
ORD-104767,Zebra Label Printer,Technology,Machines,541.22,7,0.1,41.46,22.69,Brett Hanson,Consumer,South,Alabama,2022-06-02,2022-06-06
ORD-104768,Motorola Edge,Technology,Phones,282.29,6,0.5,-47.73,29.02,Travis Santiago,Consumer,West,Washington,2023-06-10,2023-06-13
ORD-104769,Jiffy Mailer,Office Supplies,Envelopes,48.74,9,0.3,-1.71,27.71,Jared Clark,Consumer,Central,Texas,2023-10-09,2023-10-11
ORD-104770,Epson Scanner,Technology,Machines,462.58,7,0.0,69.99,16.54,Allison Wells,Home Office,East,New Jersey,2022-12-22,2022-12-25
ORD-104771,Lorell Glass Table,Furniture,Tables,403.98,9,0.2,-35.73,30.3,Patricia Hammond,Corporate,West,Utah,2023-10-27,2023-10-30
ORD-104772,Hon 4070 Chair,Furniture,Chairs,479.03,9,0.0,44.89,38.37,Daniel Abbott,Corporate,South,Louisiana,2023-03-06,2023-03-10
ORD-104773,Jabra Headset,Technology,Accessories,517.4,7,0.3,-11.74,38.53,Patrick Hardin,Home Office,East,New Jersey,2022-02-05,2022-02-06
ORD-104774,Jabra Headset,Technology,Accessories,309.59,1,0.4,-75.13,26.98,Samantha Atkins,Consumer,Central,Wisconsin,2022-04-24,2022-04-28
ORD-104775,Advantus Binder Clips,Office Supplies,Fasteners,101.54,10,0.4,-9.79,17.82,April Howard,Corporate,South,Alabama,2022-12-17,2022-12-19
ORD-104776,HP LaserJet,Technology,Machines,498.93,10,0.0,84.16,22.67,Rachel Wright,Consumer,Central,Minnesota,2023-11-16,2023-11-21
ORD-104777,AT-A-GLANCE Planner,Office Supplies,Supplies,76.23,5,0.1,18.33,7.34,Nicole Jimenez,Consumer,Central,Wisconsin,2022-06-28,2022-06-30
ORD-104778,Quartet Calendar,Office Supplies,Supplies,42.88,7,0.2,4.15,26.27,Kimberly Garrett,Corporate,Central,Missouri,2021-01-13,2021-01-17
ORD-104779,Maco Labels,Office Supplies,Labels,71.61,9,0.0,14.55,4.8,Connie Rios,Consumer,East,Maryland,2021-10-02,2021-10-06
ORD-104780,Avery Address Labels,Office Supplies,Labels,79.85,5,0.0,14.36,13.09,Jermaine Wolf,Corporate,Central,Michigan,2023-09-06,2023-09-11
ORD-104781,Staples Standard Staples,Office Supplies,Fasteners,108.28,5,0.0,31.35,14.24,Janet King,Consumer,South,Tennessee,2022-01-16,2022-01-21
ORD-104782,Lorell Mirror,Furniture,Furnishings,366.4,2,0.0,38.53,16.71,William West,Consumer,Central,Missouri,2023-06-30,2023-07-03
ORD-104783,Avery Flexi-View,Office Supplies,Binders,58.43,5,0.0,14.36,17.51,Joseph Rodriguez,Home Office,Central,Minnesota,2021-05-20,2021-05-24
ORD-104784,Safco Round Table,Furniture,Tables,568.76,3,0.0,46.05,14.65,Frederick Moss,Consumer,South,Louisiana,2023-06-01,2023-06-05
ORD-104785,Avery Address Labels,Office Supplies,Labels,77.97,5,0.0,14.97,6.85,Aaron Little,Corporate,Central,Minnesota,2021-06-17,2021-06-18
ORD-104786,Ricoh Aficio,Technology,Copiers,331.69,6,0.2,-38.9,24.99,Deborah Warren,Corporate,South,North Carolina,2021-09-22,2021-09-23
ORD-104787,Staples Standard Staples,Office Supplies,Fasteners,102.96,2,0.0,18.3,13.76,Christina Hoffman,Corporate,West,Utah,2021-07-17,2021-07-24
ORD-104788,Navigator Paper,Office Supplies,Paper,38.47,3,0.1,6.83,21.15,Trevor Martinez,Consumer,East,Maryland,2021-11-12,2021-11-15
ORD-104789,Fellowes Storage Case,Office Supplies,Storage,55.38,8,0.0,11.25,8.76,Joseph Thomas,Consumer,West,Oregon,2023-01-14,2023-01-17
ORD-104790,OIC Binder Clips,Office Supplies,Fasteners,136.93,1,0.1,9.52,24.61,Jennifer Montgomery,Corporate,South,Tennessee,2021-08-10,2021-08-14
ORD-104791,Avery Address Labels,Office Supplies,Labels,40.96,4,0.0,9.56,30.12,Robert Foster,Corporate,South,Florida,2023-07-30,2023-08-01
ORD-104792,Sauder Bookcase,Furniture,Bookcases,447.94,4,0.5,-169.64,31.38,Lori Levine,Home Office,West,Arizona,2022-07-21,2022-07-24
ORD-104793,Xerox Multi-Use Paper,Office Supplies,Paper,103.05,8,0.1,17.42,16.4,Shawn Martinez,Consumer,Central,Ohio,2022-10-22,2022-10-25
ORD-104794,Prepac Bookcase,Furniture,Bookcases,62.9,8,0.1,3.77,11.39,Andrew Salazar,Corporate,Central,Illinois,2021-09-28,2021-10-02
ORD-104795,Bush Coat Rack,Furniture,Furnishings,415.19,7,0.0,35.05,25.88,Kayla Hooper,Home Office,West,Nevada,2023-07-23,2023-07-26
ORD-104796,Hon 4070 Chair,Furniture,Chairs,460.28,9,0.0,72.18,29.43,Christian Walker,Corporate,East,Maryland,2021-09-22,2021-09-25
ORD-104797,Bush Furniture Bookcase,Furniture,Bookcases,322.37,3,0.0,24.96,23.33,Daniel Abbott,Consumer,East,Connecticut,2021-10-12,2021-10-16
ORD-104798,HP LaserJet,Technology,Machines,254.35,3,0.0,45.31,21.45,Amy Reyes,Home Office,West,Utah,2021-07-31,2021-08-03
ORD-104799,Google Pixel 7,Technology,Phones,501.16,2,0.0,82.09,27.69,Kara Davis,Consumer,East,Connecticut,2022-04-07,2022-04-10
ORD-104800,Dixon Ticonderoga Pencils,Office Supplies,Art,19.68,7,0.3,0.85,30.03,Taylor Hall,Consumer,West,Washington,2022-07-10,2022-07-14
ORD-104801,Hon 4070 Chair,Furniture,Chairs,332.83,3,0.4,-79.54,34.15,Stephanie Stevenson,Corporate,East,Virginia,2021-09-02,2021-09-06
ORD-104802,Bush Furniture Bookcase,Furniture,Bookcases,412.86,5,0.0,72.76,14.8,Carmen Fowler,Consumer,East,Virginia,2022-05-07,2022-05-11
ORD-104803,HP LaserJet,Technology,Machines,58.31,3,0.4,-6.9,21.92,Ashley Johnson,Consumer,South,Mississippi,2023-09-07,2023-09-08
ORD-104804,HP LaserJet,Technology,Machines,181.74,8,0.3,-6.37,29.49,Christopher Hernandez,Consumer,Central,Wisconsin,2023-07-16,2023-07-19
ORD-104805,Staples Copy Paper,Office Supplies,Paper,94.09,4,0.0,23.69,30.56,Kerry Jackson,Corporate,East,Virginia,2021-10-25,2021-10-29
ORD-104806,Lorell Mirror,Furniture,Furnishings,250.09,8,0.4,-78.44,33.79,Patrick Brown,Consumer,Central,Minnesota,2023-09-26,2023-09-29
ORD-104807,Anker Charger,Technology,Accessories,337.94,3,0.0,67.7,29.29,Isaac Riley DVM,Consumer,West,Arizona,2022-10-12,2022-10-15
ORD-104808,Sharp MX,Technology,Copiers,572.46,2,0.5,-159.48,19.01,Jerome Walker,Home Office,Central,Wisconsin,2022-08-20,2022-08-25
ORD-104809,Staples Copy Paper,Office Supplies,Paper,122.87,10,0.3,-6.44,14.99,Jeffery Rogers,Consumer,South,Georgia,2023-12-11,2023-12-13
ORD-104810,Ricoh Aficio,Technology,Copiers,467.99,8,0.0,72.31,14.49,Hayden Garcia,Home Office,South,Florida,2021-11-24,2021-11-27
ORD-104811,IKEA KALLAX,Furniture,Bookcases,331.86,8,0.0,47.98,12.66,Andrew Salazar,Consumer,South,Tennessee,2021-02-16,2021-02-18
ORD-104812,IKEA KALLAX,Furniture,Bookcases,162.76,7,0.1,-2.28,19.53,Samantha West,Corporate,East,Virginia,2023-05-08,2023-05-11
ORD-104813,Anker Charger,Technology,Accessories,439.59,1,0.1,96.74,17.85,William Harrington,Corporate,West,Washington,2023-11-22,2023-11-24
ORD-104814,Steelcase Leap,Furniture,Chairs,206.42,10,0.2,8.67,8.61,Stephanie Stevenson,Corporate,Central,Missouri,2021-09-05,2021-09-10
ORD-104815,Xerox Multi-Use Paper,Office Supplies,Paper,154.14,8,0.2,8.5,9.03,Stephanie Ramirez,Consumer,Central,Ohio,2022-04-16,2022-04-20
ORD-104816,HP LaserJet,Technology,Machines,362.3,6,0.1,23.69,36.95,Casey Liu,Corporate,East,Virginia,2023-01-27,2023-02-01
ORD-104817,Expo Dry Erase,Office Supplies,Art,87.82,4,0.4,-14.96,23.67,Michelle Smith,Corporate,East,Connecticut,2023-08-06,2023-08-09
ORD-104818,Humanscale Chair,Furniture,Chairs,300.85,8,0.1,28.53,33.6,Mary Lambert,Consumer,West,California,2023-03-23,2023-03-26
ORD-104819,Bush Coat Rack,Furniture,Furnishings,236.67,7,0.1,1.88,20.36,Lisa Graves,Corporate,East,Connecticut,2021-03-24,2021-03-29
ORD-104820,Fellowes Storage Case,Office Supplies,Storage,35.56,2,0.1,5.64,5.92,Dr. Darren Mcneil,Consumer,Central,Missouri,2023-02-17,2023-02-21
ORD-104821,Acco Staple Remover,Office Supplies,Supplies,98.46,1,0.2,6.22,31.75,Brandon Marsh,Home Office,Central,Ohio,2021-08-05,2021-08-08
ORD-104822,Brother Fax Machine,Technology,Machines,375.31,3,0.1,32.04,34.98,Tiffany Lloyd,Consumer,West,California,2021-04-06,2021-04-10
ORD-104823,Expo Dry Erase,Office Supplies,Art,106.06,5,0.0,23.18,6.95,Kevin Wagner,Consumer,West,Washington,2023-02-02,2023-02-04
ORD-104824,Expo Dry Erase,Office Supplies,Art,100.08,8,0.0,23.09,16.9,Stephen Reyes,Corporate,South,Tennessee,2023-03-02,2023-03-05
ORD-104825,Realspace Bookcase,Furniture,Bookcases,444.81,7,0.4,-82.8,20.84,Taylor Hall,Consumer,East,New Jersey,2021-08-13,2021-08-17
ORD-104826,Navigator Paper,Office Supplies,Paper,96.17,9,0.5,-10.01,26.02,Adam Page,Corporate,South,Mississippi,2023-06-21,2023-06-24
ORD-104827,Realspace Bookcase,Furniture,Bookcases,360.43,8,0.1,30.73,15.42,Deborah Warren,Consumer,West,Arizona,2023-10-30,2023-11-02
ORD-104828,Navigator Paper,Office Supplies,Paper,109.42,1,0.1,5.24,24.17,Jennifer Ellison,Corporate,East,New York,2021-02-09,2021-02-12
ORD-104829,Jabra Headset,Technology,Accessories,618.77,10,0.1,66.06,33.7,Carol Wilson,Corporate,West,Nevada,2022-04-30,2022-05-07
ORD-104830,Canon Printer,Technology,Machines,401.69,3,0.1,45.82,34.64,Timothy Ford,Consumer,East,Connecticut,2021-04-08,2021-04-11
ORD-104831,Epson Scanner,Technology,Machines,354.8,9,0.4,-45.64,29.24,Sheryl Wright,Home Office,Central,Michigan,2022-08-20,2022-08-25
ORD-104832,Memorex Tape,Office Supplies,Supplies,71.06,9,0.0,20.16,19.77,Michael Hughes,Consumer,South,North Carolina,2021-12-24,2021-12-27
ORD-104833,Xerox WorkCentre,Technology,Copiers,391.83,3,0.0,63.03,20.98,Patricia Hammond,Consumer,West,Nevada,2022-06-19,2022-06-21
ORD-104834,Avery Address Labels,Office Supplies,Labels,60.4,10,0.0,14.1,6.1,Alex Walker,Home Office,South,Alabama,2021-09-26,2021-09-29
ORD-104835,Samsung Galaxy S22,Technology,Phones,439.94,2,0.0,87.73,24.71,Theresa Estrada,Consumer,South,Georgia,2023-10-22,2023-10-29
ORD-104836,Dixon Ticonderoga Pencils,Office Supplies,Art,57.13,10,0.0,7.99,12.7,Leslie Powell,Home Office,Central,Missouri,2021-03-10,2021-03-12
ORD-104837,Acco Binder Clips,Office Supplies,Fasteners,110.02,3,0.4,-2.83,18.7,Jerry Curtis,Corporate,West,Nevada,2021-09-25,2021-09-30
ORD-104838,Anker Charger,Technology,Accessories,245.78,3,0.0,63.77,34.38,Hayden Garcia,Consumer,West,California,2021-02-27,2021-03-03
ORD-104839,BIC Cristal Pens,Office Supplies,Art,99.09,7,0.4,-9.94,22.83,Scott Gomez,Consumer,South,Alabama,2021-11-17,2021-11-21
ORD-104840,Google Pixel 7,Technology,Phones,346.39,10,0.2,-17.05,33.57,Jasmine Anderson,Corporate,West,Arizona,2023-11-17,2023-11-20
ORD-104841,Sharp MX,Technology,Copiers,568.04,10,0.2,-10.67,27.72,Leslie Powell,Consumer,Central,Minnesota,2023-09-01,2023-09-04
ORD-104842,Ibico MB,Office Supplies,Binders,65.05,10,0.2,7.13,13.76,Christopher Gibbs,Corporate,West,California,2021-07-24,2021-07-28
ORD-104843,Advantus Binder Clips,Office Supplies,Fasteners,29.74,10,0.3,-2.86,22.33,Dennis Mason,Corporate,Central,Michigan,2023-11-17,2023-11-20
ORD-104844,Ricoh Aficio,Technology,Copiers,407.1,3,0.0,79.25,37.21,Colton Lee,Consumer,West,Arizona,2021-04-22,2021-04-28
ORD-104845,Kraft Envelopes,Office Supplies,Envelopes,105.51,2,0.2,4.74,29.04,Stephanie Ramirez,Consumer,West,Washington,2022-11-27,2022-11-30
ORD-104846,Epson Scanner,Technology,Machines,814.86,1,0.1,72.2,27.86,Sandra Torres,Corporate,Central,Ohio,2022-01-14,2022-01-20
ORD-104847,Quartet Calendar,Office Supplies,Supplies,82.61,8,0.1,8.27,19.87,William West,Corporate,West,Washington,2021-09-29,2021-10-02
ORD-104848,HP Wireless Mouse,Technology,Accessories,429.83,8,0.2,21.81,19.67,Randy Terry,Consumer,East,Massachusetts,2023-06-28,2023-07-01
ORD-104849,Bestar Folding Table,Furniture,Tables,454.43,1,0.0,11.6,13.95,Patricia Hammond,Consumer,East,Massachusetts,2021-03-20,2021-03-23
ORD-104850,HP Wireless Mouse,Technology,Accessories,370.64,1,0.2,15.69,19.19,Cindy Parker,Consumer,East,Connecticut,2022-12-30,2023-01-02
ORD-104851,Prepac Bookcase,Furniture,Bookcases,380.45,6,0.2,-22.7,11.53,Erika Marshall,Consumer,West,Utah,2023-12-07,2023-12-10
ORD-104852,Sauder Bookcase,Furniture,Bookcases,375.09,9,0.2,-37.68,15.62,James Smith,Consumer,East,Maryland,2021-10-01,2021-10-03
ORD-104853,Mead Envelopes,Office Supplies,Envelopes,139.85,1,0.2,15.33,27.23,Colton Lee,Home Office,Central,Michigan,2022-05-12,2022-05-18
ORD-104854,Avery Flexi-View,Office Supplies,Binders,46.96,3,0.1,4.05,27.42,Abigail Berger,Consumer,Central,Minnesota,2022-06-23,2022-06-26
ORD-104855,Tyvek Mailer,Office Supplies,Envelopes,56.5,8,0.2,5.31,30.41,Michele Hess,Consumer,West,Colorado,2021-03-10,2021-03-14
ORD-104856,Ergon Chair,Furniture,Chairs,155.83,6,0.0,13.0,18.88,Rhonda Carter,Home Office,South,North Carolina,2021-08-01,2021-08-06
ORD-104857,Avery Flexi-View,Office Supplies,Binders,104.55,6,0.0,22.66,20.6,Randy Terry,Corporate,South,Alabama,2023-09-04,2023-09-11
ORD-104858,Zebra Label Printer,Technology,Machines,451.42,8,0.5,-123.37,32.68,Tiffany Lloyd,Consumer,West,Utah,2023-11-06,2023-11-10
ORD-104859,Konica Minolta,Technology,Copiers,505.18,6,0.1,35.03,26.81,Jessica Dodson,Consumer,East,Massachusetts,2022-08-24,2022-08-27
ORD-104860,Fellowes Storage Case,Office Supplies,Storage,79.61,5,0.0,18.46,30.51,Dustin Patterson,Home Office,West,Washington,2022-01-26,2022-01-29
ORD-104861,Xerox WorkCentre,Technology,Copiers,426.49,3,0.0,77.28,35.5,Katherine Parker,Consumer,East,Maryland,2022-10-21,2022-10-24
ORD-104862,Expo Dry Erase,Office Supplies,Art,65.98,5,0.0,13.53,26.36,James Wong,Consumer,West,California,2021-06-16,2021-06-20
ORD-104863,Sterilite Storage Box,Office Supplies,Storage,90.07,10,0.3,-7.99,28.08,Joseph Thomas,Consumer,South,Louisiana,2023-05-16,2023-05-20
ORD-104864,Lorell Glass Table,Furniture,Tables,254.5,2,0.0,30.38,14.81,April Howard,Home Office,West,Colorado,2022-05-04,2022-05-07
ORD-104865,HP LaserJet,Technology,Machines,205.61,1,0.4,-16.9,28.9,Amy Reyes,Home Office,West,Arizona,2021-11-13,2021-11-16
ORD-104866,Sharp MX,Technology,Copiers,613.14,10,0.0,72.19,19.36,Jeremiah Smith,Corporate,South,Louisiana,2023-05-30,2023-06-02
ORD-104867,Jabra Headset,Technology,Accessories,627.22,9,0.0,108.4,34.92,Matthew White,Home Office,South,Tennessee,2021-06-18,2021-06-19
ORD-104868,Humanscale Chair,Furniture,Chairs,360.22,6,0.0,27.08,33.52,Sheila Logan,Corporate,West,Nevada,2023-04-12,2023-04-17
ORD-104869,Apple iPhone 14,Technology,Phones,557.69,2,0.0,111.71,19.59,Matthew Molina,Home Office,West,Washington,2022-08-28,2022-09-03
ORD-104870,Expo Dry Erase,Office Supplies,Art,63.95,7,0.4,-10.12,14.43,Nicole Gomez,Consumer,East,Connecticut,2022-02-20,2022-02-23
ORD-104871,Avery File Folder Labels,Office Supplies,Labels,43.27,8,0.4,-3.92,5.07,Jennifer Wilson,Home Office,East,New York,2022-08-15,2022-08-17
ORD-104872,Acco Binder Clips,Office Supplies,Fasteners,108.32,9,0.4,-7.31,12.33,Mary Fernandez,Corporate,South,Florida,2023-06-18,2023-06-21
ORD-104873,Bush Coat Rack,Furniture,Furnishings,295.84,4,0.0,12.47,17.53,Frederick Moss,Home Office,West,California,2021-08-28,2021-08-31
ORD-104874,Ikea BEKANT Desk,Furniture,Tables,228.15,4,0.1,17.71,10.39,Antonio Yates,Consumer,South,North Carolina,2022-04-09,2022-04-12
ORD-104875,Lorell Mirror,Furniture,Furnishings,251.84,4,0.5,-73.75,11.56,Michael Aguilar,Corporate,West,Washington,2021-08-07,2021-08-10
ORD-104876,HP LaserJet,Technology,Machines,237.9,6,0.2,8.76,34.31,Krystal Arias,Home Office,South,Georgia,2023-12-20,2023-12-23
ORD-104877,Wilson Jones Binder,Office Supplies,Binders,75.35,10,0.0,20.52,29.99,Douglas Rodriguez,Consumer,Central,Texas,2021-05-20,2021-05-22
ORD-104878,Prepac Bookcase,Furniture,Bookcases,402.83,5,0.0,30.3,28.95,Alexandria Cowan,Consumer,South,Florida,2021-06-21,2021-06-26
ORD-104879,Apple iPhone 14,Technology,Phones,389.73,9,0.1,28.23,23.66,Frederick Moss,Corporate,West,California,2021-07-25,2021-07-28
ORD-104880,Sterilite Storage Box,Office Supplies,Storage,44.58,1,0.0,7.9,14.89,Amanda Garcia,Consumer,Central,Texas,2023-07-15,2023-07-17
ORD-104881,Hon 4070 Chair,Furniture,Chairs,333.79,6,0.0,38.81,19.05,Lori West,Consumer,East,Connecticut,2023-09-21,2023-09-25
ORD-104882,Rubbermaid Tote,Office Supplies,Storage,94.75,5,0.0,19.42,7.45,Taylor Howard,Corporate,West,Washington,2022-11-10,2022-11-14
ORD-104883,Deflect-o Stackable,Office Supplies,Storage,119.86,7,0.3,-2.02,27.95,Jamie Pierce,Corporate,West,Arizona,2021-07-01,2021-07-02
ORD-104884,Stanley Staple Gun,Office Supplies,Fasteners,112.5,9,0.5,-30.23,32.01,Ronald Ingram,Corporate,South,Georgia,2023-08-12,2023-08-19
ORD-104885,Kraft Envelopes,Office Supplies,Envelopes,55.52,5,0.1,8.56,4.74,Anthony Conley,Corporate,South,North Carolina,2022-01-20,2022-01-26
ORD-104886,Quartet Calendar,Office Supplies,Supplies,44.41,6,0.0,9.3,18.63,Kimberly Cooper,Home Office,West,Nevada,2022-09-20,2022-09-24
ORD-104887,Bestar Folding Table,Furniture,Tables,273.75,6,0.0,49.1,32.02,Christopher Thompson,Corporate,South,Mississippi,2023-08-01,2023-08-06
ORD-104888,Belkin USB Hub,Technology,Accessories,474.0,7,0.0,89.25,25.51,Travis Santiago,Consumer,West,Utah,2022-03-03,2022-03-06
ORD-104889,Epson Scanner,Technology,Machines,543.92,1,0.0,107.93,27.24,Gabriel Marshall,Consumer,East,Connecticut,2021-03-03,2021-03-06
ORD-104890,Motorola Edge,Technology,Phones,336.77,1,0.1,51.72,11.18,Dustin Patterson,Consumer,Central,Texas,2021-03-31,2021-04-05
ORD-104891,Xerox WorkCentre,Technology,Copiers,232.44,7,0.1,27.0,25.66,Crystal Williams DVM,Corporate,East,Maryland,2022-05-10,2022-05-15
ORD-104892,Bush Furniture Bookcase,Furniture,Bookcases,124.29,8,0.0,13.7,14.98,David Martinez,Consumer,West,Oregon,2023-03-15,2023-03-18
ORD-104893,IKEA KALLAX,Furniture,Bookcases,333.16,6,0.0,61.24,25.94,Alex Walker,Consumer,West,Arizona,2022-11-19,2022-11-22
ORD-104894,Konica Minolta,Technology,Copiers,159.6,3,0.0,23.93,16.6,Christina Hoffman,Consumer,Central,Minnesota,2021-10-27,2021-11-01
ORD-104895,Steelcase Leap,Furniture,Chairs,408.72,1,0.2,-17.67,30.09,Daniel Abbott,Corporate,South,Florida,2022-12-29,2022-12-31
ORD-104896,Ikea BEKANT Desk,Furniture,Tables,331.64,9,0.0,17.31,35.7,Hayden Garcia,Consumer,West,Oregon,2022-10-14,2022-10-17
ORD-104897,Google Pixel 7,Technology,Phones,315.47,8,0.0,76.42,17.34,Kayla Elliott,Consumer,Central,Wisconsin,2023-02-08,2023-02-10
ORD-104898,Avery Address Labels,Office Supplies,Labels,88.35,9,0.0,21.1,28.59,Carmen Fowler,Home Office,South,North Carolina,2023-09-17,2023-09-24
ORD-104899,Bush Coat Rack,Furniture,Furnishings,296.18,10,0.1,-11.6,26.08,Connie Rios,Corporate,East,New Jersey,2023-06-02,2023-06-09
ORD-104900,Mead Envelopes,Office Supplies,Envelopes,119.88,3,0.4,-8.97,19.55,Drew Salazar,Corporate,East,New Jersey,2022-05-17,2022-05-21
ORD-104901,Ergon Chair,Furniture,Chairs,586.68,7,0.0,28.88,39.84,Jennifer Moyer,Consumer,East,Massachusetts,2022-02-13,2022-02-16
ORD-104902,Hon 4070 Chair,Furniture,Chairs,408.71,2,0.1,-18.63,22.01,Lisa Graves,Home Office,South,North Carolina,2022-12-12,2022-12-18
ORD-104903,Apple iPhone 14,Technology,Phones,435.18,3,0.1,64.77,36.11,Abigail Berger,Corporate,South,Florida,2023-02-20,2023-02-25
ORD-104904,Avery Address Labels,Office Supplies,Labels,23.69,3,0.0,4.97,4.79,Travis Santiago,Consumer,Central,Missouri,2021-06-12,2021-06-16
ORD-104905,Lorell Mirror,Furniture,Furnishings,242.41,3,0.3,-42.45,31.51,Cindy Parker,Consumer,East,New Jersey,2021-05-22,2021-05-27
ORD-104906,OIC Binder Clips,Office Supplies,Fasteners,102.33,4,0.0,28.25,24.12,Jennifer Montgomery,Corporate,East,Connecticut,2021-09-14,2021-09-18
ORD-104907,Avery File Folder Labels,Office Supplies,Labels,85.74,2,0.4,-7.69,11.2,Keith Lewis,Consumer,Central,Michigan,2021-03-07,2021-03-13
ORD-104908,HP LaserJet,Technology,Machines,428.29,4,0.5,-94.19,35.2,Michele Hess,Consumer,East,New Jersey,2021-03-15,2021-03-20
ORD-104909,HP Office Paper,Office Supplies,Paper,55.14,2,0.1,10.78,14.53,Aaron Little,Corporate,South,Georgia,2023-06-26,2023-06-28
ORD-104910,AT-A-GLANCE Planner,Office Supplies,Supplies,99.45,5,0.4,-7.98,14.75,Jonathan Baker,Consumer,West,Oregon,2023-07-21,2023-07-26
ORD-104911,Samsung Galaxy S22,Technology,Phones,280.96,10,0.1,21.64,13.83,Eric Chandler,Home Office,Central,Ohio,2022-01-24,2022-01-26
ORD-104912,HP Office Paper,Office Supplies,Paper,84.36,5,0.3,-8.16,17.72,Robert Foster,Consumer,Central,Wisconsin,2021-07-31,2021-08-03
ORD-104913,Staples Standard Staples,Office Supplies,Fasteners,35.98,2,0.0,6.83,12.71,Nathan Jennings,Corporate,South,Alabama,2023-02-27,2023-03-03
ORD-104914,Google Pixel 7,Technology,Phones,493.6,9,0.3,-45.74,32.57,Joseph Smith,Consumer,West,Utah,2022-04-25,2022-04-30
ORD-104915,Prepac Bookcase,Furniture,Bookcases,187.74,8,0.2,-18.91,33.2,Kaitlin Young,Consumer,Central,Illinois,2022-12-12,2022-12-16
ORD-104916,Humanscale Chair,Furniture,Chairs,255.36,3,0.1,0.59,13.29,Ronald Ingram,Consumer,South,Mississippi,2021-01-12,2021-01-14
ORD-104917,Nokia 5310,Technology,Phones,756.48,3,0.0,176.06,40.66,Rebecca Rubio,Consumer,East,Massachusetts,2022-08-05,2022-08-08
ORD-104918,Epson Scanner,Technology,Machines,573.96,1,0.2,45.02,28.49,Leslie Powell,Corporate,West,Utah,2022-01-29,2022-01-30
ORD-104919,Jiffy Mailer,Office Supplies,Envelopes,58.04,6,0.0,9.22,11.13,Samantha Hendrix,Consumer,West,Utah,2021-12-09,2021-12-12
ORD-104920,Bush Coat Rack,Furniture,Furnishings,177.18,4,0.0,29.54,11.52,Cindy Parker,Consumer,West,Washington,2023-07-24,2023-07-26
ORD-104921,Bush Coat Rack,Furniture,Furnishings,244.34,8,0.4,-69.04,13.82,Ashley Johnson,Consumer,East,Pennsylvania,2022-01-08,2022-01-11
ORD-104922,Lorell Mirror,Furniture,Furnishings,258.28,3,0.5,-80.57,32.67,Jessica Chapman,Consumer,Central,Texas,2023-09-04,2023-09-09
ORD-104923,Belkin USB Hub,Technology,Accessories,452.95,4,0.0,87.21,34.4,Jennifer Wilson,Home Office,Central,Texas,2021-03-10,2021-03-14
ORD-104924,Bush Furniture Bookcase,Furniture,Bookcases,210.62,3,0.0,28.28,25.12,Anthony Conley,Consumer,Central,Missouri,2023-09-08,2023-09-12
ORD-104925,Konica Minolta,Technology,Copiers,307.73,6,0.1,28.37,28.88,Jason Clark,Corporate,Central,Wisconsin,2023-04-23,2023-04-26
ORD-104926,AT-A-GLANCE Planner,Office Supplies,Supplies,111.98,5,0.0,21.04,13.75,Michelle Bell,Corporate,Central,Missouri,2022-09-15,2022-09-19
ORD-104927,Konica Minolta,Technology,Copiers,318.9,10,0.0,66.84,33.36,David Barrett,Consumer,South,Georgia,2022-10-19,2022-10-22
ORD-104928,Sterilite Storage Box,Office Supplies,Storage,62.55,5,0.0,12.56,18.08,William Clark,Consumer,South,Tennessee,2022-03-05,2022-03-07
ORD-104929,Canon Printer,Technology,Machines,498.92,8,0.0,141.05,22.6,David Martinez,Consumer,South,Alabama,2021-03-13,2021-03-17
ORD-104930,Canon Printer,Technology,Machines,506.86,7,0.0,103.21,39.52,Alex Walker,Corporate,South,North Carolina,2022-06-15,2022-06-19
ORD-104931,Stanley Staple Gun,Office Supplies,Fasteners,106.99,6,0.0,17.8,19.0,Joseph Lopez,Consumer,East,Massachusetts,2023-05-19,2023-05-22
ORD-104932,Bestar Folding Table,Furniture,Tables,323.87,6,0.0,31.9,28.17,Mary Meza,Corporate,Central,Wisconsin,2022-06-18,2022-06-24
ORD-104933,Avery Address Labels,Office Supplies,Labels,100.29,10,0.1,14.62,16.03,Jessica Dodson,Consumer,Central,Michigan,2021-11-11,2021-11-13
ORD-104934,Safco Round Table,Furniture,Tables,355.56,5,0.0,30.02,20.42,Rebecca Rubio,Corporate,West,Washington,2023-01-16,2023-01-20
ORD-104935,Avery Shipping Labels,Office Supplies,Labels,91.88,5,0.2,-0.13,10.88,Jermaine Wolf,Corporate,West,Oregon,2023-02-27,2023-03-03
ORD-104936,Staedtler Pens,Office Supplies,Art,79.76,2,0.2,10.33,23.18,Nathaniel Wade,Home Office,East,Connecticut,2023-08-28,2023-09-03
ORD-104937,OIC Binder Clips,Office Supplies,Fasteners,100.2,4,0.0,21.94,17.36,Alison Taylor,Corporate,South,Mississippi,2023-11-21,2023-11-24
ORD-104938,Epson Scanner,Technology,Machines,713.38,7,0.3,-91.34,30.72,Edward Clark,Corporate,East,Maryland,2023-12-26,2023-12-28
ORD-104939,Hammermill Copy Paper,Office Supplies,Paper,54.5,8,0.0,16.66,26.19,Theresa Estrada,Corporate,Central,Texas,2021-06-18,2021-06-22
ORD-104940,Nokia 5310,Technology,Phones,417.35,6,0.2,3.28,14.62,Rodney Bentley,Home Office,Central,Wisconsin,2022-12-20,2022-12-25
ORD-104941,Xerox WorkCentre,Technology,Copiers,218.13,5,0.0,44.15,17.03,Sheryl Wright,Consumer,Central,Texas,2021-09-08,2021-09-14
ORD-104942,Prepac Bookcase,Furniture,Bookcases,375.34,2,0.0,16.99,16.88,Suzanne West,Consumer,West,Colorado,2021-12-10,2021-12-15
ORD-104943,Nokia 5310,Technology,Phones,387.56,3,0.0,63.26,11.74,Stephen Reyes,Consumer,East,New York,2023-07-17,2023-07-21
ORD-104944,Jiffy Mailer,Office Supplies,Envelopes,98.19,2,0.2,0.4,6.38,April Howard,Consumer,South,Georgia,2021-09-04,2021-09-09
ORD-104945,Eldon Shelf,Furniture,Furnishings,460.23,6,0.3,-43.36,24.33,Deborah Allen,Corporate,Central,Wisconsin,2021-05-27,2021-05-28
ORD-104946,Humanscale Chair,Furniture,Chairs,266.42,3,0.0,23.76,18.05,Jeremy Cervantes,Corporate,Central,Texas,2021-02-07,2021-02-14
ORD-104947,Lorell Mirror,Furniture,Furnishings,293.63,5,0.5,-99.52,34.55,Scott Gomez,Corporate,East,Connecticut,2023-10-23,2023-10-26
ORD-104948,Belkin USB Hub,Technology,Accessories,339.05,10,0.4,-52.05,15.3,Michelle Hansen MD,Consumer,Central,Minnesota,2022-08-02,2022-08-04
ORD-104949,Advantus Ring Binder,Furniture,Furnishings,503.54,4,0.0,74.19,16.06,Michael Smith,Consumer,West,Oregon,2023-10-21,2023-10-22
ORD-104950,Steelcase Leap,Furniture,Chairs,422.16,3,0.3,-51.29,25.13,Matthew Compton,Home Office,South,Florida,2023-11-28,2023-12-03
ORD-104951,Memorex Tape,Office Supplies,Supplies,54.25,2,0.0,11.82,19.57,Robert Foster,Consumer,East,Connecticut,2023-10-16,2023-10-20
ORD-104952,Tyvek Mailer,Office Supplies,Envelopes,121.06,9,0.0,19.02,30.21,Mary Meza,Consumer,East,New York,2022-07-27,2022-07-31
ORD-104953,Staples Standard Envelopes,Office Supplies,Envelopes,110.37,4,0.2,19.44,6.32,Douglas Rodriguez,Corporate,West,Oregon,2023-04-28,2023-05-01
ORD-104954,Avery File Folder Labels,Office Supplies,Labels,123.98,7,0.5,-13.55,22.55,Jerry Curtis,Consumer,South,Louisiana,2023-03-12,2023-03-18
ORD-104955,Staples Standard Staples,Office Supplies,Fasteners,96.99,8,0.2,10.51,5.17,Alyssa Cook,Consumer,West,Utah,2023-06-17,2023-06-22
ORD-104956,Rubbermaid Cabinet,Furniture,Furnishings,223.86,2,0.2,-4.52,8.54,Kayla Nichols,Consumer,East,Massachusetts,2022-03-24,2022-03-27
ORD-104957,Realspace Bookcase,Furniture,Bookcases,388.53,7,0.0,44.48,29.83,Susan Lawson,Corporate,South,Georgia,2023-04-28,2023-05-01
ORD-104958,Dixon Ticonderoga Pencils,Office Supplies,Art,132.11,3,0.0,25.51,11.88,Patrick Dixon,Consumer,West,Utah,2021-08-21,2021-08-24
ORD-104959,Bush Coat Rack,Furniture,Furnishings,287.55,3,0.0,30.13,17.8,Deborah Warren,Corporate,West,Nevada,2022-01-16,2022-01-22
ORD-104960,Hon 10500 Table,Furniture,Tables,186.45,2,0.0,20.76,10.23,Brandon Morse,Corporate,South,Louisiana,2023-07-06,2023-07-11
ORD-104961,Cardinal Binder,Office Supplies,Binders,34.99,6,0.4,-1.67,27.52,Theresa Brown,Consumer,West,Nevada,2021-09-23,2021-09-27
ORD-104962,Staples Copy Paper,Office Supplies,Paper,91.49,4,0.2,3.11,19.37,Jennifer Wright,Corporate,Central,Minnesota,2021-01-15,2021-01-19
ORD-104963,Rubbermaid Cabinet,Furniture,Furnishings,209.88,9,0.0,18.53,13.64,Matthew Compton,Home Office,West,Arizona,2022-02-07,2022-02-12
ORD-104964,Avery File Folder Labels,Office Supplies,Labels,112.02,8,0.2,9.79,27.75,Donna Jones,Consumer,West,Utah,2021-01-29,2021-02-02
ORD-104965,Sauder Bookcase,Furniture,Bookcases,225.34,10,0.0,13.0,17.36,Mark Hansen,Corporate,Central,Michigan,2022-02-11,2022-02-17
ORD-104966,Mead Envelopes,Office Supplies,Envelopes,111.02,1,0.0,20.41,31.02,Katherine Evans,Consumer,East,Connecticut,2023-05-12,2023-05-14
ORD-104967,Belkin USB Hub,Technology,Accessories,419.59,9,0.1,44.56,36.0,Travis Allen,Corporate,West,California,2022-08-14,2022-08-18
ORD-104968,Bestar Folding Table,Furniture,Tables,347.45,9,0.1,21.86,23.93,Isaac Riley DVM,Home Office,East,New York,2022-12-04,2022-12-08
ORD-104969,Bestar Folding Table,Furniture,Tables,158.44,5,0.5,-62.67,18.04,Carrie Owens,Home Office,West,Colorado,2021-06-03,2021-06-09
ORD-104970,Epson Scanner,Technology,Machines,319.21,4,0.0,86.21,34.77,Matthew Wright,Corporate,East,New York,2022-05-01,2022-05-06
ORD-104971,Brother Fax Machine,Technology,Machines,733.55,8,0.1,140.52,32.49,Deborah Warren,Corporate,Central,Minnesota,2022-05-28,2022-05-30
ORD-104972,HP Wireless Mouse,Technology,Accessories,379.12,2,0.0,34.46,12.36,Nathan Jennings,Corporate,West,Arizona,2023-09-01,2023-09-05
ORD-104973,Hon 4070 Chair,Furniture,Chairs,28.84,10,0.2,-2.62,8.3,Sheryl Wright,Consumer,Central,Wisconsin,2023-06-19,2023-06-25
ORD-104974,Xerox Multi-Use Paper,Office Supplies,Paper,83.66,10,0.2,10.46,10.16,Taylor Howard,Consumer,Central,Texas,2022-05-07,2022-05-13
ORD-104975,Eldon Mobile,Office Supplies,Storage,117.77,8,0.3,-1.02,17.99,Steven Davis,Home Office,Central,Ohio,2021-04-25,2021-05-01
ORD-104976,Sterilite Storage Box,Office Supplies,Storage,61.52,3,0.1,5.66,15.49,Abigail Berger,Corporate,South,Tennessee,2023-06-04,2023-06-09
ORD-104977,Fiskars Scissors,Office Supplies,Supplies,98.13,2,0.0,25.01,5.75,Joseph Thomas,Home Office,East,New York,2021-02-10,2021-02-13
ORD-104978,Bestar Folding Table,Furniture,Tables,357.03,8,0.1,-11.33,14.49,Thomas Gutierrez,Consumer,East,Massachusetts,2021-11-04,2021-11-07
ORD-104979,Lorell Glass Table,Furniture,Tables,388.08,1,0.3,-46.07,18.17,Cheryl Banks,Consumer,East,New York,2022-10-28,2022-11-02
ORD-104980,HP LaserJet,Technology,Machines,238.69,1,0.4,-42.78,11.17,Tiffany Lloyd,Home Office,Central,Wisconsin,2021-02-19,2021-02-22
ORD-104981,Ergon Chair,Furniture,Chairs,392.62,6,0.4,-90.98,21.29,Joseph Smith,Corporate,South,Alabama,2021-04-12,2021-04-17
ORD-104982,Acco Binder Clips,Office Supplies,Fasteners,140.85,6,0.1,23.25,7.29,Dana Williams,Consumer,East,Pennsylvania,2021-11-26,2021-11-28
ORD-104983,Jabra Headset,Technology,Accessories,332.14,4,0.0,59.62,13.41,Samantha Hendrix,Consumer,South,Florida,2021-12-25,2021-12-29
ORD-104984,Rubbermaid Tote,Office Supplies,Storage,92.03,8,0.4,-12.55,28.98,Donald Morales,Corporate,South,North Carolina,2022-11-09,2022-11-14
ORD-104985,Eldon Shelf,Furniture,Furnishings,200.49,4,0.0,27.08,14.56,Drew Salazar,Consumer,Central,Illinois,2023-12-24,2023-12-27
ORD-104986,Anker Charger,Technology,Accessories,545.24,7,0.2,27.37,33.44,Theresa Brown,Consumer,Central,Wisconsin,2022-09-16,2022-09-20
ORD-104987,Samsung Galaxy S22,Technology,Phones,652.45,9,0.3,-56.82,29.57,Carla Chen,Corporate,East,Maryland,2022-02-06,2022-02-13
ORD-104988,3M Post-it Flags,Office Supplies,Labels,143.58,10,0.0,25.12,31.55,Sandra Dean,Home Office,East,Virginia,2023-01-08,2023-01-12
ORD-104989,Prepac Bookcase,Furniture,Bookcases,188.48,4,0.1,-12.82,12.06,Michele Hess,Corporate,East,Connecticut,2021-03-10,2021-03-14
ORD-104990,Avery Shipping Labels,Office Supplies,Labels,75.73,6,0.1,8.69,19.4,Ryan Vasquez,Home Office,South,Louisiana,2022-03-14,2022-03-16
ORD-104991,Navigator Paper,Office Supplies,Paper,106.83,8,0.5,-17.93,23.34,Rebecca Rubio,Consumer,East,New Jersey,2021-05-02,2021-05-07
ORD-104992,Bestar Folding Table,Furniture,Tables,166.84,4,0.2,-13.29,30.05,Lisa Graves,Consumer,Central,Michigan,2021-11-10,2021-11-13
ORD-104993,Logitech Keyboard,Technology,Accessories,350.57,10,0.4,-80.21,35.09,Michael Aguilar,Consumer,East,Maryland,2021-07-23,2021-07-26
ORD-104994,Eldon Shelf,Furniture,Furnishings,192.29,9,0.2,-18.95,26.63,Antonio Yates,Consumer,South,Louisiana,2022-07-17,2022-07-18
ORD-104995,Safco Round Table,Furniture,Tables,482.04,6,0.0,52.82,33.19,David Marshall,Consumer,South,Georgia,2021-08-13,2021-08-18
ORD-104996,Humanscale Chair,Furniture,Chairs,389.46,7,0.0,9.76,15.78,Lisa Graves,Home Office,Central,Texas,2023-08-09,2023-08-14
ORD-104997,Apple iPhone 14,Technology,Phones,601.07,6,0.3,3.04,17.28,Alex Walker,Corporate,West,Oregon,2021-11-21,2021-11-24
ORD-104998,Dixon Ticonderoga Pencils,Office Supplies,Art,26.05,10,0.1,2.73,30.0,Brian Williams,Consumer,South,Louisiana,2022-04-12,2022-04-15
ORD-104999,Bush Furniture Bookcase,Furniture,Bookcases,369.49,1,0.2,-10.26,14.71,Jason Harrison,Consumer,West,Oregon,2023-09-27,2023-10-04
